{"stats":{"minecraft:used":{"minecraft:moss_block":1,"minecraft:iron_shovel":255,"minecraft:ladder":4,"minecraft:chest":12,"minecraft:shield":47,"minecraft:iron_sword":259,"minecraft:bell":2,"minecraft:rotten_flesh":27,"minecraft:iron_chestplate":1,"minecraft:soul_sand":1,"minecraft:jungle_planks":95,"minecraft:nether_bricks":15,"minecraft:tuff":85,"minecraft:obsidian":1,"minecraft:jungle_sapling":19,"minecraft:lava_bucket":10,"minecraft:jungle_fence_gate":1,"minecraft:bow":409,"minecraft:furnace":12,"minecraft:cooked_cod":2,"minecraft:potato":4,"minecraft:diamond_boots":1,"minecraft:oak_planks":288,"minecraft:stone_pickaxe":162,"minecraft:ender_pearl":1,"minecraft:jungle_fence":2,"minecraft:blackstone":5,"minecraft:wooden_pickaxe":31,"minecraft:leather_chestplate":1,"minecraft:composter":1,"minecraft:diamond_axe":622,"minecraft:jungle_boat":7,"minecraft:golden_apple":2,"minecraft:glow_berries":2,"minecraft:blast_furnace":4,"minecraft:crossbow":1,"minecraft:crying_obsidian":1,"minecraft:melon_slice":3,"minecraft:bread":44,"minecraft:gravel":55,"minecraft:golden_helmet":1,"minecraft:diamond_sword":164,"minecraft:wooden_sword":8,"minecraft:grindstone":1,"minecraft:smithing_table":1,"minecraft:andesite":39,"minecraft:bone_meal":20,"minecraft:oak_trapdoor":6,"minecraft:enchanting_table":1,"minecraft:jungle_leaves":1,"minecraft:cooked_salmon":2,"minecraft:cooked_chicken":4,"minecraft:stone_hoe":85,"minecraft:netherrack":30,"minecraft:brewing_stand":1,"minecraft:dirt":230,"minecraft:anvil":1,"minecraft:chainmail_chestplate":1,"minecraft:diamond_helmet":2,"minecraft:nether_brick_slab":6,"minecraft:bee_nest":1,"minecraft:granite":15,"minecraft:bookshelf":12,"minecraft:iron_axe":3,"minecraft:jungle_log":8,"minecraft:iron_boots":1,"minecraft:totem_of_undying":5,"minecraft:bamboo":4,"minecraft:diamond_chestplate":3,"minecraft:basalt":1,"minecraft:beef":6,"minecraft:soul_soil":9,"minecraft:cooked_beef":46,"minecraft:cobbled_deepslate":179,"minecraft:cooked_mutton":14,"minecraft:water_bucket":42,"minecraft:baked_potato":7,"minecraft:fletching_table":22,"minecraft:polished_blackstone_bricks":5,"minecraft:gilded_blackstone":6,"minecraft:crafting_table":20,"minecraft:white_bed":32,"minecraft:ender_eye":1,"minecraft:apple":17,"minecraft:cracked_polished_blackstone_bricks":5,"minecraft:iron_pickaxe":665,"minecraft:suspicious_stew":4,"minecraft:stone_axe":110,"minecraft:cobblestone":221,"minecraft:potion":2,"minecraft:porkchop":5,"minecraft:cooked_porkchop":9,"minecraft:jungle_door":14,"minecraft:bucket":54,"minecraft:yellow_bed":30,"minecraft:diamond_leggings":4,"minecraft:chainmail_leggings":2},"minecraft:broken":{"minecraft:iron_shovel":1,"minecraft:golden_boots":1,"minecraft:diamond_helmet":1,"minecraft:stone_pickaxe":1,"minecraft:shield":1,"minecraft:iron_axe":1,"minecraft:iron_pickaxe":1},"minecraft:killed":{"minecraft:witch":5,"minecraft:zombified_piglin":1,"minecraft:spider":2,"minecraft:skeleton":10,"minecraft:chicken":19,"minecraft:axolotl":1,"minecraft:magma_cube":1,"minecraft:piglin":11,"minecraft:pig":8,"minecraft:zombie_villager":1,"minecraft:iron_golem":4,"minecraft:creeper":5,"minecraft:sheep":24,"minecraft:trader_llama":3,"minecraft:pillager":19,"minecraft:donkey":2,"minecraft:zombie":16,"minecraft:ghast":1,"minecraft:blaze":26,"minecraft:cow":30,"minecraft:evoker":6,"minecraft:vex":17,"minecraft:vindicator":13,"minecraft:horse":1,"minecraft:drowned":1,"minecraft:bat":1,"minecraft:wandering_trader":1,"minecraft:ravager":3,"minecraft:hoglin":1,"minecraft:wither_skeleton":2,"minecraft:enderman":2},"minecraft:mined":{"minecraft:white_bed":19,"minecraft:cobblestone_stairs":8,"minecraft:jungle_leaves":90,"minecraft:cave_vines_plant":22,"minecraft:granite":21,"minecraft:grass_block":111,"minecraft:jungle_log":352,"minecraft:soul_soil":16,"minecraft:composter":4,"minecraft:nether_wart":8,"minecraft:polished_blackstone_bricks":7,"minecraft:raw_iron_block":2,"minecraft:iron_ore":92,"minecraft:fire":23,"minecraft:cobbled_deepslate":9,"minecraft:moss_carpet":1,"minecraft:fletching_table":12,"minecraft:pointed_dripstone":3,"minecraft:cave_vines":36,"minecraft:dirt_path":9,"minecraft:water_cauldron":4,"minecraft:azalea":1,"minecraft:jungle_door":10,"minecraft:blackstone":1,"minecraft:soul_fire":7,"minecraft:clay":14,"minecraft:blast_furnace":4,"minecraft:calcite":5,"minecraft:melon":1,"minecraft:chest":2,"minecraft:nether_quartz_ore":2,"minecraft:cobblestone":28,"minecraft:oak_planks":4,"minecraft:sugar_cane":8,"minecraft:grindstone":1,"minecraft:wall_torch":1,"minecraft:amethyst_block":4,"minecraft:yellow_wool":1,"minecraft:wheat":1,"minecraft:oak_log":138,"minecraft:dirt":199,"minecraft:smooth_basalt":1,"minecraft:stonecutter":1,"minecraft:netherrack":11,"minecraft:oak_leaves":7,"minecraft:deepslate":61,"minecraft:tuff":40,"minecraft:deepslate_diamond_ore":9,"minecraft:nether_bricks":11,"minecraft:ladder":4,"minecraft:jungle_planks":5,"minecraft:moss_block":15,"minecraft:cartography_table":1,"minecraft:hay_block":87,"minecraft:spore_blossom":1,"minecraft:oak_trapdoor":2,"minecraft:furnace":7,"minecraft:jungle_sapling":2,"minecraft:andesite":30,"minecraft:gold_block":17,"minecraft:bell":3,"minecraft:bookshelf":12,"minecraft:vine":69,"minecraft:deepslate_iron_ore":53,"minecraft:bamboo":74,"minecraft:stone":234,"minecraft:oak_slab":1,"minecraft:flowering_azalea":1,"minecraft:soul_sand":8,"minecraft:basalt":2,"minecraft:crafting_table":7,"minecraft:short_grass":84,"minecraft:lectern":3,"minecraft:tall_grass":19,"minecraft:birch_leaves":2,"minecraft:bee_nest":1,"minecraft:yellow_bed":23,"minecraft:coal_ore":65,"minecraft:gravel":76,"minecraft:dripstone_block":1,"minecraft:fern":6},"minecraft:picked_up":{"minecraft:iron_chestplate":1,"minecraft:wheat":14,"minecraft:chainmail_boots":3,"minecraft:anvil":1,"minecraft:lead":2,"minecraft:diamond_sword":1,"minecraft:potion":14,"minecraft:gilded_blackstone":8,"minecraft:nether_brick":73,"minecraft:brewing_stand":1,"minecraft:golden_sword":2,"minecraft:amethyst_block":4,"minecraft:string":49,"minecraft:soul_soil":21,"minecraft:raw_copper":13,"minecraft:cooked_salmon":4,"minecraft:iron_leggings":3,"minecraft:pufferfish":1,"minecraft:beetroot":4,"minecraft:diamond_leggings":6,"minecraft:gold_nugget":10,"minecraft:cobbled_deepslate":165,"minecraft:calcite":5,"minecraft:ender_eye":2,"minecraft:azalea":1,"minecraft:iron_pickaxe":5,"minecraft:melon_slice":5,"minecraft:iron_boots":10,"minecraft:furnace":11,"minecraft:tipped_arrow":1,"minecraft:golden_helmet":1,"minecraft:stick":1402,"minecraft:jungle_door":11,"minecraft:composter":5,"minecraft:oak_fence":2,"minecraft:torch":10,"minecraft:porkchop":26,"minecraft:golden_axe":3,"minecraft:pointed_dripstone":2,"minecraft:golden_chestplate":1,"minecraft:cauldron":4,"minecraft:rotten_flesh":81,"minecraft:blaze_rod":44,"minecraft:obsidian":39,"minecraft:cobblestone":423,"minecraft:enchanting_table":1,"minecraft:birch_log":113,"minecraft:leather_chestplate":1,"minecraft:feather":19,"minecraft:cooked_beef":63,"minecraft:andesite":56,"minecraft:water_bucket":5,"minecraft:jungle_log":2286,"minecraft:brown_wool":1,"minecraft:smoker":1,"minecraft:potato":17,"minecraft:flint":12,"minecraft:tuff":82,"minecraft:lapis_lazuli":181,"minecraft:dirt":756,"minecraft:bone":23,"minecraft:bow":9,"minecraft:stonecutter":1,"minecraft:wheat_seeds":54,"minecraft:raw_gold":15,"minecraft:bell":2,"minecraft:fletching_table":18,"minecraft:diamond_helmet":5,"minecraft:glowstone_dust":6,"minecraft:bamboo":395,"minecraft:moss_block":11,"minecraft:stone_hoe":1,"minecraft:oak_planks":117,"minecraft:cooked_porkchop":3,"minecraft:sand":81,"minecraft:jungle_planks":232,"minecraft:grass_block":1,"minecraft:spectral_arrow":510,"minecraft:jungle_leaves":29,"minecraft:sugar":4,"minecraft:diamond":15,"minecraft:cracked_polished_blackstone_bricks":5,"minecraft:crossbow":3,"minecraft:granite":31,"minecraft:bone_meal":10,"minecraft:golden_apple":6,"minecraft:chainmail_helmet":3,"minecraft:emerald":129,"minecraft:bread":67,"minecraft:oak_sapling":2,"minecraft:netherrack":44,"minecraft:oak_leaves":6,"minecraft:bee_nest":1,"minecraft:crafting_table":11,"minecraft:chicken":19,"minecraft:splash_potion":3,"minecraft:ladder":4,"minecraft:nether_wart":24,"minecraft:clay_ball":156,"minecraft:wooden_pickaxe":1,"minecraft:gold_block":43,"minecraft:chain":3,"minecraft:shield":10,"minecraft:jungle_trapdoor":1,"minecraft:oak_trapdoor":2,"minecraft:moss_carpet":2,"minecraft:iron_axe":1,"minecraft:wooden_sword":1,"minecraft:flint_and_steel":3,"minecraft:blackstone":315,"minecraft:cartography_table":1,"minecraft:beef":69,"minecraft:oak_boat":1,"minecraft:jungle_sapling":29,"minecraft:iron_nugget":227,"minecraft:poppy":11,"minecraft:lectern":3,"minecraft:sugar_cane":20,"minecraft:chest":4,"minecraft:egg":3,"minecraft:raw_iron":219,"minecraft:bowl":2,"minecraft:fire_charge":32,"minecraft:polished_blackstone_bricks":19,"minecraft:redstone":24,"minecraft:tnt":4,"minecraft:arrow":266,"minecraft:diamond_chestplate":6,"minecraft:beetroot_seeds":4,"minecraft:nether_bricks":18,"minecraft:diamond_boots":5,"minecraft:hay_block":87,"minecraft:saddle":9,"minecraft:gold_ingot":386,"minecraft:totem_of_undying":13,"minecraft:glow_berries":12,"minecraft:mutton":34,"minecraft:bone_block":65,"minecraft:white_wool":23,"minecraft:jungle_boat":9,"minecraft:basalt":2,"minecraft:leather":172,"minecraft:filled_map":2,"minecraft:oak_log":636,"minecraft:golden_boots":4,"minecraft:yellow_bed":30,"minecraft:gunpowder":20,"minecraft:cobblestone_stairs":7,"minecraft:paper":51,"minecraft:white_banner":9,"minecraft:cooked_mutton":4,"minecraft:coast_armor_trim_smithing_template":8,"minecraft:apple":5,"minecraft:spore_blossom":1,"minecraft:heart_of_the_sea":1,"minecraft:iron_ingot":393,"minecraft:stone_pickaxe":3,"minecraft:cooked_chicken":6,"minecraft:glass_bottle":8,"minecraft:iron_sword":3,"minecraft:soul_sand":109,"minecraft:book":51,"minecraft:smooth_basalt":1,"minecraft:bamboo_planks":6,"minecraft:quartz":122,"minecraft:dandelion":2,"minecraft:raw_iron_block":2,"minecraft:gravel":378,"minecraft:lava_bucket":1,"minecraft:blast_furnace":4,"minecraft:white_bed":30,"minecraft:crying_obsidian":40,"minecraft:spider_eye":5,"minecraft:leather_helmet":2,"minecraft:stone_axe":4,"minecraft:rib_armor_trim_smithing_template":2,"minecraft:iron_helmet":2,"minecraft:diamond_axe":7,"minecraft:lodestone":2,"minecraft:baked_potato":7,"minecraft:coal":121,"minecraft:ender_pearl":26},"minecraft:killed_by":{"minecraft:evoker":1,"minecraft:piglin_brute":3,"minecraft:vindicator":3,"minecraft:piglin":2,"minecraft:witch":1,"minecraft:zombie":1,"minecraft:vex":4,"minecraft:player":2,"minecraft:enderman":2},"minecraft:crafted":{"minecraft:grindstone":1,"minecraft:chainmail_helmet":17,"minecraft:oak_planks":2536,"minecraft:jungle_fence_gate":1,"minecraft:blaze_powder":12,"minecraft:cooked_chicken":2,"minecraft:stone":20,"minecraft:diamond_shovel":3,"minecraft:bookshelf":12,"minecraft:suspicious_stew":6,"minecraft:cooked_mutton":4,"minecraft:diamond_helmet":4,"minecraft:bow":11,"minecraft:diamond_leggings":6,"minecraft:iron_boots":21,"minecraft:melon_seeds":2,"minecraft:chest":8,"minecraft:stone_hoe":1,"minecraft:ender_eye":12,"minecraft:emerald":961,"minecraft:arrow":384,"minecraft:cooked_porkchop":3,"minecraft:diamond_axe":4,"minecraft:crafting_table":11,"minecraft:jungle_boat":2,"minecraft:wooden_pickaxe":3,"minecraft:iron_helmet":13,"minecraft:chainmail_chestplate":12,"minecraft:smithing_table":1,"minecraft:fletching_table":4,"minecraft:gold_block":16,"minecraft:birch_planks":452,"minecraft:iron_chestplate":1,"minecraft:book":4,"minecraft:diamond_pickaxe":5,"minecraft:emerald_block":21,"minecraft:shield":4,"minecraft:stick":24254,"minecraft:stone_slab":6,"minecraft:iron_ingot":308,"minecraft:iron_pickaxe":3,"minecraft:gold_ingot":219,"minecraft:golden_carrot":36,"minecraft:cookie":162,"minecraft:wooden_sword":1,"minecraft:nether_brick_slab":6,"minecraft:raw_iron":18,"minecraft:stone_shovel":20,"minecraft:furnace":4,"minecraft:bone_meal":42,"minecraft:oak_trapdoor":4,"minecraft:iron_axe":10,"minecraft:stone_pickaxe":3,"minecraft:diamond_boots":5,"minecraft:jungle_fence":3,"minecraft:chainmail_leggings":21,"minecraft:wheat":783,"minecraft:diamond_sword":1,"minecraft:iron_sword":1,"minecraft:bucket":2,"minecraft:stone_axe":2,"minecraft:air":0,"minecraft:bread":324,"minecraft:jungle_planks":9112,"minecraft:jungle_door":3,"minecraft:chainmail_boots":6,"minecraft:iron_shovel":1,"minecraft:iron_leggings":1,"minecraft:white_bed":5,"minecraft:pumpkin_pie":48,"minecraft:lapis_block":32,"minecraft:diamond_chestplate":6},"minecraft:custom":{"minecraft:interact_with_crafting_table":80,"minecraft:bell_ring":17,"minecraft:leave_game":4,"minecraft:time_since_death":34348,"minecraft:sprint_one_cm":1112230,"minecraft:damage_blocked_by_shield":4845,"minecraft:drop":361,"minecraft:talked_to_villager":345,"minecraft:play_time":543268,"minecraft:deaths":26,"minecraft:jump":7859,"minecraft:walk_on_water_one_cm":35769,"minecraft:enchant_item":1,"minecraft:interact_with_furnace":101,"minecraft:traded_with_villager":1051,"minecraft:sleep_in_bed":23,"minecraft:damage_dealt":27483,"minecraft:player_kills":3,"minecraft:crouch_one_cm":296526,"minecraft:interact_with_smoker":5,"minecraft:interact_with_anvil":10,"minecraft:mob_kills":256,"minecraft:climb_one_cm":30466,"minecraft:walk_one_cm":807399,"minecraft:raid_win":1,"minecraft:sneak_time":94870,"minecraft:walk_under_water_one_cm":46216,"minecraft:boat_one_cm":717793,"minecraft:interact_with_blast_furnace":5,"minecraft:total_world_time":543268,"minecraft:interact_with_grindstone":4,"minecraft:time_since_rest":5613,"minecraft:damage_absorbed":160,"minecraft:damage_taken":17643,"minecraft:swim_one_cm":126304,"minecraft:fly_one_cm":1638597,"minecraft:open_chest":397,"minecraft:fall_one_cm":223345},"minecraft:dropped":{"minecraft:soul_sand":64,"minecraft:moss_block":10,"minecraft:lapis_lazuli":88,"minecraft:cooked_beef":1,"minecraft:ender_pearl":3,"minecraft:glass_bottle":2,"minecraft:spore_blossom":1,"minecraft:cooked_porkchop":3,"minecraft:jungle_fence":1,"minecraft:crossbow":1,"minecraft:leather":2,"minecraft:jungle_planks":18,"minecraft:leather_helmet":1,"minecraft:flint":1,"minecraft:emerald":60,"minecraft:cobblestone_stairs":7,"minecraft:dirt":162,"minecraft:coast_armor_trim_smithing_template":2,"minecraft:chain":3,"minecraft:gold_nugget":10,"minecraft:wooden_sword":1,"minecraft:sand":27,"minecraft:iron_pickaxe":2,"minecraft:white_wool":9,"minecraft:cauldron":4,"minecraft:gold_ingot":444,"minecraft:bone":10,"minecraft:gravel":269,"minecraft:stone_axe":2,"minecraft:blackstone":245,"minecraft:iron_nugget":213,"minecraft:golden_chestplate":1,"minecraft:cobbled_deepslate":5,"minecraft:nether_brick":61,"minecraft:wheat":5,"minecraft:pointed_dripstone":2,"minecraft:rotten_flesh":26,"minecraft:oak_planks":2,"minecraft:cooked_mutton":2,"minecraft:white_bed":3,"minecraft:poppy":7,"minecraft:leather_chestplate":1,"minecraft:gunpowder":4,"minecraft:chainmail_boots":6,"minecraft:azalea":1,"minecraft:basalt":1,"minecraft:arrow":58,"minecraft:crying_obsidian":31,"minecraft:quartz":119,"minecraft:netherrack":11,"minecraft:cartography_table":1,"minecraft:egg":3,"minecraft:stone_hoe":1,"minecraft:golden_boots":1,"minecraft:iron_ingot":16,"minecraft:bread":310,"minecraft:wheat_seeds":7,"minecraft:golden_helmet":1,"minecraft:iron_helmet":12,"minecraft:golden_axe":1,"minecraft:diamond_leggings":3,"minecraft:book":16,"minecraft:feather":19,"minecraft:cobblestone":19,"minecraft:spectral_arrow":6,"minecraft:amethyst_block":4,"minecraft:apple":7,"minecraft:granite":16,"minecraft:chainmail_helmet":5,"minecraft:grass_block":1,"minecraft:coal":24,"minecraft:stick":3411,"minecraft:lava_bucket":1,"minecraft:torch":5,"minecraft:brown_wool":1,"minecraft:diamond_helmet":2,"minecraft:potion":5,"minecraft:iron_leggings":1,"minecraft:iron_axe":1,"minecraft:jungle_boat":2,"minecraft:chainmail_leggings":9,"minecraft:paper":9,"minecraft:string":42,"minecraft:smooth_basalt":1,"minecraft:moss_carpet":2,"minecraft:soul_soil":12,"minecraft:bowl":4,"minecraft:tuff":49,"minecraft:raw_iron":6,"minecraft:composter":1,"minecraft:chicken":2,"minecraft:clay_ball":156,"minecraft:iron_boots":9,"minecraft:ender_eye":13,"minecraft:filled_map":2,"minecraft:potato":40,"minecraft:shield":3,"minecraft:diamond_chestplate":3,"minecraft:andesite":15,"minecraft:golden_leggings":1,"minecraft:oak_boat":1,"minecraft:oak_sapling":1,"minecraft:golden_sword":1,"minecraft:spider_eye":1,"minecraft:bamboo":20,"minecraft:diamond_boots":3,"minecraft:bow":2,"minecraft:stone_pickaxe":2,"minecraft:wooden_pickaxe":3,"minecraft:calcite":5}},"DataVersion":3953}