{"stats":{"minecraft:used":{"minecraft:cooked_mutton":3,"minecraft:iron_pickaxe":6,"minecraft:stone_pickaxe":131,"minecraft:wooden_pickaxe":14,"minecraft:stone_axe":12,"minecraft:wooden_sword":8,"minecraft:dirt":21,"minecraft:crafting_table":5,"minecraft:furnace":2,"minecraft:cooked_porkchop":1,"minecraft:jungle_door":11},"minecraft:killed":{"minecraft:skeleton":1,"minecraft:sheep":2,"minecraft:pig":1,"minecraft:cow":1},"minecraft:mined":{"minecraft:jungle_door":7,"minecraft:furnace":1,"minecraft:iron_ore":39,"minecraft:andesite":9,"minecraft:crafting_table":2,"minecraft:cave_vines_plant":1,"minecraft:granite":9,"minecraft:short_grass":2,"minecraft:calcite":5,"minecraft:coal_ore":31,"minecraft:vine":3,"minecraft:jungle_log":8,"minecraft:smooth_basalt":1,"minecraft:amethyst_block":4,"minecraft:stone":46,"minecraft:moss_block":2,"minecraft:fern":1},"minecraft:crafted":{"minecraft:wooden_sword":1,"minecraft:jungle_door":3,"minecraft:cooked_porkchop":2,"minecraft:crafting_table":3,"minecraft:stick":29,"minecraft:iron_pickaxe":1,"minecraft:iron_ingot":3,"minecraft:wooden_pickaxe":1,"minecraft:stone_pickaxe":1,"minecraft:furnace":1,"minecraft:stone_axe":1,"minecraft:air":0,"minecraft:cooked_mutton":3,"minecraft:jungle_planks":32},"minecraft:broken":{"minecraft:stone_pickaxe":1},"minecraft:custom":{"minecraft:time_since_rest":13419,"minecraft:interact_with_furnace":11,"minecraft:sprint_one_cm":33169,"minecraft:damage_taken":485,"minecraft:walk_one_cm":15161,"minecraft:mob_kills":5,"minecraft:damage_dealt":655,"minecraft:swim_one_cm":49576,"minecraft:interact_with_crafting_table":7,"minecraft:fly_one_cm":43244,"minecraft:player_kills":1,"minecraft:crouch_one_cm":7670,"minecraft:play_time":24117,"minecraft:deaths":1,"minecraft:sneak_time":3829,"minecraft:walk_under_water_one_cm":17001,"minecraft:jump":272,"minecraft:walk_on_water_one_cm":4849,"minecraft:time_since_death":21049,"minecraft:sleep_in_bed":1,"minecraft:climb_one_cm":1781,"minecraft:total_world_time":24117,"minecraft:fall_one_cm":8917},"minecraft:picked_up":{"minecraft:smooth_basalt":1,"minecraft:raw_iron":40,"minecraft:stick":8,"minecraft:crafting_table":3,"minecraft:jungle_door":8,"minecraft:andesite":7,"minecraft:jungle_log":8,"minecraft:leather":2,"minecraft:porkchop":2,"minecraft:jungle_planks":41,"minecraft:amethyst_block":4,"minecraft:dirt":21,"minecraft:bone":2,"minecraft:wheat_seeds":1,"minecraft:granite":6,"minecraft:beef":1,"minecraft:calcite":5,"minecraft:glow_berries":1,"minecraft:bamboo":42,"minecraft:moss_block":1,"minecraft:coal":56,"minecraft:mutton":3,"minecraft:white_wool":2,"minecraft:cobblestone":47,"minecraft:furnace":1}},"DataVersion":3953}