{"stats":{"minecraft:killed_by":{"minecraft:piglin_brute":2,"minecraft:zombie":1},"minecraft:used":{"minecraft:iron_sword":3,"minecraft:rotten_flesh":11,"minecraft:dirt":21,"minecraft:jungle_planks":50,"minecraft:tuff":10,"minecraft:granite":15,"minecraft:lava_bucket":10,"minecraft:basalt":1,"minecraft:beef":1,"minecraft:soul_soil":2,"minecraft:furnace":5,"minecraft:cooked_beef":1,"minecraft:cobbled_deepslate":39,"minecraft:cooked_mutton":3,"minecraft:water_bucket":15,"minecraft:stone_pickaxe":131,"minecraft:oak_planks":48,"minecraft:wooden_pickaxe":14,"minecraft:jungle_boat":1,"minecraft:polished_blackstone_bricks":5,"minecraft:gilded_blackstone":6,"minecraft:glow_berries":2,"minecraft:crafting_table":7,"minecraft:cracked_polished_blackstone_bricks":5,"minecraft:iron_pickaxe":136,"minecraft:gravel":1,"minecraft:golden_helmet":1,"minecraft:stone_axe":30,"minecraft:wooden_sword":8,"minecraft:cobblestone":39,"minecraft:cooked_porkchop":2,"minecraft:jungle_door":14,"minecraft:bucket":26,"minecraft:andesite":1},"minecraft:dropped":{"minecraft:iron_ingot":14,"minecraft:moss_block":7,"minecraft:wheat_seeds":1,"minecraft:lapis_lazuli":27,"minecraft:cobblestone":19,"minecraft:leather":2,"minecraft:amethyst_block":4,"minecraft:granite":15,"minecraft:jungle_planks":10,"minecraft:stick":20,"minecraft:lava_bucket":1,"minecraft:chain":3,"minecraft:wooden_sword":1,"minecraft:gold_nugget":7,"minecraft:jungle_boat":1,"minecraft:iron_pickaxe":2,"minecraft:white_wool":2,"minecraft:bone":2,"minecraft:smooth_basalt":1,"minecraft:stone_axe":1,"minecraft:iron_nugget":4,"minecraft:cobbled_deepslate":1,"minecraft:raw_iron":6,"minecraft:clay_ball":40,"minecraft:shield":2,"minecraft:andesite":8,"minecraft:azalea":1,"minecraft:wooden_pickaxe":1,"minecraft:calcite":5},"minecraft:killed":{"minecraft:skeleton":1,"minecraft:pig":1,"minecraft:sheep":2,"minecraft:zombie":1,"minecraft:cow":1},"minecraft:mined":{"minecraft:tuff":13,"minecraft:cave_vines_plant":3,"minecraft:granite":20,"minecraft:jungle_planks":1,"minecraft:jungle_log":12,"minecraft:soul_soil":3,"minecraft:moss_block":11,"minecraft:polished_blackstone_bricks":7,"minecraft:furnace":2,"minecraft:iron_ore":39,"minecraft:fire":1,"minecraft:andesite":11,"minecraft:cave_vines":11,"minecraft:deepslate_iron_ore":9,"minecraft:vine":37,"minecraft:azalea":1,"minecraft:stone":64,"minecraft:flowering_azalea":1,"minecraft:jungle_door":10,"minecraft:clay":14,"minecraft:crafting_table":3,"minecraft:short_grass":7,"minecraft:calcite":5,"minecraft:tall_grass":1,"minecraft:cobblestone":5,"minecraft:oak_planks":1,"minecraft:amethyst_block":4,"minecraft:coal_ore":31,"minecraft:gravel":1,"minecraft:smooth_basalt":1,"minecraft:deepslate":46,"minecraft:fern":1},"minecraft:crafted":{"minecraft:wooden_sword":1,"minecraft:furnace":3,"minecraft:cooked_mutton":3,"minecraft:stone_pickaxe":1,"minecraft:cooked_porkchop":2,"minecraft:crafting_table":4,"minecraft:jungle_boat":1,"minecraft:wooden_pickaxe":1,"minecraft:bucket":1,"minecraft:stone_axe":1,"minecraft:air":0,"minecraft:jungle_planks":44,"minecraft:jungle_door":3,"minecraft:shield":1,"minecraft:stick":29,"minecraft:iron_pickaxe":1,"minecraft:iron_ingot":20},"minecraft:broken":{"minecraft:stone_pickaxe":1},"minecraft:custom":{"minecraft:mob_kills":7,"minecraft:interact_with_crafting_table":12,"minecraft:leave_game":1,"minecraft:time_since_death":3032,"minecraft:climb_one_cm":4439,"minecraft:sprint_one_cm":90473,"minecraft:walk_one_cm":65210,"minecraft:drop":33,"minecraft:play_time":67371,"minecraft:deaths":7,"minecraft:sneak_time":19684,"minecraft:walk_under_water_one_cm":21816,"minecraft:boat_one_cm":48180,"minecraft:jump":768,"minecraft:walk_on_water_one_cm":7939,"minecraft:total_world_time":67371,"minecraft:interact_with_furnace":27,"minecraft:sleep_in_bed":1,"minecraft:time_since_rest":3074,"minecraft:damage_taken":2665,"minecraft:damage_dealt":1052,"minecraft:swim_one_cm":67534,"minecraft:fly_one_cm":124649,"minecraft:player_kills":2,"minecraft:open_chest":13,"minecraft:crouch_one_cm":65651,"minecraft:fall_one_cm":27398},"minecraft:picked_up":{"minecraft:crafting_table":4,"minecraft:wheat":2,"minecraft:clay_ball":40,"minecraft:gilded_blackstone":8,"minecraft:chain":3,"minecraft:shield":2,"minecraft:golden_sword":1,"minecraft:amethyst_block":4,"minecraft:soul_soil":2,"minecraft:gold_nugget":7,"minecraft:cobbled_deepslate":25,"minecraft:beef":1,"minecraft:calcite":5,"minecraft:azalea":1,"minecraft:iron_nugget":4,"minecraft:iron_pickaxe":2,"minecraft:furnace":2,"minecraft:golden_helmet":1,"minecraft:raw_iron":76,"minecraft:stick":8,"minecraft:jungle_door":11,"minecraft:porkchop":2,"minecraft:polished_blackstone_bricks":19,"minecraft:golden_axe":2,"minecraft:rotten_flesh":11,"minecraft:arrow":59,"minecraft:gold_ingot":1,"minecraft:glow_berries":2,"minecraft:mutton":3,"minecraft:white_wool":2,"minecraft:bone_block":1,"minecraft:cobblestone":68,"minecraft:basalt":1,"minecraft:jungle_boat":2,"minecraft:cooked_beef":5,"minecraft:jungle_log":11,"minecraft:water_bucket":2,"minecraft:andesite":9,"minecraft:leather":5,"minecraft:tuff":10,"minecraft:golden_boots":2,"minecraft:lapis_lazuli":27,"minecraft:dirt":21,"minecraft:bone":2,"minecraft:wheat_seeds":1,"minecraft:iron_ingot":10,"minecraft:bamboo":42,"minecraft:moss_block":7,"minecraft:oak_planks":63,"minecraft:iron_sword":1,"minecraft:smooth_basalt":1,"minecraft:gravel":1,"minecraft:lava_bucket":1,"minecraft:jungle_planks":157,"minecraft:spectral_arrow":22,"minecraft:stone_axe":1,"minecraft:cracked_polished_blackstone_bricks":5,"minecraft:granite":30,"minecraft:golden_apple":1,"minecraft:coal":84}},"DataVersion":3953}