{"stats":{"minecraft:dropped":{"minecraft:soul_sand":64,"minecraft:moss_block":10,"minecraft:lapis_lazuli":88,"minecraft:cooked_beef":1,"minecraft:glass_bottle":2,"minecraft:spore_blossom":1,"minecraft:cooked_porkchop":3,"minecraft:crossbow":1,"minecraft:jungle_fence":1,"minecraft:leather":2,"minecraft:jungle_planks":18,"minecraft:leather_helmet":1,"minecraft:emerald":60,"minecraft:flint":1,"minecraft:cobblestone_stairs":7,"minecraft:dirt":162,"minecraft:coast_armor_trim_smithing_template":2,"minecraft:chain":3,"minecraft:gold_nugget":10,"minecraft:wooden_sword":1,"minecraft:sand":27,"minecraft:iron_pickaxe":2,"minecraft:white_wool":9,"minecraft:cauldron":4,"minecraft:gold_ingot":444,"minecraft:bone":10,"minecraft:gravel":269,"minecraft:stone_axe":2,"minecraft:blackstone":245,"minecraft:iron_nugget":213,"minecraft:cobbled_deepslate":5,"minecraft:golden_chestplate":1,"minecraft:nether_brick":61,"minecraft:wheat":5,"minecraft:pointed_dripstone":2,"minecraft:rotten_flesh":26,"minecraft:oak_planks":2,"minecraft:cooked_mutton":2,"minecraft:white_bed":3,"minecraft:poppy":7,"minecraft:leather_chestplate":1,"minecraft:gunpowder":4,"minecraft:azalea":1,"minecraft:basalt":1,"minecraft:arrow":58,"minecraft:crying_obsidian":31,"minecraft:quartz":119,"minecraft:netherrack":11,"minecraft:cartography_table":1,"minecraft:egg":3,"minecraft:stone_hoe":1,"minecraft:golden_boots":1,"minecraft:iron_ingot":16,"minecraft:bread":310,"minecraft:wheat_seeds":3,"minecraft:golden_helmet":1,"minecraft:diamond_leggings":2,"minecraft:feather":19,"minecraft:cobblestone":19,"minecraft:book":16,"minecraft:spectral_arrow":6,"minecraft:apple":7,"minecraft:amethyst_block":4,"minecraft:granite":16,"minecraft:chainmail_helmet":5,"minecraft:grass_block":1,"minecraft:coal":24,"minecraft:stick":3411,"minecraft:lava_bucket":1,"minecraft:torch":5,"minecraft:brown_wool":1,"minecraft:diamond_helmet":1,"minecraft:potion":5,"minecraft:iron_leggings":1,"minecraft:jungle_boat":2,"minecraft:paper":9,"minecraft:string":42,"minecraft:smooth_basalt":1,"minecraft:moss_carpet":2,"minecraft:soul_soil":12,"minecraft:bowl":1,"minecraft:tuff":49,"minecraft:composter":1,"minecraft:raw_iron":6,"minecraft:chicken":2,"minecraft:clay_ball":156,"minecraft:iron_boots":9,"minecraft:ender_eye":1,"minecraft:filled_map":2,"minecraft:potato":40,"minecraft:shield":3,"minecraft:diamond_chestplate":2,"minecraft:andesite":15,"minecraft:oak_boat":1,"minecraft:golden_leggings":1,"minecraft:oak_sapling":1,"minecraft:golden_sword":1,"minecraft:spider_eye":1,"minecraft:bamboo":20,"minecraft:diamond_boots":2,"minecraft:bow":1,"minecraft:stone_pickaxe":2,"minecraft:wooden_pickaxe":3,"minecraft:calcite":5},"minecraft:killed_by":{"minecraft:evoker":1,"minecraft:piglin_brute":3,"minecraft:vindicator":3,"minecraft:piglin":2,"minecraft:witch":1,"minecraft:zombie":1,"minecraft:vex":4,"minecraft:player":1,"minecraft:enderman":2},"minecraft:used":{"minecraft:moss_block":1,"minecraft:iron_shovel":255,"minecraft:ladder":4,"minecraft:chest":12,"minecraft:shield":44,"minecraft:iron_sword":259,"minecraft:bell":2,"minecraft:rotten_flesh":26,"minecraft:iron_chestplate":1,"minecraft:soul_sand":1,"minecraft:jungle_planks":95,"minecraft:nether_bricks":15,"minecraft:tuff":85,"minecraft:obsidian":1,"minecraft:jungle_sapling":19,"minecraft:lava_bucket":10,"minecraft:jungle_fence_gate":1,"minecraft:bow":221,"minecraft:furnace":12,"minecraft:cooked_cod":2,"minecraft:blackstone":5,"minecraft:stone_pickaxe":162,"minecraft:jungle_fence":2,"minecraft:oak_planks":148,"minecraft:ender_pearl":1,"minecraft:leather_chestplate":1,"minecraft:wooden_pickaxe":31,"minecraft:diamond_axe":547,"minecraft:jungle_boat":7,"minecraft:glow_berries":2,"minecraft:blast_furnace":4,"minecraft:crossbow":1,"minecraft:crying_obsidian":1,"minecraft:bread":33,"minecraft:melon_slice":3,"minecraft:gravel":55,"minecraft:golden_helmet":1,"minecraft:wooden_sword":8,"minecraft:grindstone":1,"minecraft:andesite":39,"minecraft:bone_meal":20,"minecraft:oak_trapdoor":6,"minecraft:netherrack":30,"minecraft:cooked_salmon":2,"minecraft:stone_hoe":85,"minecraft:cooked_chicken":4,"minecraft:dirt":215,"minecraft:chainmail_chestplate":1,"minecraft:nether_brick_slab":6,"minecraft:diamond_helmet":2,"minecraft:granite":15,"minecraft:jungle_log":8,"minecraft:iron_boots":1,"minecraft:totem_of_undying":1,"minecraft:bamboo":4,"minecraft:diamond_chestplate":3,"minecraft:basalt":1,"minecraft:beef":6,"minecraft:soul_soil":9,"minecraft:cooked_beef":24,"minecraft:cobbled_deepslate":179,"minecraft:cooked_mutton":10,"minecraft:water_bucket":42,"minecraft:baked_potato":7,"minecraft:fletching_table":22,"minecraft:polished_blackstone_bricks":5,"minecraft:gilded_blackstone":6,"minecraft:crafting_table":20,"minecraft:white_bed":30,"minecraft:ender_eye":1,"minecraft:apple":15,"minecraft:cracked_polished_blackstone_bricks":5,"minecraft:suspicious_stew":1,"minecraft:iron_pickaxe":662,"minecraft:stone_axe":110,"minecraft:cobblestone":221,"minecraft:potion":2,"minecraft:cooked_porkchop":9,"minecraft:porkchop":5,"minecraft:jungle_door":14,"minecraft:bucket":54,"minecraft:yellow_bed":29,"minecraft:diamond_leggings":4,"minecraft:chainmail_leggings":2},"minecraft:killed":{"minecraft:zombified_piglin":1,"minecraft:witch":1,"minecraft:spider":2,"minecraft:skeleton":10,"minecraft:chicken":19,"minecraft:axolotl":1,"minecraft:magma_cube":1,"minecraft:piglin":11,"minecraft:pig":8,"minecraft:iron_golem":4,"minecraft:creeper":2,"minecraft:sheep":24,"minecraft:trader_llama":2,"minecraft:pillager":11,"minecraft:donkey":2,"minecraft:zombie":10,"minecraft:ghast":1,"minecraft:blaze":26,"minecraft:cow":30,"minecraft:vex":2,"minecraft:evoker":2,"minecraft:vindicator":6,"minecraft:drowned":1,"minecraft:bat":1,"minecraft:wandering_trader":1,"minecraft:ravager":2,"minecraft:hoglin":1,"minecraft:wither_skeleton":2,"minecraft:enderman":1},"minecraft:mined":{"minecraft:white_bed":19,"minecraft:cobblestone_stairs":8,"minecraft:jungle_leaves":90,"minecraft:cave_vines_plant":22,"minecraft:granite":21,"minecraft:grass_block":111,"minecraft:jungle_log":352,"minecraft:soul_soil":16,"minecraft:composter":3,"minecraft:nether_wart":8,"minecraft:polished_blackstone_bricks":7,"minecraft:raw_iron_block":2,"minecraft:iron_ore":92,"minecraft:cobbled_deepslate":9,"minecraft:fire":23,"minecraft:moss_carpet":1,"minecraft:fletching_table":12,"minecraft:pointed_dripstone":3,"minecraft:cave_vines":36,"minecraft:water_cauldron":4,"minecraft:dirt_path":9,"minecraft:azalea":1,"minecraft:blackstone":1,"minecraft:jungle_door":10,"minecraft:soul_fire":7,"minecraft:clay":14,"minecraft:blast_furnace":4,"minecraft:calcite":5,"minecraft:melon":1,"minecraft:chest":2,"minecraft:nether_quartz_ore":2,"minecraft:cobblestone":28,"minecraft:sugar_cane":5,"minecraft:oak_planks":4,"minecraft:wall_torch":1,"minecraft:amethyst_block":4,"minecraft:yellow_wool":1,"minecraft:wheat":1,"minecraft:oak_log":78,"minecraft:dirt":198,"minecraft:smooth_basalt":1,"minecraft:netherrack":11,"minecraft:oak_leaves":1,"minecraft:deepslate":61,"minecraft:tuff":40,"minecraft:deepslate_diamond_ore":9,"minecraft:ladder":4,"minecraft:nether_bricks":11,"minecraft:jungle_planks":5,"minecraft:cartography_table":1,"minecraft:moss_block":15,"minecraft:hay_block":87,"minecraft:spore_blossom":1,"minecraft:oak_trapdoor":2,"minecraft:furnace":7,"minecraft:jungle_sapling":2,"minecraft:andesite":30,"minecraft:gold_block":17,"minecraft:bell":3,"minecraft:bookshelf":12,"minecraft:deepslate_iron_ore":53,"minecraft:vine":69,"minecraft:bamboo":2,"minecraft:stone":233,"minecraft:oak_slab":1,"minecraft:flowering_azalea":1,"minecraft:soul_sand":8,"minecraft:basalt":2,"minecraft:crafting_table":7,"minecraft:short_grass":57,"minecraft:lectern":3,"minecraft:tall_grass":18,"minecraft:birch_leaves":2,"minecraft:yellow_bed":23,"minecraft:coal_ore":65,"minecraft:gravel":76,"minecraft:dripstone_block":1,"minecraft:fern":6},"minecraft:broken":{"minecraft:iron_shovel":1,"minecraft:golden_boots":1,"minecraft:stone_pickaxe":1,"minecraft:shield":1,"minecraft:iron_pickaxe":1},"minecraft:picked_up":{"minecraft:iron_chestplate":1,"minecraft:wheat":2,"minecraft:lead":2,"minecraft:potion":14,"minecraft:nether_brick":73,"minecraft:gilded_blackstone":8,"minecraft:golden_sword":2,"minecraft:raw_copper":13,"minecraft:amethyst_block":4,"minecraft:string":49,"minecraft:soul_soil":21,"minecraft:cooked_salmon":4,"minecraft:iron_leggings":3,"minecraft:pufferfish":1,"minecraft:diamond_leggings":5,"minecraft:gold_nugget":10,"minecraft:cobbled_deepslate":165,"minecraft:ender_eye":2,"minecraft:calcite":5,"minecraft:azalea":1,"minecraft:iron_pickaxe":5,"minecraft:melon_slice":5,"minecraft:furnace":11,"minecraft:iron_boots":10,"minecraft:golden_helmet":1,"minecraft:stick":1399,"minecraft:jungle_door":11,"minecraft:composter":4,"minecraft:oak_fence":2,"minecraft:torch":10,"minecraft:porkchop":26,"minecraft:golden_axe":2,"minecraft:pointed_dripstone":2,"minecraft:golden_chestplate":1,"minecraft:cauldron":4,"minecraft:rotten_flesh":74,"minecraft:blaze_rod":44,"minecraft:obsidian":39,"minecraft:cobblestone":335,"minecraft:birch_log":34,"minecraft:leather_chestplate":1,"minecraft:feather":19,"minecraft:cooked_beef":63,"minecraft:andesite":56,"minecraft:water_bucket":5,"minecraft:jungle_log":2286,"minecraft:brown_wool":1,"minecraft:smoker":1,"minecraft:potato":7,"minecraft:flint":12,"minecraft:tuff":82,"minecraft:lapis_lazuli":181,"minecraft:dirt":734,"minecraft:bone":23,"minecraft:bow":8,"minecraft:wheat_seeds":16,"minecraft:raw_gold":15,"minecraft:bell":2,"minecraft:diamond_helmet":5,"minecraft:glowstone_dust":6,"minecraft:fletching_table":18,"minecraft:bamboo":68,"minecraft:moss_block":11,"minecraft:stone_hoe":1,"minecraft:oak_planks":117,"minecraft:cooked_porkchop":3,"minecraft:jungle_planks":232,"minecraft:sand":81,"minecraft:grass_block":1,"minecraft:spectral_arrow":420,"minecraft:jungle_leaves":3,"minecraft:diamond":15,"minecraft:cracked_polished_blackstone_bricks":5,"minecraft:crossbow":3,"minecraft:granite":31,"minecraft:bone_meal":10,"minecraft:golden_apple":2,"minecraft:emerald":65,"minecraft:chainmail_helmet":1,"minecraft:bread":67,"minecraft:netherrack":44,"minecraft:oak_sapling":2,"minecraft:crafting_table":11,"minecraft:ladder":4,"minecraft:splash_potion":3,"minecraft:chicken":19,"minecraft:nether_wart":24,"minecraft:clay_ball":156,"minecraft:wooden_pickaxe":1,"minecraft:gold_block":43,"minecraft:chain":3,"minecraft:shield":9,"minecraft:jungle_trapdoor":1,"minecraft:oak_trapdoor":2,"minecraft:flint_and_steel":3,"minecraft:moss_carpet":2,"minecraft:wooden_sword":1,"minecraft:blackstone":315,"minecraft:cartography_table":1,"minecraft:beef":69,"minecraft:oak_boat":1,"minecraft:jungle_sapling":27,"minecraft:iron_nugget":227,"minecraft:poppy":9,"minecraft:lectern":3,"minecraft:sugar_cane":12,"minecraft:chest":4,"minecraft:egg":3,"minecraft:raw_iron":219,"minecraft:fire_charge":32,"minecraft:polished_blackstone_bricks":19,"minecraft:redstone":16,"minecraft:tnt":4,"minecraft:diamond_chestplate":5,"minecraft:arrow":139,"minecraft:nether_bricks":18,"minecraft:diamond_boots":4,"minecraft:hay_block":87,"minecraft:saddle":5,"minecraft:totem_of_undying":3,"minecraft:gold_ingot":386,"minecraft:glow_berries":12,"minecraft:mutton":34,"minecraft:white_wool":23,"minecraft:bone_block":65,"minecraft:jungle_boat":9,"minecraft:basalt":2,"minecraft:leather":171,"minecraft:filled_map":2,"minecraft:oak_log":197,"minecraft:golden_boots":4,"minecraft:yellow_bed":30,"minecraft:gunpowder":19,"minecraft:cobblestone_stairs":7,"minecraft:paper":51,"minecraft:white_banner":9,"minecraft:cooked_mutton":4,"minecraft:coast_armor_trim_smithing_template":8,"minecraft:apple":3,"minecraft:spore_blossom":1,"minecraft:heart_of_the_sea":1,"minecraft:iron_ingot":168,"minecraft:stone_pickaxe":3,"minecraft:cooked_chicken":6,"minecraft:glass_bottle":8,"minecraft:soul_sand":109,"minecraft:iron_sword":3,"minecraft:book":44,"minecraft:smooth_basalt":1,"minecraft:bamboo_planks":6,"minecraft:quartz":122,"minecraft:raw_iron_block":2,"minecraft:gravel":378,"minecraft:lava_bucket":1,"minecraft:blast_furnace":4,"minecraft:white_bed":29,"minecraft:crying_obsidian":40,"minecraft:spider_eye":1,"minecraft:leather_helmet":2,"minecraft:stone_axe":3,"minecraft:rib_armor_trim_smithing_template":2,"minecraft:iron_helmet":2,"minecraft:diamond_axe":6,"minecraft:lodestone":2,"minecraft:baked_potato":7,"minecraft:coal":120,"minecraft:ender_pearl":24},"minecraft:custom":{"minecraft:interact_with_crafting_table":73,"minecraft:bell_ring":17,"minecraft:leave_game":3,"minecraft:time_since_death":94351,"minecraft:sprint_one_cm":938269,"minecraft:damage_blocked_by_shield":4520,"minecraft:drop":320,"minecraft:talked_to_villager":211,"minecraft:play_time":451130,"minecraft:deaths":25,"minecraft:jump":6557,"minecraft:walk_on_water_one_cm":29159,"minecraft:enchant_item":1,"minecraft:interact_with_furnace":101,"minecraft:traded_with_villager":677,"minecraft:sleep_in_bed":17,"minecraft:damage_dealt":22053,"minecraft:player_kills":3,"minecraft:crouch_one_cm":277812,"minecraft:interact_with_smoker":5,"minecraft:mob_kills":200,"minecraft:climb_one_cm":20734,"minecraft:walk_one_cm":627025,"minecraft:sneak_time":88950,"minecraft:walk_under_water_one_cm":42623,"minecraft:boat_one_cm":678847,"minecraft:interact_with_blast_furnace":5,"minecraft:total_world_time":451130,"minecraft:time_since_rest":3294,"minecraft:damage_taken":13316,"minecraft:swim_one_cm":116004,"minecraft:fly_one_cm":1384968,"minecraft:open_chest":287,"minecraft:fall_one_cm":183353},"minecraft:crafted":{"minecraft:grindstone":1,"minecraft:chainmail_helmet":12,"minecraft:oak_planks":972,"minecraft:jungle_fence_gate":1,"minecraft:blaze_powder":12,"minecraft:cooked_chicken":2,"minecraft:stone":20,"minecraft:cooked_mutton":4,"minecraft:diamond_helmet":2,"minecraft:diamond_leggings":4,"minecraft:bow":7,"minecraft:iron_boots":21,"minecraft:melon_seeds":2,"minecraft:chest":8,"minecraft:stone_hoe":1,"minecraft:ender_eye":12,"minecraft:arrow":192,"minecraft:emerald":625,"minecraft:cooked_porkchop":3,"minecraft:diamond_axe":1,"minecraft:crafting_table":11,"minecraft:jungle_boat":2,"minecraft:wooden_pickaxe":3,"minecraft:iron_helmet":1,"minecraft:chainmail_chestplate":12,"minecraft:gold_block":16,"minecraft:fletching_table":4,"minecraft:birch_planks":136,"minecraft:emerald_block":14,"minecraft:book":4,"minecraft:iron_chestplate":1,"minecraft:diamond_pickaxe":1,"minecraft:shield":4,"minecraft:stick":20857,"minecraft:stone_slab":6,"minecraft:iron_ingot":308,"minecraft:iron_pickaxe":3,"minecraft:gold_ingot":219,"minecraft:wooden_sword":1,"minecraft:nether_brick_slab":6,"minecraft:raw_iron":18,"minecraft:furnace":4,"minecraft:bone_meal":42,"minecraft:oak_trapdoor":4,"minecraft:stone_pickaxe":3,"minecraft:diamond_boots":3,"minecraft:jungle_fence":3,"minecraft:chainmail_leggings":12,"minecraft:wheat":783,"minecraft:iron_sword":1,"minecraft:bucket":2,"minecraft:stone_axe":2,"minecraft:bread":262,"minecraft:air":0,"minecraft:jungle_planks":9112,"minecraft:jungle_door":3,"minecraft:iron_shovel":1,"minecraft:iron_leggings":1,"minecraft:white_bed":4,"minecraft:lapis_block":32,"minecraft:diamond_chestplate":4}},"DataVersion":3953}