{"stats":{"minecraft:used":{"minecraft:cooked_mutton":3,"minecraft:water_bucket":15,"minecraft:stone_pickaxe":131,"minecraft:wooden_pickaxe":14,"minecraft:rotten_flesh":11,"minecraft:glow_berries":2,"minecraft:dirt":21,"minecraft:crafting_table":6,"minecraft:jungle_planks":50,"minecraft:tuff":10,"minecraft:granite":15,"minecraft:lava_bucket":10,"minecraft:iron_pickaxe":128,"minecraft:gravel":1,"minecraft:stone_axe":30,"minecraft:wooden_sword":8,"minecraft:cobblestone":39,"minecraft:beef":1,"minecraft:furnace":5,"minecraft:cooked_porkchop":2,"minecraft:bucket":26,"minecraft:jungle_door":14,"minecraft:andesite":1,"minecraft:cobbled_deepslate":23},"minecraft:dropped":{"minecraft:iron_ingot":14,"minecraft:stone_axe":1,"minecraft:moss_block":7,"minecraft:wheat_seeds":1,"minecraft:lapis_lazuli":27,"minecraft:cobbled_deepslate":1,"minecraft:raw_iron":6,"minecraft:cobblestone":19,"minecraft:clay_ball":40,"minecraft:amethyst_block":4,"minecraft:leather":2,"minecraft:granite":15,"minecraft:jungle_planks":10,"minecraft:stick":20,"minecraft:lava_bucket":1,"minecraft:shield":2,"minecraft:andesite":8,"minecraft:azalea":1,"minecraft:wooden_sword":1,"minecraft:jungle_boat":1,"minecraft:wooden_pickaxe":1,"minecraft:iron_pickaxe":2,"minecraft:calcite":5,"minecraft:white_wool":2,"minecraft:bone":2,"minecraft:smooth_basalt":1},"minecraft:killed":{"minecraft:pig":1,"minecraft:sheep":2,"minecraft:skeleton":1,"minecraft:zombie":1,"minecraft:cow":1},"minecraft:mined":{"minecraft:tuff":13,"minecraft:flowering_azalea":1,"minecraft:jungle_door":10,"minecraft:clay":14,"minecraft:crafting_table":3,"minecraft:cave_vines_plant":3,"minecraft:granite":20,"minecraft:short_grass":7,"minecraft:calcite":5,"minecraft:jungle_planks":1,"minecraft:jungle_log":8,"minecraft:tall_grass":1,"minecraft:cobblestone":5,"minecraft:moss_block":11,"minecraft:amethyst_block":4,"minecraft:furnace":2,"minecraft:fire":1,"minecraft:iron_ore":39,"minecraft:andesite":11,"minecraft:cave_vines":11,"minecraft:coal_ore":31,"minecraft:deepslate_iron_ore":9,"minecraft:vine":3,"minecraft:gravel":1,"minecraft:smooth_basalt":1,"minecraft:azalea":1,"minecraft:stone":64,"minecraft:deepslate":46,"minecraft:fern":1},"minecraft:crafted":{"minecraft:wooden_sword":1,"minecraft:cooked_porkchop":2,"minecraft:crafting_table":3,"minecraft:wooden_pickaxe":1,"minecraft:furnace":3,"minecraft:bucket":1,"minecraft:stone_axe":1,"minecraft:cooked_mutton":3,"minecraft:air":0,"minecraft:jungle_planks":32,"minecraft:jungle_door":3,"minecraft:shield":1,"minecraft:stick":29,"minecraft:iron_ingot":20,"minecraft:iron_pickaxe":1,"minecraft:stone_pickaxe":1},"minecraft:broken":{"minecraft:stone_pickaxe":1},"minecraft:custom":{"minecraft:interact_with_furnace":27,"minecraft:mob_kills":6,"minecraft:interact_with_crafting_table":11,"minecraft:time_since_death":182,"minecraft:sleep_in_bed":1,"minecraft:climb_one_cm":3074,"minecraft:time_since_rest":205,"minecraft:sprint_one_cm":58144,"minecraft:damage_taken":1655,"minecraft:walk_one_cm":49238,"minecraft:drop":30,"minecraft:damage_dealt":811,"minecraft:swim_one_cm":67534,"minecraft:player_kills":1,"minecraft:fly_one_cm":64464,"minecraft:open_chest":1,"minecraft:crouch_one_cm":32082,"minecraft:play_time":48117,"minecraft:deaths":4,"minecraft:sneak_time":11622,"minecraft:walk_under_water_one_cm":21816,"minecraft:jump":493,"minecraft:walk_on_water_one_cm":7939,"minecraft:total_world_time":48117,"minecraft:fall_one_cm":18591},"minecraft:picked_up":{"minecraft:crafting_table":4,"minecraft:jungle_boat":1,"minecraft:clay_ball":40,"minecraft:jungle_log":8,"minecraft:andesite":9,"minecraft:leather":2,"minecraft:tuff":10,"minecraft:shield":2,"minecraft:amethyst_block":4,"minecraft:lapis_lazuli":27,"minecraft:dirt":21,"minecraft:bone":2,"minecraft:wheat_seeds":1,"minecraft:cobbled_deepslate":24,"minecraft:iron_ingot":1,"minecraft:beef":1,"minecraft:calcite":5,"minecraft:azalea":1,"minecraft:iron_pickaxe":1,"minecraft:bamboo":42,"minecraft:moss_block":7,"minecraft:furnace":2,"minecraft:stick":8,"minecraft:raw_iron":76,"minecraft:smooth_basalt":1,"minecraft:jungle_door":11,"minecraft:gravel":1,"minecraft:porkchop":2,"minecraft:jungle_planks":157,"minecraft:rotten_flesh":11,"minecraft:granite":30,"minecraft:glow_berries":2,"minecraft:mutton":3,"minecraft:coal":84,"minecraft:white_wool":2,"minecraft:cobblestone":68}},"DataVersion":3953}