{"stats":{"minecraft:dropped":{"minecraft:moss_block":10,"minecraft:lapis_lazuli":88,"minecraft:cooked_beef":1,"minecraft:spore_blossom":1,"minecraft:jungle_fence":1,"minecraft:leather":2,"minecraft:jungle_planks":18,"minecraft:leather_helmet":1,"minecraft:emerald":60,"minecraft:flint":1,"minecraft:cobblestone_stairs":7,"minecraft:dirt":158,"minecraft:coast_armor_trim_smithing_template":2,"minecraft:chain":3,"minecraft:gold_nugget":7,"minecraft:wooden_sword":1,"minecraft:sand":27,"minecraft:iron_pickaxe":2,"minecraft:white_wool":9,"minecraft:cauldron":4,"minecraft:bone":10,"minecraft:gravel":2,"minecraft:stone_axe":2,"minecraft:iron_nugget":13,"minecraft:cobbled_deepslate":5,"minecraft:golden_chestplate":1,"minecraft:wheat":5,"minecraft:pointed_dripstone":2,"minecraft:rotten_flesh":24,"minecraft:oak_planks":2,"minecraft:white_bed":3,"minecraft:poppy":7,"minecraft:leather_chestplate":1,"minecraft:gunpowder":4,"minecraft:azalea":1,"minecraft:arrow":53,"minecraft:cartography_table":1,"minecraft:egg":3,"minecraft:stone_hoe":1,"minecraft:golden_boots":1,"minecraft:iron_ingot":14,"minecraft:bread":71,"minecraft:wheat_seeds":3,"minecraft:golden_helmet":1,"minecraft:feather":19,"minecraft:cobblestone":19,"minecraft:book":16,"minecraft:amethyst_block":4,"minecraft:granite":16,"minecraft:chainmail_helmet":5,"minecraft:grass_block":1,"minecraft:stick":25,"minecraft:lava_bucket":1,"minecraft:torch":5,"minecraft:brown_wool":1,"minecraft:iron_leggings":1,"minecraft:jungle_boat":1,"minecraft:paper":9,"minecraft:string":2,"minecraft:smooth_basalt":1,"minecraft:moss_carpet":2,"minecraft:bowl":1,"minecraft:tuff":49,"minecraft:raw_iron":6,"minecraft:chicken":2,"minecraft:clay_ball":156,"minecraft:iron_boots":7,"minecraft:filled_map":2,"minecraft:potato":27,"minecraft:shield":2,"minecraft:diamond_chestplate":1,"minecraft:andesite":15,"minecraft:golden_leggings":1,"minecraft:oak_sapling":1,"minecraft:spider_eye":1,"minecraft:bamboo":9,"minecraft:bow":1,"minecraft:stone_pickaxe":2,"minecraft:wooden_pickaxe":3,"minecraft:calcite":5},"minecraft:killed_by":{"minecraft:evoker":1,"minecraft:piglin_brute":2,"minecraft:vindicator":3,"minecraft:witch":1,"minecraft:zombie":1,"minecraft:vex":4,"minecraft:player":1,"minecraft:enderman":2},"minecraft:used":{"minecraft:moss_block":1,"minecraft:iron_shovel":255,"minecraft:chest":9,"minecraft:shield":41,"minecraft:iron_sword":228,"minecraft:bell":1,"minecraft:rotten_flesh":26,"minecraft:iron_chestplate":1,"minecraft:jungle_planks":53,"minecraft:nether_bricks":15,"minecraft:tuff":82,"minecraft:obsidian":1,"minecraft:jungle_sapling":19,"minecraft:lava_bucket":10,"minecraft:jungle_fence_gate":1,"minecraft:bow":171,"minecraft:furnace":12,"minecraft:cooked_cod":2,"minecraft:stone_pickaxe":162,"minecraft:jungle_fence":2,"minecraft:oak_planks":60,"minecraft:ender_pearl":1,"minecraft:leather_chestplate":1,"minecraft:wooden_pickaxe":31,"minecraft:diamond_axe":522,"minecraft:jungle_boat":7,"minecraft:glow_berries":2,"minecraft:blast_furnace":2,"minecraft:crossbow":1,"minecraft:bread":32,"minecraft:melon_slice":3,"minecraft:gravel":55,"minecraft:golden_helmet":1,"minecraft:wooden_sword":8,"minecraft:andesite":39,"minecraft:bone_meal":20,"minecraft:netherrack":8,"minecraft:cooked_salmon":2,"minecraft:stone_hoe":31,"minecraft:cooked_chicken":3,"minecraft:dirt":194,"minecraft:nether_brick_slab":6,"minecraft:diamond_helmet":2,"minecraft:granite":15,"minecraft:jungle_log":8,"minecraft:iron_boots":1,"minecraft:totem_of_undying":1,"minecraft:diamond_chestplate":2,"minecraft:basalt":1,"minecraft:beef":6,"minecraft:soul_soil":2,"minecraft:cooked_beef":9,"minecraft:cobbled_deepslate":179,"minecraft:cooked_mutton":9,"minecraft:water_bucket":42,"minecraft:baked_potato":7,"minecraft:fletching_table":12,"minecraft:polished_blackstone_bricks":5,"minecraft:gilded_blackstone":6,"minecraft:crafting_table":17,"minecraft:white_bed":13,"minecraft:apple":1,"minecraft:cracked_polished_blackstone_bricks":5,"minecraft:suspicious_stew":1,"minecraft:iron_pickaxe":466,"minecraft:stone_axe":110,"minecraft:cobblestone":175,"minecraft:cooked_porkchop":9,"minecraft:porkchop":1,"minecraft:jungle_door":14,"minecraft:bucket":54,"minecraft:yellow_bed":12,"minecraft:diamond_leggings":2},"minecraft:killed":{"minecraft:witch":1,"minecraft:spider":1,"minecraft:skeleton":9,"minecraft:chicken":19,"minecraft:axolotl":1,"minecraft:pig":8,"minecraft:iron_golem":4,"minecraft:creeper":2,"minecraft:sheep":23,"minecraft:pillager":11,"minecraft:zombie":7,"minecraft:ghast":1,"minecraft:blaze":22,"minecraft:cow":28,"minecraft:vex":2,"minecraft:evoker":2,"minecraft:vindicator":6,"minecraft:drowned":1,"minecraft:bat":1,"minecraft:ravager":2,"minecraft:wither_skeleton":1,"minecraft:enderman":1},"minecraft:mined":{"minecraft:white_bed":9,"minecraft:cobblestone_stairs":8,"minecraft:jungle_leaves":87,"minecraft:cave_vines_plant":22,"minecraft:granite":21,"minecraft:grass_block":87,"minecraft:jungle_log":352,"minecraft:soul_soil":3,"minecraft:nether_wart":8,"minecraft:polished_blackstone_bricks":7,"minecraft:raw_iron_block":2,"minecraft:iron_ore":92,"minecraft:cobbled_deepslate":9,"minecraft:fire":14,"minecraft:moss_carpet":1,"minecraft:fletching_table":8,"minecraft:pointed_dripstone":3,"minecraft:cave_vines":36,"minecraft:water_cauldron":4,"minecraft:dirt_path":9,"minecraft:azalea":1,"minecraft:jungle_door":10,"minecraft:soul_fire":3,"minecraft:clay":14,"minecraft:blast_furnace":2,"minecraft:calcite":5,"minecraft:melon":1,"minecraft:chest":2,"minecraft:cobblestone":22,"minecraft:sugar_cane":5,"minecraft:oak_planks":4,"minecraft:wall_torch":1,"minecraft:amethyst_block":4,"minecraft:oak_log":76,"minecraft:dirt":176,"minecraft:smooth_basalt":1,"minecraft:netherrack":6,"minecraft:oak_leaves":1,"minecraft:deepslate":61,"minecraft:tuff":39,"minecraft:deepslate_diamond_ore":9,"minecraft:nether_bricks":11,"minecraft:jungle_planks":3,"minecraft:cartography_table":1,"minecraft:moss_block":15,"minecraft:hay_block":29,"minecraft:spore_blossom":1,"minecraft:furnace":7,"minecraft:jungle_sapling":2,"minecraft:andesite":30,"minecraft:gold_block":1,"minecraft:bell":2,"minecraft:deepslate_iron_ore":53,"minecraft:vine":69,"minecraft:bamboo":2,"minecraft:stone":108,"minecraft:flowering_azalea":1,"minecraft:crafting_table":6,"minecraft:short_grass":51,"minecraft:tall_grass":13,"minecraft:birch_leaves":2,"minecraft:yellow_bed":12,"minecraft:coal_ore":59,"minecraft:gravel":76,"minecraft:dripstone_block":1,"minecraft:fern":6},"minecraft:broken":{"minecraft:iron_shovel":1,"minecraft:stone_pickaxe":1,"minecraft:shield":1,"minecraft:iron_pickaxe":1},"minecraft:picked_up":{"minecraft:iron_chestplate":1,"minecraft:wheat":2,"minecraft:gilded_blackstone":8,"minecraft:golden_sword":1,"minecraft:amethyst_block":4,"minecraft:string":2,"minecraft:soul_soil":2,"minecraft:cooked_salmon":4,"minecraft:iron_leggings":3,"minecraft:diamond_leggings":3,"minecraft:gold_nugget":7,"minecraft:cobbled_deepslate":165,"minecraft:calcite":5,"minecraft:azalea":1,"minecraft:iron_pickaxe":3,"minecraft:melon_slice":5,"minecraft:furnace":11,"minecraft:iron_boots":3,"minecraft:golden_helmet":1,"minecraft:stick":47,"minecraft:jungle_door":11,"minecraft:oak_fence":2,"minecraft:torch":10,"minecraft:porkchop":18,"minecraft:golden_axe":2,"minecraft:pointed_dripstone":2,"minecraft:cauldron":4,"minecraft:rotten_flesh":71,"minecraft:blaze_rod":9,"minecraft:cobblestone":176,"minecraft:leather_chestplate":1,"minecraft:feather":19,"minecraft:cooked_beef":18,"minecraft:andesite":56,"minecraft:water_bucket":5,"minecraft:jungle_log":1157,"minecraft:brown_wool":1,"minecraft:smoker":1,"minecraft:potato":7,"minecraft:flint":10,"minecraft:tuff":79,"minecraft:lapis_lazuli":181,"minecraft:dirt":413,"minecraft:bone":23,"minecraft:bow":5,"minecraft:wheat_seeds":12,"minecraft:raw_gold":15,"minecraft:bell":1,"minecraft:diamond_helmet":3,"minecraft:glowstone_dust":6,"minecraft:fletching_table":8,"minecraft:bamboo":51,"minecraft:moss_block":11,"minecraft:stone_hoe":1,"minecraft:oak_planks":117,"minecraft:jungle_planks":198,"minecraft:sand":81,"minecraft:grass_block":1,"minecraft:spectral_arrow":22,"minecraft:diamond":15,"minecraft:cracked_polished_blackstone_bricks":5,"minecraft:crossbow":2,"minecraft:granite":31,"minecraft:bone_meal":10,"minecraft:golden_apple":1,"minecraft:emerald":26,"minecraft:chainmail_helmet":1,"minecraft:bread":3,"minecraft:netherrack":14,"minecraft:oak_sapling":2,"minecraft:crafting_table":9,"minecraft:chicken":19,"minecraft:nether_wart":8,"minecraft:clay_ball":156,"minecraft:wooden_pickaxe":1,"minecraft:gold_block":1,"minecraft:chain":3,"minecraft:shield":7,"minecraft:moss_carpet":2,"minecraft:wooden_sword":1,"minecraft:cartography_table":1,"minecraft:beef":64,"minecraft:jungle_sapling":27,"minecraft:iron_nugget":13,"minecraft:poppy":9,"minecraft:sugar_cane":12,"minecraft:chest":4,"minecraft:egg":3,"minecraft:raw_iron":219,"minecraft:polished_blackstone_bricks":19,"minecraft:redstone":16,"minecraft:tnt":4,"minecraft:diamond_chestplate":3,"minecraft:arrow":72,"minecraft:nether_bricks":18,"minecraft:diamond_boots":3,"minecraft:hay_block":29,"minecraft:saddle":2,"minecraft:totem_of_undying":3,"minecraft:gold_ingot":7,"minecraft:glow_berries":12,"minecraft:mutton":33,"minecraft:white_wool":22,"minecraft:bone_block":65,"minecraft:jungle_boat":8,"minecraft:basalt":1,"minecraft:leather":50,"minecraft:filled_map":2,"minecraft:oak_log":70,"minecraft:golden_boots":3,"minecraft:yellow_bed":12,"minecraft:gunpowder":19,"minecraft:cobblestone_stairs":7,"minecraft:paper":51,"minecraft:white_banner":9,"minecraft:cooked_mutton":1,"minecraft:coast_armor_trim_smithing_template":8,"minecraft:apple":3,"minecraft:spore_blossom":1,"minecraft:heart_of_the_sea":1,"minecraft:iron_ingot":63,"minecraft:stone_pickaxe":3,"minecraft:cooked_chicken":6,"minecraft:glass_bottle":8,"minecraft:iron_sword":3,"minecraft:book":8,"minecraft:smooth_basalt":1,"minecraft:bamboo_planks":6,"minecraft:raw_iron_block":2,"minecraft:gravel":64,"minecraft:lava_bucket":1,"minecraft:blast_furnace":2,"minecraft:white_bed":12,"minecraft:spider_eye":1,"minecraft:leather_helmet":2,"minecraft:stone_axe":3,"minecraft:iron_helmet":2,"minecraft:diamond_axe":4,"minecraft:baked_potato":7,"minecraft:coal":114,"minecraft:ender_pearl":3},"minecraft:custom":{"minecraft:interact_with_crafting_table":56,"minecraft:bell_ring":10,"minecraft:leave_game":3,"minecraft:time_since_death":32403,"minecraft:sprint_one_cm":665896,"minecraft:damage_blocked_by_shield":4400,"minecraft:drop":162,"minecraft:talked_to_villager":95,"minecraft:play_time":325130,"minecraft:deaths":22,"minecraft:jump":4929,"minecraft:walk_on_water_one_cm":25537,"minecraft:enchant_item":1,"minecraft:interact_with_furnace":94,"minecraft:traded_with_villager":346,"minecraft:sleep_in_bed":7,"minecraft:damage_dealt":18417,"minecraft:player_kills":3,"minecraft:crouch_one_cm":221619,"minecraft:interact_with_smoker":5,"minecraft:mob_kills":167,"minecraft:climb_one_cm":9472,"minecraft:walk_one_cm":419730,"minecraft:sneak_time":72158,"minecraft:walk_under_water_one_cm":39904,"minecraft:boat_one_cm":661427,"minecraft:interact_with_blast_furnace":5,"minecraft:total_world_time":325130,"minecraft:time_since_rest":32427,"minecraft:damage_taken":10974,"minecraft:swim_one_cm":111437,"minecraft:fly_one_cm":998825,"minecraft:open_chest":177,"minecraft:fall_one_cm":138020},"minecraft:crafted":{"minecraft:chainmail_helmet":12,"minecraft:oak_planks":280,"minecraft:jungle_fence_gate":1,"minecraft:cooked_chicken":2,"minecraft:cooked_mutton":4,"minecraft:diamond_helmet":1,"minecraft:diamond_leggings":2,"minecraft:bow":7,"minecraft:iron_boots":11,"minecraft:melon_seeds":2,"minecraft:chest":5,"minecraft:arrow":192,"minecraft:emerald":298,"minecraft:cooked_porkchop":3,"minecraft:diamond_axe":1,"minecraft:crafting_table":9,"minecraft:jungle_boat":2,"minecraft:wooden_pickaxe":3,"minecraft:iron_helmet":1,"minecraft:fletching_table":4,"minecraft:book":4,"minecraft:iron_chestplate":1,"minecraft:diamond_pickaxe":1,"minecraft:shield":3,"minecraft:stick":10089,"minecraft:iron_ingot":308,"minecraft:iron_pickaxe":3,"minecraft:gold_ingot":27,"minecraft:wooden_sword":1,"minecraft:nether_brick_slab":6,"minecraft:raw_iron":18,"minecraft:furnace":4,"minecraft:bone_meal":42,"minecraft:stone_pickaxe":3,"minecraft:diamond_boots":1,"minecraft:jungle_fence":3,"minecraft:wheat":261,"minecraft:iron_sword":1,"minecraft:bucket":2,"minecraft:stone_axe":2,"minecraft:bread":87,"minecraft:air":0,"minecraft:jungle_planks":4596,"minecraft:jungle_door":3,"minecraft:iron_shovel":1,"minecraft:iron_leggings":1,"minecraft:white_bed":4,"minecraft:lapis_block":32,"minecraft:diamond_chestplate":3}},"DataVersion":3953}