{"stats":{"minecraft:killed_by":{"minecraft:piglin_brute":2,"minecraft:enderman":2,"minecraft:zombie":1},"minecraft:used":{"minecraft:moss_block":1,"minecraft:shield":4,"minecraft:iron_sword":3,"minecraft:cooked_chicken":2,"minecraft:rotten_flesh":16,"minecraft:dirt":21,"minecraft:jungle_planks":50,"minecraft:tuff":10,"minecraft:granite":15,"minecraft:obsidian":1,"minecraft:lava_bucket":10,"minecraft:basalt":1,"minecraft:beef":6,"minecraft:soul_soil":2,"minecraft:furnace":7,"minecraft:cooked_cod":2,"minecraft:cooked_beef":1,"minecraft:cobbled_deepslate":39,"minecraft:cooked_mutton":4,"minecraft:water_bucket":15,"minecraft:stone_pickaxe":158,"minecraft:oak_planks":51,"minecraft:ender_pearl":1,"minecraft:leather_chestplate":1,"minecraft:wooden_pickaxe":28,"minecraft:jungle_boat":3,"minecraft:polished_blackstone_bricks":5,"minecraft:gilded_blackstone":6,"minecraft:glow_berries":2,"minecraft:crafting_table":9,"minecraft:cracked_polished_blackstone_bricks":5,"minecraft:suspicious_stew":1,"minecraft:iron_pickaxe":136,"minecraft:gravel":3,"minecraft:golden_helmet":1,"minecraft:stone_axe":110,"minecraft:wooden_sword":8,"minecraft:cobblestone":39,"minecraft:porkchop":1,"minecraft:cooked_porkchop":3,"minecraft:jungle_door":14,"minecraft:bucket":26,"minecraft:andesite":1},"minecraft:dropped":{"minecraft:golden_boots":1,"minecraft:iron_ingot":14,"minecraft:moss_block":10,"minecraft:wheat_seeds":1,"minecraft:lapis_lazuli":27,"minecraft:golden_helmet":1,"minecraft:spore_blossom":1,"minecraft:feather":6,"minecraft:cobblestone":19,"minecraft:book":16,"minecraft:leather":2,"minecraft:amethyst_block":4,"minecraft:granite":15,"minecraft:jungle_planks":16,"minecraft:grass_block":1,"minecraft:leather_helmet":1,"minecraft:stick":25,"minecraft:lava_bucket":1,"minecraft:dirt":6,"minecraft:chain":3,"minecraft:wooden_sword":1,"minecraft:gold_nugget":7,"minecraft:sand":27,"minecraft:jungle_boat":1,"minecraft:iron_pickaxe":2,"minecraft:paper":9,"minecraft:white_wool":2,"minecraft:bone":10,"minecraft:smooth_basalt":1,"minecraft:gravel":2,"minecraft:moss_carpet":2,"minecraft:stone_axe":2,"minecraft:iron_nugget":13,"minecraft:golden_chestplate":1,"minecraft:cobbled_deepslate":1,"minecraft:bowl":1,"minecraft:wheat":5,"minecraft:raw_iron":6,"minecraft:rotten_flesh":3,"minecraft:clay_ball":156,"minecraft:filled_map":2,"minecraft:leather_chestplate":1,"minecraft:potato":1,"minecraft:shield":2,"minecraft:andesite":8,"minecraft:golden_leggings":1,"minecraft:azalea":1,"minecraft:spider_eye":1,"minecraft:bamboo":9,"minecraft:stone_pickaxe":1,"minecraft:wooden_pickaxe":2,"minecraft:calcite":5},"minecraft:killed":{"minecraft:skeleton":2,"minecraft:chicken":7,"minecraft:drowned":1,"minecraft:pig":5,"minecraft:sheep":3,"minecraft:zombie":4,"minecraft:enderman":1,"minecraft:cow":7},"minecraft:mined":{"minecraft:tuff":13,"minecraft:cave_vines_plant":22,"minecraft:granite":20,"minecraft:jungle_planks":1,"minecraft:jungle_log":12,"minecraft:soul_soil":3,"minecraft:moss_block":15,"minecraft:spore_blossom":1,"minecraft:polished_blackstone_bricks":7,"minecraft:furnace":4,"minecraft:iron_ore":39,"minecraft:fire":1,"minecraft:andesite":11,"minecraft:moss_carpet":1,"minecraft:cave_vines":36,"minecraft:deepslate_iron_ore":20,"minecraft:vine":55,"minecraft:bamboo":2,"minecraft:azalea":1,"minecraft:stone":78,"minecraft:flowering_azalea":1,"minecraft:jungle_door":10,"minecraft:clay":14,"minecraft:crafting_table":3,"minecraft:short_grass":10,"minecraft:calcite":5,"minecraft:melon":1,"minecraft:tall_grass":2,"minecraft:cobblestone":5,"minecraft:oak_planks":4,"minecraft:amethyst_block":4,"minecraft:birch_leaves":2,"minecraft:oak_log":13,"minecraft:coal_ore":31,"minecraft:gravel":5,"minecraft:smooth_basalt":1,"minecraft:oak_leaves":1,"minecraft:deepslate":46,"minecraft:fern":2},"minecraft:crafted":{"minecraft:wooden_sword":1,"minecraft:oak_planks":52,"minecraft:cooked_chicken":2,"minecraft:furnace":4,"minecraft:cooked_mutton":4,"minecraft:iron_boots":1,"minecraft:stone_pickaxe":2,"minecraft:cooked_porkchop":3,"minecraft:crafting_table":6,"minecraft:jungle_boat":1,"minecraft:wooden_pickaxe":2,"minecraft:iron_helmet":1,"minecraft:iron_sword":1,"minecraft:bucket":1,"minecraft:stone_axe":2,"minecraft:air":0,"minecraft:jungle_planks":44,"minecraft:jungle_door":3,"minecraft:iron_chestplate":1,"minecraft:diamond_pickaxe":1,"minecraft:book":4,"minecraft:shield":2,"minecraft:stick":37,"minecraft:iron_pickaxe":1,"minecraft:iron_ingot":44,"minecraft:iron_leggings":1},"minecraft:broken":{"minecraft:stone_pickaxe":1},"minecraft:custom":{"minecraft:mob_kills":32,"minecraft:interact_with_crafting_table":30,"minecraft:leave_game":1,"minecraft:time_since_death":7982,"minecraft:climb_one_cm":5306,"minecraft:sprint_one_cm":183756,"minecraft:walk_one_cm":100243,"minecraft:damage_blocked_by_shield":210,"minecraft:drop":70,"minecraft:play_time":115371,"minecraft:deaths":9,"minecraft:sneak_time":24035,"minecraft:walk_under_water_one_cm":27483,"minecraft:boat_one_cm":547009,"minecraft:jump":1490,"minecraft:walk_on_water_one_cm":13934,"minecraft:total_world_time":115371,"minecraft:interact_with_furnace":52,"minecraft:sleep_in_bed":1,"minecraft:time_since_rest":8006,"minecraft:damage_taken":4321,"minecraft:damage_dealt":4519,"minecraft:swim_one_cm":90006,"minecraft:fly_one_cm":290526,"minecraft:player_kills":2,"minecraft:open_chest":39,"minecraft:crouch_one_cm":77551,"minecraft:fall_one_cm":49814},"minecraft:picked_up":{"minecraft:crafting_table":4,"minecraft:wheat":2,"minecraft:chicken":7,"minecraft:clay_ball":156,"minecraft:wooden_pickaxe":1,"minecraft:gilded_blackstone":8,"minecraft:chain":3,"minecraft:shield":3,"minecraft:golden_sword":1,"minecraft:amethyst_block":4,"minecraft:cooked_salmon":4,"minecraft:moss_carpet":2,"minecraft:soul_soil":2,"minecraft:iron_leggings":1,"minecraft:gold_nugget":7,"minecraft:cobbled_deepslate":25,"minecraft:beef":12,"minecraft:calcite":5,"minecraft:azalea":1,"minecraft:iron_nugget":13,"minecraft:iron_pickaxe":2,"minecraft:melon_slice":5,"minecraft:iron_boots":1,"minecraft:furnace":6,"minecraft:golden_helmet":1,"minecraft:raw_iron":137,"minecraft:stick":16,"minecraft:jungle_door":11,"minecraft:porkchop":12,"minecraft:polished_blackstone_bricks":19,"minecraft:golden_axe":2,"minecraft:tnt":4,"minecraft:rotten_flesh":25,"minecraft:arrow":61,"minecraft:gold_ingot":7,"minecraft:glow_berries":12,"minecraft:mutton":4,"minecraft:white_wool":3,"minecraft:bone_block":1,"minecraft:cobblestone":82,"minecraft:leather_chestplate":1,"minecraft:feather":6,"minecraft:basalt":1,"minecraft:jungle_boat":4,"minecraft:cooked_beef":5,"minecraft:jungle_log":11,"minecraft:water_bucket":2,"minecraft:andesite":9,"minecraft:leather":20,"minecraft:potato":2,"minecraft:filled_map":2,"minecraft:tuff":10,"minecraft:oak_log":13,"minecraft:golden_boots":3,"minecraft:gunpowder":5,"minecraft:lapis_lazuli":117,"minecraft:dirt":27,"minecraft:paper":42,"minecraft:cooked_mutton":1,"minecraft:coast_armor_trim_smithing_template":4,"minecraft:bone":7,"minecraft:wheat_seeds":1,"minecraft:raw_gold":15,"minecraft:heart_of_the_sea":1,"minecraft:spore_blossom":1,"minecraft:stone_pickaxe":2,"minecraft:cooked_chicken":4,"minecraft:iron_ingot":38,"minecraft:bamboo":51,"minecraft:moss_block":11,"minecraft:oak_planks":96,"minecraft:iron_sword":1,"minecraft:book":8,"minecraft:smooth_basalt":1,"minecraft:gravel":5,"minecraft:lava_bucket":1,"minecraft:sand":81,"minecraft:jungle_planks":166,"minecraft:grass_block":1,"minecraft:spider_eye":1,"minecraft:spectral_arrow":22,"minecraft:leather_helmet":2,"minecraft:diamond":6,"minecraft:stone_axe":3,"minecraft:cracked_polished_blackstone_bricks":5,"minecraft:granite":30,"minecraft:golden_apple":1,"minecraft:coal":84,"minecraft:ender_pearl":3}},"DataVersion":3953}