{"stats":{"minecraft:dropped":{"minecraft:golden_boots":1,"minecraft:iron_ingot":14,"minecraft:moss_block":10,"minecraft:wheat_seeds":1,"minecraft:lapis_lazuli":27,"minecraft:golden_helmet":1,"minecraft:spore_blossom":1,"minecraft:cobblestone":19,"minecraft:feather":6,"minecraft:book":16,"minecraft:leather":2,"minecraft:amethyst_block":4,"minecraft:granite":15,"minecraft:jungle_planks":16,"minecraft:grass_block":1,"minecraft:leather_helmet":1,"minecraft:stick":25,"minecraft:lava_bucket":1,"minecraft:dirt":48,"minecraft:coast_armor_trim_smithing_template":2,"minecraft:brown_wool":1,"minecraft:chain":3,"minecraft:wooden_sword":1,"minecraft:gold_nugget":7,"minecraft:sand":27,"minecraft:jungle_boat":1,"minecraft:iron_pickaxe":2,"minecraft:paper":9,"minecraft:white_wool":2,"minecraft:smooth_basalt":1,"minecraft:bone":10,"minecraft:gravel":2,"minecraft:stone_axe":2,"minecraft:moss_carpet":2,"minecraft:iron_nugget":13,"minecraft:golden_chestplate":1,"minecraft:cobbled_deepslate":1,"minecraft:bowl":1,"minecraft:tuff":49,"minecraft:wheat":5,"minecraft:raw_iron":6,"minecraft:rotten_flesh":3,"minecraft:clay_ball":156,"minecraft:filled_map":2,"minecraft:poppy":4,"minecraft:leather_chestplate":1,"minecraft:potato":17,"minecraft:shield":2,"minecraft:andesite":8,"minecraft:golden_leggings":1,"minecraft:azalea":1,"minecraft:spider_eye":1,"minecraft:bamboo":9,"minecraft:stone_pickaxe":1,"minecraft:wooden_pickaxe":2,"minecraft:calcite":5},"minecraft:killed_by":{"minecraft:player":1,"minecraft:piglin_brute":2,"minecraft:enderman":2,"minecraft:zombie":1},"minecraft:used":{"minecraft:moss_block":1,"minecraft:iron_shovel":180,"minecraft:shield":7,"minecraft:iron_sword":146,"minecraft:bell":1,"minecraft:stone_hoe":31,"minecraft:cooked_salmon":2,"minecraft:cooked_chicken":2,"minecraft:rotten_flesh":18,"minecraft:iron_chestplate":1,"minecraft:dirt":23,"minecraft:jungle_planks":50,"minecraft:tuff":10,"minecraft:granite":15,"minecraft:obsidian":1,"minecraft:lava_bucket":10,"minecraft:iron_boots":1,"minecraft:basalt":1,"minecraft:beef":6,"minecraft:soul_soil":2,"minecraft:furnace":7,"minecraft:cooked_cod":2,"minecraft:cooked_beef":2,"minecraft:cobbled_deepslate":93,"minecraft:cooked_mutton":4,"minecraft:water_bucket":15,"minecraft:baked_potato":7,"minecraft:stone_pickaxe":162,"minecraft:oak_planks":51,"minecraft:ender_pearl":1,"minecraft:wooden_pickaxe":31,"minecraft:leather_chestplate":1,"minecraft:jungle_boat":7,"minecraft:polished_blackstone_bricks":5,"minecraft:gilded_blackstone":6,"minecraft:glow_berries":2,"minecraft:crafting_table":12,"minecraft:white_bed":3,"minecraft:bread":5,"minecraft:cracked_polished_blackstone_bricks":5,"minecraft:iron_pickaxe":153,"minecraft:melon_slice":3,"minecraft:suspicious_stew":1,"minecraft:gravel":4,"minecraft:golden_helmet":1,"minecraft:stone_axe":110,"minecraft:wooden_sword":8,"minecraft:cobblestone":41,"minecraft:andesite":12,"minecraft:porkchop":1,"minecraft:cooked_porkchop":3,"minecraft:jungle_door":14,"minecraft:bucket":26,"minecraft:yellow_bed":6},"minecraft:killed":{"minecraft:skeleton":2,"minecraft:chicken":17,"minecraft:axolotl":1,"minecraft:drowned":1,"minecraft:pig":8,"minecraft:iron_golem":1,"minecraft:creeper":1,"minecraft:sheep":23,"minecraft:zombie":5,"minecraft:enderman":1,"minecraft:cow":27},"minecraft:mined":{"minecraft:tuff":13,"minecraft:white_bed":3,"minecraft:cave_vines_plant":22,"minecraft:granite":20,"minecraft:grass_block":26,"minecraft:jungle_planks":1,"minecraft:jungle_log":19,"minecraft:soul_soil":3,"minecraft:cartography_table":1,"minecraft:moss_block":15,"minecraft:hay_block":29,"minecraft:polished_blackstone_bricks":7,"minecraft:spore_blossom":1,"minecraft:furnace":4,"minecraft:cobbled_deepslate":2,"minecraft:iron_ore":39,"minecraft:fire":1,"minecraft:andesite":11,"minecraft:moss_carpet":1,"minecraft:water_cauldron":4,"minecraft:bell":1,"minecraft:dirt_path":8,"minecraft:cave_vines":36,"minecraft:deepslate_iron_ore":20,"minecraft:vine":55,"minecraft:bamboo":2,"minecraft:azalea":1,"minecraft:stone":81,"minecraft:flowering_azalea":1,"minecraft:jungle_door":10,"minecraft:clay":14,"minecraft:crafting_table":5,"minecraft:blast_furnace":1,"minecraft:short_grass":25,"minecraft:calcite":5,"minecraft:melon":1,"minecraft:tall_grass":9,"minecraft:cobblestone":7,"minecraft:sugar_cane":4,"minecraft:oak_planks":4,"minecraft:amethyst_block":4,"minecraft:birch_leaves":2,"minecraft:yellow_bed":6,"minecraft:oak_log":14,"minecraft:coal_ore":31,"minecraft:dirt":145,"minecraft:gravel":6,"minecraft:smooth_basalt":1,"minecraft:oak_leaves":1,"minecraft:deepslate":46,"minecraft:fern":6},"minecraft:broken":{"minecraft:stone_pickaxe":1},"minecraft:picked_up":{"minecraft:iron_chestplate":1,"minecraft:crafting_table":7,"minecraft:wheat":2,"minecraft:chicken":17,"minecraft:clay_ball":156,"minecraft:wooden_pickaxe":1,"minecraft:gilded_blackstone":8,"minecraft:chain":3,"minecraft:shield":5,"minecraft:golden_sword":1,"minecraft:amethyst_block":4,"minecraft:moss_carpet":2,"minecraft:soul_soil":2,"minecraft:cooked_salmon":4,"minecraft:wooden_sword":1,"minecraft:iron_leggings":3,"minecraft:cartography_table":1,"minecraft:gold_nugget":7,"minecraft:cobbled_deepslate":131,"minecraft:beef":62,"minecraft:poppy":4,"minecraft:calcite":5,"minecraft:azalea":1,"minecraft:iron_nugget":13,"minecraft:iron_pickaxe":2,"minecraft:melon_slice":5,"minecraft:sugar_cane":8,"minecraft:egg":2,"minecraft:iron_boots":3,"minecraft:furnace":6,"minecraft:golden_helmet":1,"minecraft:stick":16,"minecraft:raw_iron":137,"minecraft:jungle_door":11,"minecraft:porkchop":18,"minecraft:polished_blackstone_bricks":19,"minecraft:golden_axe":2,"minecraft:cauldron":4,"minecraft:tnt":4,"minecraft:arrow":66,"minecraft:rotten_flesh":31,"minecraft:hay_block":29,"minecraft:gold_ingot":7,"minecraft:glow_berries":12,"minecraft:mutton":33,"minecraft:bone_block":1,"minecraft:white_wool":22,"minecraft:cobblestone":128,"minecraft:feather":17,"minecraft:leather_chestplate":1,"minecraft:jungle_boat":8,"minecraft:cooked_beef":6,"minecraft:basalt":1,"minecraft:water_bucket":2,"minecraft:andesite":35,"minecraft:jungle_log":18,"minecraft:brown_wool":1,"minecraft:leather":50,"minecraft:potato":2,"minecraft:filled_map":2,"minecraft:tuff":59,"minecraft:oak_log":14,"minecraft:golden_boots":3,"minecraft:yellow_bed":6,"minecraft:gunpowder":5,"minecraft:lapis_lazuli":117,"minecraft:dirt":199,"minecraft:paper":51,"minecraft:cooked_mutton":1,"minecraft:coast_armor_trim_smithing_template":8,"minecraft:bone":12,"minecraft:wheat_seeds":4,"minecraft:bell":1,"minecraft:raw_gold":15,"minecraft:spore_blossom":1,"minecraft:heart_of_the_sea":1,"minecraft:iron_ingot":42,"minecraft:stone_pickaxe":3,"minecraft:cooked_chicken":4,"minecraft:bamboo":51,"minecraft:moss_block":11,"minecraft:stone_hoe":1,"minecraft:iron_sword":3,"minecraft:oak_planks":97,"minecraft:book":8,"minecraft:smooth_basalt":1,"minecraft:bamboo_planks":6,"minecraft:gravel":6,"minecraft:lava_bucket":1,"minecraft:sand":81,"minecraft:jungle_planks":166,"minecraft:blast_furnace":1,"minecraft:white_bed":3,"minecraft:grass_block":1,"minecraft:spectral_arrow":22,"minecraft:spider_eye":1,"minecraft:leather_helmet":2,"minecraft:diamond":6,"minecraft:stone_axe":3,"minecraft:cracked_polished_blackstone_bricks":5,"minecraft:iron_helmet":2,"minecraft:granite":30,"minecraft:bone_meal":10,"minecraft:golden_apple":1,"minecraft:baked_potato":7,"minecraft:coal":84,"minecraft:ender_pearl":3},"minecraft:custom":{"minecraft:mob_kills":94,"minecraft:interact_with_crafting_table":36,"minecraft:bell_ring":5,"minecraft:leave_game":2,"minecraft:time_since_death":40221,"minecraft:climb_one_cm":9094,"minecraft:sprint_one_cm":346749,"minecraft:walk_one_cm":163642,"minecraft:damage_blocked_by_shield":406,"minecraft:drop":78,"minecraft:talked_to_villager":6,"minecraft:play_time":163304,"minecraft:sneak_time":30306,"minecraft:deaths":13,"minecraft:walk_under_water_one_cm":30403,"minecraft:boat_one_cm":655422,"minecraft:jump":2493,"minecraft:walk_on_water_one_cm":17561,"minecraft:total_world_time":163304,"minecraft:interact_with_furnace":52,"minecraft:sleep_in_bed":3,"minecraft:time_since_rest":13187,"minecraft:damage_taken":5499,"minecraft:damage_dealt":11343,"minecraft:player_kills":3,"minecraft:swim_one_cm":100178,"minecraft:fly_one_cm":542957,"minecraft:open_chest":54,"minecraft:crouch_one_cm":103187,"minecraft:fall_one_cm":80480},"minecraft:crafted":{"minecraft:wooden_sword":1,"minecraft:oak_planks":52,"minecraft:cooked_chicken":2,"minecraft:furnace":4,"minecraft:cooked_mutton":4,"minecraft:iron_boots":1,"minecraft:melon_seeds":2,"minecraft:stone_pickaxe":3,"minecraft:wheat":171,"minecraft:cooked_porkchop":3,"minecraft:crafting_table":7,"minecraft:jungle_boat":2,"minecraft:wooden_pickaxe":3,"minecraft:iron_helmet":1,"minecraft:iron_sword":1,"minecraft:bucket":1,"minecraft:stone_axe":2,"minecraft:bread":57,"minecraft:air":0,"minecraft:jungle_planks":72,"minecraft:jungle_door":3,"minecraft:iron_chestplate":1,"minecraft:book":4,"minecraft:diamond_pickaxe":1,"minecraft:shield":2,"minecraft:stick":45,"minecraft:iron_ingot":44,"minecraft:iron_pickaxe":2,"minecraft:iron_shovel":1,"minecraft:iron_leggings":1}},"DataVersion":3953}