{"stats":{"minecraft:killed_by":{"minecraft:player":3,"minecraft:skeleton":2},"minecraft:used":{"minecraft:stone_sword":193,"minecraft:flint_and_steel":35,"minecraft:rotten_flesh":4,"minecraft:dirt":113,"minecraft:mutton":6,"minecraft:jungle_planks":2,"minecraft:jungle_trapdoor":2,"minecraft:jungle_sapling":18,"minecraft:jungle_log":6,"minecraft:bamboo":44,"minecraft:beef":3,"minecraft:oak_sapling":1,"minecraft:cooked_beef":6,"minecraft:bamboo_planks":2,"minecraft:cooked_mutton":23,"minecraft:oak_planks":24,"minecraft:wooden_pickaxe":23,"minecraft:jungle_boat":3,"minecraft:salmon":6,"minecraft:sand":5,"minecraft:crafting_table":5,"minecraft:bamboo_block":1,"minecraft:white_bed":7,"minecraft:oak_log":1,"minecraft:map":1,"minecraft:gravel":4,"minecraft:stone_axe":222,"minecraft:diamond_sword":3,"minecraft:wooden_sword":85,"minecraft:jungle_door":7,"minecraft:gray_wool":2},"minecraft:dropped":{"minecraft:water_bucket":1,"minecraft:iron_ingot":5,"minecraft:porkchop":2,"minecraft:wheat_seeds":6,"minecraft:golden_axe":2,"minecraft:coal":7,"minecraft:lava_bucket":1,"minecraft:oak_stairs":2,"minecraft:white_wool":7,"minecraft:tropical_fish_bucket":1,"minecraft:bone":4,"minecraft:light_gray_wool":1,"minecraft:white_bed":1,"minecraft:filled_map":1,"minecraft:powder_snow_bucket":1,"minecraft:jungle_log":235,"minecraft:bamboo":9,"minecraft:beef":5,"minecraft:wooden_pickaxe":1},"minecraft:killed":{"minecraft:spider":3,"minecraft:skeleton":4,"minecraft:panda":1,"minecraft:chicken":2,"minecraft:drowned":1,"minecraft:tropical_fish":1,"minecraft:zombie_villager":1,"minecraft:salmon":4,"minecraft:creeper":7,"minecraft:sheep":16,"minecraft:zombie":23,"minecraft:cow":4},"minecraft:mined":{"minecraft:white_bed":6,"minecraft:jungle_leaves":6,"minecraft:grass_block":9,"minecraft:jungle_planks":9,"minecraft:jungle_log":143,"minecraft:bamboo_block":1,"minecraft:tall_seagrass":2,"minecraft:jungle_sapling":2,"minecraft:fire":24,"minecraft:vine":16,"minecraft:oak_stairs":2,"minecraft:bamboo":43,"minecraft:stone":20,"minecraft:white_wool":1,"minecraft:jungle_door":4,"minecraft:crafting_table":5,"minecraft:short_grass":45,"minecraft:tall_grass":5,"minecraft:oak_planks":1,"minecraft:seagrass":1,"minecraft:birch_planks":17,"minecraft:bamboo_planks":2,"minecraft:birch_log":1,"minecraft:birch_leaves":8,"minecraft:oak_log":12,"minecraft:dirt":31,"minecraft:sand":5,"minecraft:gravel":4,"minecraft:oak_leaves":40,"minecraft:fern":4},"minecraft:crafted":{"minecraft:oak_planks":56,"minecraft:jungle_trapdoor":2,"minecraft:bamboo_block":2,"minecraft:stone_pickaxe":1,"minecraft:cooked_beef":4,"minecraft:crafting_table":3,"minecraft:jungle_boat":1,"minecraft:birch_planks":4,"minecraft:stone_axe":3,"minecraft:air":0,"minecraft:jungle_planks":136,"minecraft:jungle_door":3,"minecraft:bamboo_planks":4,"minecraft:stick":32,"minecraft:stone_sword":1},"minecraft:broken":{"minecraft:golden_helmet":1,"minecraft:stone_sword":1,"minecraft:wooden_sword":1,"minecraft:stone_axe":1},"minecraft:custom":{"minecraft:mob_kills":74,"minecraft:animals_bred":2,"minecraft:interact_with_crafting_table":13,"minecraft:leave_game":1,"minecraft:time_since_death":29372,"minecraft:climb_one_cm":8303,"minecraft:sprint_one_cm":214503,"minecraft:walk_one_cm":147284,"minecraft:drop":34,"minecraft:play_time":150987,"minecraft:sneak_time":9085,"minecraft:deaths":7,"minecraft:walk_under_water_one_cm":18613,"minecraft:boat_one_cm":109309,"minecraft:jump":2235,"minecraft:walk_on_water_one_cm":15247,"minecraft:total_world_time":150987,"minecraft:interact_with_furnace":3,"minecraft:sleep_in_bed":6,"minecraft:time_since_rest":2527,"minecraft:damage_taken":3540,"minecraft:damage_dealt":9883,"minecraft:swim_one_cm":58956,"minecraft:fly_one_cm":340226,"minecraft:player_kills":1,"minecraft:open_chest":6,"minecraft:crouch_one_cm":27263,"minecraft:fall_one_cm":79784},"minecraft:picked_up":{"minecraft:crafting_table":10,"minecraft:chicken":3,"minecraft:wooden_pickaxe":1,"minecraft:oak_stairs":2,"minecraft:gold_block":3,"minecraft:string":9,"minecraft:flint_and_steel":2,"minecraft:beef":12,"minecraft:jungle_sapling":13,"minecraft:iron_nugget":16,"minecraft:light_gray_wool":1,"minecraft:golden_helmet":1,"minecraft:stick":38,"minecraft:jungle_door":4,"minecraft:porkchop":4,"minecraft:golden_axe":2,"minecraft:bamboo_block":1,"minecraft:stone_sword":3,"minecraft:arrow":4,"minecraft:rotten_flesh":42,"minecraft:tropical_fish":1,"minecraft:gold_ingot":10,"minecraft:mutton":6,"minecraft:white_wool":36,"minecraft:cobblestone":41,"minecraft:birch_log":1,"minecraft:jungle_boat":5,"minecraft:feather":30,"minecraft:cooked_beef":18,"minecraft:salmon":6,"minecraft:water_bucket":4,"minecraft:jungle_log":205,"minecraft:leather":30,"minecraft:birch_planks":15,"minecraft:oak_log":15,"minecraft:gunpowder":22,"minecraft:map":2,"minecraft:dirt":223,"minecraft:cooked_mutton":31,"minecraft:bone":12,"minecraft:wheat_seeds":12,"minecraft:iron_ingot":1,"minecraft:stone_pickaxe":2,"minecraft:cooked_chicken":15,"minecraft:bamboo":308,"minecraft:oak_planks":35,"minecraft:bamboo_planks":2,"minecraft:gravel":16,"minecraft:sand":5,"minecraft:jungle_planks":70,"minecraft:white_bed":10,"minecraft:spider_eye":2,"minecraft:stone_axe":2,"minecraft:gray_wool":4,"minecraft:oak_sapling":1}},"DataVersion":3953}