{"stats":{"minecraft:used":{"minecraft:rotten_flesh":2,"minecraft:salmon":4,"minecraft:dirt":1,"minecraft:crafting_table":1,"minecraft:oak_sapling":1,"minecraft:oak_planks":20},"minecraft:killed":{"minecraft:zombie":1,"minecraft:salmon":4},"minecraft:crafted":{"minecraft:oak_planks":40,"minecraft:birch_planks":4,"minecraft:crafting_table":1,"minecraft:stick":16},"minecraft:mined":{"minecraft:short_grass":10,"minecraft:grass_block":1,"minecraft:oak_log":10,"minecraft:birch_log":1,"minecraft:birch_leaves":8,"minecraft:oak_leaves":10,"minecraft:crafting_table":1},"minecraft:picked_up":{"minecraft:birch_log":1,"minecraft:stick":2,"minecraft:crafting_table":1,"minecraft:rotten_flesh":2,"minecraft:salmon":4,"minecraft:wheat_seeds":1,"minecraft:oak_log":10,"minecraft:oak_sapling":1,"minecraft:dirt":1},"minecraft:custom":{"minecraft:time_since_rest":60987,"minecraft:crouch_one_cm":1888,"minecraft:play_time":60987,"minecraft:sprint_one_cm":33463,"minecraft:damage_taken":125,"minecraft:walk_one_cm":15833,"minecraft:walk_under_water_one_cm":5189,"minecraft:sneak_time":472,"minecraft:mob_kills":5,"minecraft:jump":438,"minecraft:damage_dealt":316,"minecraft:leave_game":1,"minecraft:time_since_death":60987,"minecraft:walk_on_water_one_cm":3374,"minecraft:total_world_time":60987,"minecraft:swim_one_cm":4146,"minecraft:interact_with_crafting_table":1,"minecraft:fall_one_cm":20000,"minecraft:fly_one_cm":50562}},"DataVersion":3953}