{"stats":{"minecraft:killed":{"minecraft:spider":2,"minecraft:skeleton":6,"minecraft:chicken":3,"minecraft:pig":6,"minecraft:creeper":2,"minecraft:sheep":14,"minecraft:pillager":4,"minecraft:zombie":8,"minecraft:enderman":4,"minecraft:cow":3},"minecraft:killed_by":{"minecraft:zombie":1},"minecraft:crafted":{"minecraft:oak_planks":616,"minecraft:stone_shovel":4,"minecraft:raw_iron":9,"minecraft:cobblestone_slab":18,"minecraft:cooked_chicken":2,"minecraft:furnace":3,"minecraft:stone":32,"minecraft:orange_wool":3,"minecraft:cooked_mutton":12,"minecraft:oak_trapdoor":2,"minecraft:flint_and_steel":1,"minecraft:iron_boots":1,"minecraft:stone_pickaxe":3,"minecraft:chest":1,"minecraft:oak_button":4,"minecraft:birch_door":3,"minecraft:stone_hoe":1,"minecraft:oak_fence":9,"minecraft:smoker":1,"minecraft:cooked_beef":8,"minecraft:red_dye":1,"minecraft:crafting_table":2,"minecraft:wooden_pickaxe":1,"minecraft:red_bed":1,"minecraft:bucket":1,"minecraft:birch_planks":28,"minecraft:stone_axe":5,"minecraft:orange_dye":4,"minecraft:air":0,"minecraft:oak_fence_gate":1,"minecraft:oak_boat":1,"minecraft:shield":1,"minecraft:stick":44,"minecraft:stone_slab":12,"minecraft:iron_ingot":9,"minecraft:stone_sword":1,"minecraft:white_bed":2,"minecraft:orange_bed":1,"minecraft:torch":8},"minecraft:broken":{"minecraft:stone_pickaxe":1,"minecraft:stone_axe":4,"minecraft:stone_shovel":3},"minecraft:custom":{"minecraft:mob_kills":52,"minecraft:interact_with_crafting_table":45,"minecraft:leave_game":7,"minecraft:time_since_death":129749,"minecraft:sprint_one_cm":293902,"minecraft:walk_one_cm":264233,"minecraft:damage_blocked_by_shield":1320,"minecraft:drop":15,"minecraft:play_time":137495,"minecraft:deaths":1,"minecraft:sneak_time":11179,"minecraft:walk_under_water_one_cm":11767,"minecraft:boat_one_cm":122,"minecraft:jump":2146,"minecraft:walk_on_water_one_cm":11111,"minecraft:total_world_time":137495,"minecraft:interact_with_furnace":54,"minecraft:sleep_in_bed":8,"minecraft:time_since_rest":12094,"minecraft:damage_taken":1600,"minecraft:damage_dealt":7979,"minecraft:fly_one_cm":327901,"minecraft:swim_one_cm":15182,"minecraft:open_chest":39,"minecraft:crouch_one_cm":47032,"minecraft:interact_with_smoker":2,"minecraft:fall_one_cm":56738},"minecraft:picked_up":{"minecraft:crafting_table":5,"minecraft:birch_door":3,"minecraft:chicken":3,"minecraft:stone_slab":2,"minecraft:cornflower":1,"minecraft:string":2,"minecraft:red_bed":2,"minecraft:beef":8,"minecraft:white_tulip":3,"minecraft:oak_boat":5,"minecraft:cobblestone_slab":30,"minecraft:birch_sapling":2,"minecraft:furnace":8,"minecraft:egg":1,"minecraft:stick":30,"minecraft:oak_fence":7,"minecraft:torch":2,"minecraft:porkchop":10,"minecraft:orange_bed":1,"minecraft:arrow":7,"minecraft:rotten_flesh":8,"minecraft:red_tulip":2,"minecraft:mutton":18,"minecraft:cobblestone":282,"minecraft:white_wool":13,"minecraft:stripped_oak_log":2,"minecraft:birch_log":26,"minecraft:feather":2,"minecraft:leather":4,"minecraft:potato":1,"minecraft:birch_planks":15,"minecraft:flint":1,"minecraft:oak_log":230,"minecraft:gunpowder":1,"minecraft:dirt":560,"minecraft:white_banner":2,"minecraft:cooked_mutton":4,"minecraft:bone":5,"minecraft:apple":4,"minecraft:bow":1,"minecraft:wheat_seeds":23,"minecraft:orange_tulip":5,"minecraft:oak_fence_gate":1,"minecraft:cooked_chicken":1,"minecraft:oak_planks":333,"minecraft:cooked_porkchop":1,"minecraft:dandelion":3,"minecraft:gravel":1,"minecraft:grass_block":1,"minecraft:white_bed":9,"minecraft:spider_eye":1,"minecraft:oak_sapling":25,"minecraft:black_wool":2,"minecraft:coal":80,"minecraft:sunflower":18,"minecraft:ender_pearl":1},"minecraft:used":{"minecraft:oak_fence":12,"minecraft:oak_trapdoor":2,"minecraft:stone_sword":83,"minecraft:white_tulip":3,"minecraft:stone_shovel":418,"minecraft:chest":1,"minecraft:shield":25,"minecraft:stone":26,"minecraft:stone_hoe":10,"minecraft:orange_bed":2,"minecraft:torch":9,"minecraft:dirt":303,"minecraft:raw_iron_block":4,"minecraft:oak_fence_gate":2,"minecraft:birch_door":6,"minecraft:red_tulip":1,"minecraft:grass_block":12,"minecraft:birch_sapling":1,"minecraft:bow":1,"minecraft:furnace":8,"minecraft:oak_sapling":19,"minecraft:egg":1,"minecraft:cooked_beef":8,"minecraft:wheat_seeds":10,"minecraft:cooked_mutton":16,"minecraft:water_bucket":89,"minecraft:iron_ore":28,"minecraft:birch_planks":13,"minecraft:stone_pickaxe":260,"minecraft:oak_planks":533,"minecraft:wooden_pickaxe":22,"minecraft:cobblestone_slab":27,"minecraft:crafting_table":6,"minecraft:red_bed":3,"minecraft:white_bed":10,"minecraft:smoker":1,"minecraft:oak_log":59,"minecraft:black_wool":1,"minecraft:cornflower":1,"minecraft:sunflower":7,"minecraft:oak_button":4,"minecraft:stone_slab":13,"minecraft:gravel":22,"minecraft:stone_axe":610,"minecraft:cobblestone":54,"minecraft:white_banner":1,"minecraft:cooked_porkchop":1,"minecraft:birch_log":15,"minecraft:bucket":90,"minecraft:oak_boat":5,"minecraft:dandelion":1},"minecraft:mined":{"minecraft:white_bed":9,"minecraft:grass_block":327,"minecraft:furnace":6,"minecraft:cobblestone_slab":24,"minecraft:stripped_oak_log":1,"minecraft:white_tulip":1,"minecraft:stone":192,"minecraft:orange_bed":1,"minecraft:red_bed":2,"minecraft:dandelion":2,"minecraft:oak_fence":7,"minecraft:crafting_table":5,"minecraft:stone_slab":2,"minecraft:tall_grass":19,"minecraft:cobblestone":29,"minecraft:oak_planks":150,"minecraft:wall_torch":2,"minecraft:birch_planks":10,"minecraft:birch_log":26,"minecraft:birch_leaves":13,"minecraft:birch_door":3,"minecraft:orange_tulip":4,"minecraft:grass":74,"minecraft:black_wool":1,"minecraft:oak_log":226,"minecraft:coal_ore":28,"minecraft:oak_fence_gate":1,"minecraft:gravel":2,"minecraft:sunflower":20,"minecraft:dirt":163,"minecraft:oak_leaves":312},"minecraft:dropped":{"minecraft:birch_planks":6,"minecraft:wheat_seeds":5,"minecraft:oak_log":5,"minecraft:oak_fence":1,"minecraft:cobblestone":29,"minecraft:dirt":48,"minecraft:white_banner":1,"minecraft:furnace":2,"minecraft:birch_sapling":1,"minecraft:oak_planks":106,"minecraft:stripped_oak_log":1}},"DataVersion":3463}