{"stats":{"minecraft:killed_by":{"minecraft:player":4,"minecraft:piglin_brute":1,"minecraft:enderman":2,"minecraft:piglin":6,"minecraft:skeleton":5,"minecraft:zombie":1},"minecraft:used":{"minecraft:oak_fence":35,"minecraft:moss_block":13,"minecraft:jungle_leaves":62,"minecraft:stone_sword":644,"minecraft:flint_and_steel":37,"minecraft:chest":7,"minecraft:shield":29,"minecraft:iron_sword":177,"minecraft:cooked_chicken":5,"minecraft:rotten_flesh":30,"minecraft:oak_door":3,"minecraft:skeleton_spawn_egg":2,"minecraft:dirt":221,"minecraft:mutton":6,"minecraft:jungle_planks":61,"minecraft:jungle_trapdoor":2,"minecraft:oak_fence_gate":1,"minecraft:jungle_sapling":18,"minecraft:lava_bucket":8,"minecraft:jungle_fence_gate":1,"minecraft:grass_block":50,"minecraft:iron_axe":58,"minecraft:jungle_log":7,"minecraft:bamboo":44,"minecraft:beef":3,"minecraft:furnace":1,"minecraft:oak_sapling":1,"minecraft:cooked_beef":26,"minecraft:golden_axe":7,"minecraft:bamboo_planks":2,"minecraft:golden_boots":4,"minecraft:wheat_seeds":1,"minecraft:cooked_mutton":26,"minecraft:water_bucket":12,"minecraft:cow_spawn_egg":8,"minecraft:stone_pickaxe":241,"minecraft:jungle_fence":18,"minecraft:oak_planks":41,"minecraft:wooden_pickaxe":28,"minecraft:jungle_boat":10,"minecraft:polished_blackstone_bricks":5,"minecraft:gilded_blackstone":1,"minecraft:salmon":6,"minecraft:sand":5,"minecraft:crafting_table":18,"minecraft:bamboo_block":1,"minecraft:white_bed":12,"minecraft:oak_log":1,"minecraft:wooden_hoe":2,"minecraft:chicken":1,"minecraft:iron_pickaxe":217,"minecraft:map":2,"minecraft:gravel":23,"minecraft:golden_helmet":1,"minecraft:stone_axe":255,"minecraft:diamond_sword":3,"minecraft:wooden_sword":85,"minecraft:cobblestone":72,"minecraft:cooked_porkchop":2,"minecraft:jungle_door":25,"minecraft:bucket":21,"minecraft:gray_wool":2,"minecraft:bone_meal":2},"minecraft:dropped":{"minecraft:golden_boots":1,"minecraft:water_bucket":1,"minecraft:iron_ingot":57,"minecraft:iron_sword":1,"minecraft:porkchop":2,"minecraft:wheat_seeds":10,"minecraft:cooked_beef":30,"minecraft:crafting_table":2,"minecraft:feather":13,"minecraft:oak_fence":12,"minecraft:golden_axe":5,"minecraft:spectral_arrow":22,"minecraft:granite":15,"minecraft:jungle_planks":111,"minecraft:coal":7,"minecraft:golden_apple":1,"minecraft:jungle_slab":1,"minecraft:flint":1,"minecraft:dirt":1,"minecraft:cracked_polished_blackstone_bricks":3,"minecraft:lava_bucket":2,"minecraft:wooden_hoe":1,"minecraft:bone_meal":4,"minecraft:gilded_blackstone":8,"minecraft:gold_nugget":7,"minecraft:chain":3,"minecraft:bone_block":1,"minecraft:oak_stairs":2,"minecraft:polished_blackstone_bricks":2,"minecraft:iron_pickaxe":1,"minecraft:string":2,"minecraft:white_wool":7,"minecraft:tropical_fish_bucket":1,"minecraft:bone":4,"minecraft:gravel":20,"minecraft:stone_axe":1,"minecraft:iron_nugget":4,"minecraft:cobbled_deepslate":1,"minecraft:experience_bottle":1,"minecraft:rotten_flesh":25,"minecraft:light_gray_wool":1,"minecraft:diamond_shovel":1,"minecraft:white_bed":1,"minecraft:skeleton_spawn_egg":1,"minecraft:flint_and_steel":1,"minecraft:filled_map":2,"minecraft:gunpowder":1,"minecraft:powder_snow_bucket":1,"minecraft:jungle_log":235,"minecraft:bamboo":9,"minecraft:arrow":49,"minecraft:basalt":1,"minecraft:beef":8,"minecraft:wooden_pickaxe":1},"minecraft:killed":{"minecraft:spider":9,"minecraft:skeleton":15,"minecraft:panda":1,"minecraft:chicken":2,"minecraft:drowned":3,"minecraft:tropical_fish":1,"minecraft:piglin":10,"minecraft:zombie_villager":1,"minecraft:salmon":4,"minecraft:creeper":14,"minecraft:sheep":16,"minecraft:zombie":47,"minecraft:enderman":3,"minecraft:cow":7},"minecraft:mined":{"minecraft:tuff":44,"minecraft:white_bed":8,"minecraft:deepslate_diamond_ore":3,"minecraft:oak_door":2,"minecraft:jungle_leaves":7,"minecraft:granite":21,"minecraft:grass_block":13,"minecraft:jungle_planks":13,"minecraft:jungle_log":143,"minecraft:cracked_polished_blackstone_bricks":5,"minecraft:moss_block":2,"minecraft:bamboo_block":1,"minecraft:polished_blackstone_bricks":13,"minecraft:tall_seagrass":5,"minecraft:furnace":1,"minecraft:jungle_sapling":2,"minecraft:iron_ore":35,"minecraft:fire":29,"minecraft:andesite":18,"minecraft:deepslate_lapis_ore":2,"minecraft:deepslate_iron_ore":1,"minecraft:vine":16,"minecraft:oak_stairs":2,"minecraft:bamboo":419,"minecraft:stone":209,"minecraft:white_wool":1,"minecraft:podzol":1,"minecraft:jungle_door":20,"minecraft:basalt":1,"minecraft:oak_fence":3,"minecraft:clay":13,"minecraft:crafting_table":16,"minecraft:short_grass":83,"minecraft:chest":1,"minecraft:cobblestone":19,"minecraft:tall_grass":5,"minecraft:lapis_ore":2,"minecraft:sugar_cane":2,"minecraft:oak_planks":14,"minecraft:seagrass":1,"minecraft:birch_planks":19,"minecraft:bamboo_planks":2,"minecraft:wheat":1,"minecraft:birch_log":1,"minecraft:birch_leaves":8,"minecraft:coal_ore":25,"minecraft:oak_log":36,"minecraft:dirt":43,"minecraft:sand":5,"minecraft:gravel":31,"minecraft:oak_leaves":63,"minecraft:deepslate":65,"minecraft:fern":16},"minecraft:crafted":{"minecraft:wooden_sword":1,"minecraft:oak_door":3,"minecraft:oak_planks":152,"minecraft:furnace":1,"minecraft:jungle_trapdoor":2,"minecraft:bone_meal":6,"minecraft:flint_and_steel":1,"minecraft:bamboo_block":36,"minecraft:stone_pickaxe":4,"minecraft:chest":6,"minecraft:oak_fence":45,"minecraft:cooked_beef":7,"minecraft:crafting_table":9,"minecraft:wooden_pickaxe":1,"minecraft:jungle_boat":1,"minecraft:bucket":1,"minecraft:birch_planks":4,"minecraft:stone_axe":5,"minecraft:air":0,"minecraft:jungle_planks":136,"minecraft:oak_fence_gate":1,"minecraft:oak_boat":1,"minecraft:jungle_door":6,"minecraft:bamboo_planks":4,"minecraft:wooden_hoe":1,"minecraft:shield":1,"minecraft:stick":128,"minecraft:iron_pickaxe":2,"minecraft:iron_ingot":23,"minecraft:stone_sword":6,"minecraft:white_bed":1},"minecraft:broken":{"minecraft:golden_helmet":1,"minecraft:stone_sword":7,"minecraft:wooden_sword":1,"minecraft:stone_axe":1},"minecraft:custom":{"minecraft:mob_kills":145,"minecraft:animals_bred":3,"minecraft:interact_with_crafting_table":56,"minecraft:leave_game":1,"minecraft:time_since_death":11802,"minecraft:climb_one_cm":20206,"minecraft:sprint_one_cm":550379,"minecraft:walk_one_cm":356391,"minecraft:damage_blocked_by_shield":2022,"minecraft:drop":112,"minecraft:play_time":282987,"minecraft:sneak_time":28238,"minecraft:deaths":25,"minecraft:walk_under_water_one_cm":41647,"minecraft:boat_one_cm":212300,"minecraft:jump":4422,"minecraft:walk_on_water_one_cm":28428,"minecraft:total_world_time":282987,"minecraft:interact_with_furnace":24,"minecraft:sleep_in_bed":9,"minecraft:time_since_rest":11830,"minecraft:damage_taken":11111,"minecraft:damage_dealt":22421,"minecraft:swim_one_cm":152880,"minecraft:fly_one_cm":731630,"minecraft:player_kills":1,"minecraft:open_chest":69,"minecraft:crouch_one_cm":99557,"minecraft:fall_one_cm":166316},"minecraft:picked_up":{"minecraft:crafting_table":24,"minecraft:wheat":2,"minecraft:chicken":3,"minecraft:clay_ball":110,"minecraft:wooden_pickaxe":3,"minecraft:oak_stairs":2,"minecraft:gold_block":3,"minecraft:golden_sword":2,"minecraft:shield":5,"minecraft:amethyst_block":4,"minecraft:iron_axe":5,"minecraft:string":17,"minecraft:moss_carpet":2,"minecraft:wooden_sword":1,"minecraft:flint_and_steel":4,"minecraft:experience_bottle":1,"minecraft:gold_nugget":6,"minecraft:cobbled_deepslate":98,"minecraft:beef":21,"minecraft:calcite":5,"minecraft:iron_pickaxe":6,"minecraft:azalea":2,"minecraft:jungle_sapling":13,"minecraft:iron_nugget":22,"minecraft:light_gray_wool":1,"minecraft:sugar_cane":9,"minecraft:chest":1,"minecraft:furnace":1,"minecraft:golden_helmet":4,"minecraft:raw_iron":39,"minecraft:stick":74,"minecraft:jungle_door":20,"minecraft:oak_door":14,"minecraft:oak_fence":2,"minecraft:porkchop":4,"minecraft:polished_blackstone_bricks":36,"minecraft:golden_axe":4,"minecraft:jungle_fence_gate":1,"minecraft:bamboo_block":1,"minecraft:stone_sword":6,"minecraft:arrow":69,"minecraft:rotten_flesh":102,"minecraft:tropical_fish":1,"minecraft:gold_ingot":10,"minecraft:mutton":6,"minecraft:white_wool":45,"minecraft:cobblestone":360,"minecraft:birch_log":1,"minecraft:basalt":1,"minecraft:jungle_boat":16,"minecraft:feather":62,"minecraft:cooked_beef":135,"minecraft:andesite":83,"minecraft:salmon":6,"minecraft:water_bucket":9,"minecraft:jungle_log":206,"minecraft:leather":56,"minecraft:jungle_fence":18,"minecraft:potato":2,"minecraft:birch_planks":17,"minecraft:flint":3,"minecraft:tuff":45,"minecraft:oak_log":39,"minecraft:golden_boots":4,"minecraft:gunpowder":37,"minecraft:wooden_hoe":1,"minecraft:lapis_lazuli":54,"minecraft:map":3,"minecraft:dirt":294,"minecraft:paper":4,"minecraft:cooked_mutton":31,"minecraft:bone":32,"minecraft:wheat_seeds":25,"minecraft:iron_ingot":36,"minecraft:stone_pickaxe":2,"minecraft:cooked_chicken":15,"minecraft:bamboo":4143,"minecraft:moss_block":19,"minecraft:iron_sword":5,"minecraft:oak_planks":622,"minecraft:flowering_azalea":1,"minecraft:book":8,"minecraft:smooth_basalt":1,"minecraft:cooked_porkchop":1,"minecraft:bamboo_planks":2,"minecraft:lava_bucket":1,"minecraft:gravel":59,"minecraft:sand":5,"minecraft:jungle_planks":127,"minecraft:white_bed":13,"minecraft:grass_block":2,"minecraft:jungle_slab":2,"minecraft:spider_eye":7,"minecraft:skeleton_spawn_egg":1,"minecraft:clay":1,"minecraft:diamond":3,"minecraft:stone_axe":4,"minecraft:cracked_polished_blackstone_bricks":3,"minecraft:granite":40,"minecraft:gray_wool":4,"minecraft:emerald":10,"minecraft:coal":25,"minecraft:oak_sapling":1,"minecraft:ender_pearl":3}},"DataVersion":3953}