{"stats":{"minecraft:dropped":{"minecraft:iron_sword":3,"minecraft:soul_sand":1,"minecraft:porkchop":2,"minecraft:diamond_axe":1,"minecraft:lapis_lazuli":154,"minecraft:cooked_beef":85,"minecraft:ender_pearl":2,"minecraft:diamond":6,"minecraft:crafting_table":3,"minecraft:crossbow":1,"minecraft:leather":3,"minecraft:jungle_planks":143,"minecraft:flint":1,"minecraft:cracked_polished_blackstone_bricks":3,"minecraft:dirt":7,"minecraft:coast_armor_trim_smithing_template":4,"minecraft:chain":3,"minecraft:jungle_sapling":9,"minecraft:wooden_sword":1,"minecraft:gold_nugget":7,"minecraft:gilded_blackstone":8,"minecraft:bone_meal":14,"minecraft:bone_block":65,"minecraft:axolotl_bucket":1,"minecraft:polished_blackstone_bricks":2,"minecraft:iron_pickaxe":2,"minecraft:white_wool":7,"minecraft:tropical_fish_bucket":1,"minecraft:gold_ingot":226,"minecraft:bone":5,"minecraft:gravel":39,"minecraft:stone_axe":1,"minecraft:cooked_chicken":2,"minecraft:iron_nugget":13,"minecraft:cobbled_deepslate":108,"minecraft:pointed_dripstone":11,"minecraft:rotten_flesh":35,"minecraft:diamond_shovel":1,"minecraft:cooked_mutton":9,"minecraft:nether_brick_fence":2,"minecraft:white_bed":1,"minecraft:gunpowder":2,"minecraft:jungle_log":1157,"minecraft:azalea":2,"minecraft:basalt":1,"minecraft:arrow":53,"minecraft:beef":8,"minecraft:netherrack":1,"minecraft:water_bucket":1,"minecraft:stone_hoe":1,"minecraft:golden_boots":4,"minecraft:iron_ingot":70,"minecraft:wheat_seeds":13,"minecraft:iron_helmet":3,"minecraft:golden_axe":5,"minecraft:oak_fence":14,"minecraft:feather":13,"minecraft:cobblestone":109,"minecraft:spectral_arrow":22,"minecraft:granite":27,"minecraft:grass_block":1,"minecraft:coal":7,"minecraft:golden_apple":2,"minecraft:stick":6,"minecraft:lava_bucket":2,"minecraft:jungle_slab":1,"minecraft:sculk_catalyst":2,"minecraft:wooden_hoe":1,"minecraft:jungle_door":3,"minecraft:iron_leggings":3,"minecraft:oak_stairs":2,"minecraft:white_banner":1,"minecraft:paper":9,"minecraft:string":2,"minecraft:bamboo_planks":6,"minecraft:soul_soil":1,"minecraft:tuff":50,"minecraft:experience_bottle":1,"minecraft:raw_iron":50,"minecraft:light_gray_wool":1,"minecraft:clay_ball":116,"minecraft:iron_boots":2,"minecraft:skeleton_spawn_egg":1,"minecraft:flint_and_steel":1,"minecraft:filled_map":2,"minecraft:shield":4,"minecraft:powder_snow_bucket":1,"minecraft:iron_chestplate":2,"minecraft:andesite":26,"minecraft:spider_eye":1,"minecraft:bamboo":9,"minecraft:bow":1,"minecraft:stone_pickaxe":1,"minecraft:wooden_pickaxe":1,"minecraft:raw_gold":15},"minecraft:killed_by":{"minecraft:zombified_piglin":1,"minecraft:piglin_brute":3,"minecraft:piglin":6,"minecraft:zombie":1,"minecraft:vex":1,"minecraft:player":4,"minecraft:enderman":2,"minecraft:skeleton":5},"minecraft:used":{"minecraft:moss_block":14,"minecraft:iron_shovel":16,"minecraft:shield":139,"minecraft:chest":17,"minecraft:iron_sword":505,"minecraft:rotten_flesh":35,"minecraft:soul_sand":4,"minecraft:mutton":6,"minecraft:skeleton_spawn_egg":2,"minecraft:jungle_planks":177,"minecraft:nether_bricks":20,"minecraft:jungle_slab":2,"minecraft:tuff":6,"minecraft:axolotl_bucket":21,"minecraft:obsidian":24,"minecraft:milk_bucket":1,"minecraft:jungle_sapling":87,"minecraft:lava_bucket":29,"minecraft:jungle_fence_gate":1,"minecraft:grass_block":57,"minecraft:crimson_roots":1,"minecraft:magma_block":2,"minecraft:bow":154,"minecraft:ominous_bottle":1,"minecraft:oak_sapling":1,"minecraft:furnace":14,"minecraft:golden_boots":10,"minecraft:diamond_boots":6,"minecraft:cow_spawn_egg":8,"minecraft:oak_planks":70,"minecraft:stone_pickaxe":241,"minecraft:jungle_fence":18,"minecraft:blackstone":6,"minecraft:wooden_pickaxe":28,"minecraft:clay":1,"minecraft:diamond_axe":1349,"minecraft:jungle_boat":12,"minecraft:sand":5,"minecraft:dripstone_block":2,"minecraft:gravel":291,"minecraft:golden_helmet":1,"minecraft:diamond_sword":3,"minecraft:wooden_sword":85,"minecraft:piglin_spawn_egg":6,"minecraft:oak_boat":19,"minecraft:bone_meal":115,"minecraft:oak_fence":35,"minecraft:stone_sword":644,"minecraft:azalea":1,"minecraft:jungle_leaves":62,"minecraft:flint_and_steel":47,"minecraft:enchanting_table":2,"minecraft:stone_shovel":57,"minecraft:bamboo_door":43,"minecraft:stone_hoe":1,"minecraft:cooked_chicken":12,"minecraft:netherrack":1239,"minecraft:oak_door":3,"minecraft:brewing_stand":2,"minecraft:dirt":791,"minecraft:anvil":2,"minecraft:nether_brick_slab":1,"minecraft:jungle_trapdoor":2,"minecraft:granite":3,"minecraft:oak_fence_gate":1,"minecraft:chipped_anvil":7,"minecraft:bamboo_fence":1,"minecraft:bookshelf":2,"minecraft:iron_axe":58,"minecraft:jungle_log":96,"minecraft:totem_of_undying":1,"minecraft:bamboo":44,"minecraft:beef":3,"minecraft:soul_soil":2,"minecraft:podzol":46,"minecraft:cooked_beef":130,"minecraft:cobbled_deepslate":369,"minecraft:bamboo_planks":9,"minecraft:golden_axe":7,"minecraft:iron_leggings":1,"minecraft:wheat_seeds":1,"minecraft:cooked_mutton":26,"minecraft:water_bucket":85,"minecraft:polished_blackstone_bricks":5,"minecraft:gilded_blackstone":1,"minecraft:salmon":6,"minecraft:crafting_table":38,"minecraft:bamboo_block":4,"minecraft:white_bed":15,"minecraft:smoker":4,"minecraft:oak_log":1,"minecraft:wooden_hoe":2,"minecraft:diamond_pickaxe":1889,"minecraft:chicken":1,"minecraft:oak_button":2,"minecraft:iron_pickaxe":1384,"minecraft:map":2,"minecraft:stone_axe":325,"minecraft:cobblestone":170,"minecraft:cooked_porkchop":13,"minecraft:jungle_door":32,"minecraft:bucket":140,"minecraft:yellow_bed":4,"minecraft:gray_wool":2,"minecraft:diamond_leggings":1},"minecraft:killed":{"minecraft:cave_spider":1,"minecraft:zombified_piglin":6,"minecraft:witch":5,"minecraft:spider":19,"minecraft:skeleton":46,"minecraft:chicken":2,"minecraft:piglin_brute":2,"minecraft:tropical_fish":1,"minecraft:piglin":23,"minecraft:pig":6,"minecraft:zombie_villager":2,"minecraft:salmon":4,"minecraft:strider":1,"minecraft:creeper":32,"minecraft:sheep":17,"minecraft:pillager":19,"minecraft:zombie":95,"minecraft:ghast":1,"minecraft:blaze":10,"minecraft:cow":14,"minecraft:vex":14,"minecraft:evoker":4,"minecraft:vindicator":6,"minecraft:panda":1,"minecraft:drowned":5,"minecraft:ravager":4,"minecraft:hoglin":2,"minecraft:wither_skeleton":1,"minecraft:enderman":7},"minecraft:mined":{"minecraft:white_bed":18,"minecraft:jungle_leaves":37,"minecraft:brewing_stand":1,"minecraft:obsidian":70,"minecraft:granite":29,"minecraft:grass_block":17,"minecraft:jungle_log":1195,"minecraft:cracked_polished_blackstone_bricks":5,"minecraft:soul_soil":9,"minecraft:bamboo_block":4,"minecraft:nether_wart":32,"minecraft:polished_blackstone_bricks":14,"minecraft:tall_seagrass":5,"minecraft:raw_iron_block":1,"minecraft:magma_block":6,"minecraft:iron_ore":178,"minecraft:fire":46,"minecraft:cobbled_deepslate":24,"minecraft:anvil":1,"minecraft:deepslate_lapis_ore":59,"minecraft:fletching_table":4,"minecraft:enchanting_table":1,"minecraft:oak_stairs":2,"minecraft:azalea":5,"minecraft:deepslate_redstone_ore":9,"minecraft:jungle_door":24,"minecraft:blackstone":13,"minecraft:soul_fire":45,"minecraft:clay":45,"minecraft:blast_furnace":1,"minecraft:chest":6,"minecraft:nether_brick_slab":1,"minecraft:nether_quartz_ore":9,"minecraft:cobblestone":24,"minecraft:oak_planks":16,"minecraft:sugar_cane":2,"minecraft:seagrass":1,"minecraft:bamboo_planks":9,"minecraft:birch_log":1,"minecraft:wheat":1,"minecraft:oak_log":36,"minecraft:sand":5,"minecraft:dirt":53,"minecraft:netherrack":1201,"minecraft:oak_leaves":63,"minecraft:deepslate":693,"minecraft:nether_gold_ore":2,"minecraft:diamond_ore":4,"minecraft:tuff":199,"minecraft:deepslate_diamond_ore":22,"minecraft:oak_door":2,"minecraft:bamboo_door":31,"minecraft:nether_bricks":33,"minecraft:jungle_planks":21,"minecraft:crimson_roots":3,"minecraft:moss_block":5,"minecraft:furnace":9,"minecraft:jungle_sapling":18,"minecraft:andesite":36,"minecraft:nether_brick_fence":2,"minecraft:bookshelf":2,"minecraft:vine":85,"minecraft:deepslate_iron_ore":172,"minecraft:bamboo":419,"minecraft:stone":384,"minecraft:bone_block":57,"minecraft:white_wool":1,"minecraft:podzol":1,"minecraft:flowering_azalea":2,"minecraft:soul_sand":6,"minecraft:basalt":1,"minecraft:oak_fence":3,"minecraft:crafting_table":39,"minecraft:short_grass":142,"minecraft:tall_grass":11,"minecraft:deepslate_gold_ore":73,"minecraft:lapis_ore":18,"minecraft:diorite":5,"minecraft:birch_planks":19,"minecraft:birch_leaves":8,"minecraft:yellow_bed":9,"minecraft:coal_ore":114,"minecraft:gravel":61,"minecraft:dripstone_block":2,"minecraft:gold_ore":17,"minecraft:chipped_anvil":2,"minecraft:fern":19},"minecraft:broken":{"minecraft:golden_helmet":1,"minecraft:wooden_sword":1,"minecraft:stone_axe":1,"minecraft:iron_sword":1,"minecraft:stone_sword":7,"minecraft:shield":2,"minecraft:iron_pickaxe":5},"minecraft:picked_up":{"minecraft:iron_chestplate":2,"minecraft:wheat":2,"minecraft:nether_brick_fence":4,"minecraft:anvil":1,"minecraft:oak_stairs":2,"minecraft:brewing_stand":3,"minecraft:golden_sword":2,"minecraft:amethyst_block":4,"minecraft:lapis_block":14,"minecraft:string":36,"minecraft:soul_soil":3,"minecraft:iron_leggings":4,"minecraft:experience_bottle":1,"minecraft:diamond_leggings":3,"minecraft:gold_nugget":33,"minecraft:cobbled_deepslate":755,"minecraft:bucket":2,"minecraft:calcite":5,"minecraft:azalea":5,"minecraft:iron_pickaxe":6,"minecraft:iron_boots":7,"minecraft:furnace":10,"minecraft:golden_helmet":4,"minecraft:stick":338,"minecraft:jungle_door":24,"minecraft:oak_fence":16,"minecraft:torch":5,"minecraft:porkchop":12,"minecraft:golden_axe":4,"minecraft:pointed_dripstone":11,"minecraft:bamboo_door":50,"minecraft:bamboo_block":38,"minecraft:stone_sword":6,"minecraft:rotten_flesh":166,"minecraft:tropical_fish":1,"minecraft:blaze_rod":7,"minecraft:obsidian":68,"minecraft:blaze_powder":7,"minecraft:cobblestone":582,"minecraft:birch_log":1,"minecraft:enchanting_table":1,"minecraft:magma_block":4,"minecraft:feather":67,"minecraft:cooked_beef":210,"minecraft:water_bucket":12,"minecraft:andesite":99,"minecraft:jungle_log":1347,"minecraft:potato":3,"minecraft:flint":19,"minecraft:tuff":204,"minecraft:map":4,"minecraft:lapis_lazuli":726,"minecraft:dirt":387,"minecraft:bone":86,"minecraft:chipped_anvil":5,"minecraft:bow":6,"minecraft:wheat_seeds":52,"minecraft:raw_gold":147,"minecraft:fletching_table":4,"minecraft:diamond_helmet":4,"minecraft:glowstone_dust":6,"minecraft:bamboo":6649,"minecraft:moss_block":20,"minecraft:oak_planks":678,"minecraft:cooked_porkchop":17,"minecraft:axolotl_bucket":1,"minecraft:sand":5,"minecraft:jungle_planks":366,"minecraft:grass_block":3,"minecraft:jungle_slab":79,"minecraft:spectral_arrow":7,"minecraft:skeleton_spawn_egg":1,"minecraft:clay":2,"minecraft:diamond":34,"minecraft:cracked_polished_blackstone_bricks":5,"minecraft:crossbow":7,"minecraft:granite":48,"minecraft:bone_meal":34,"minecraft:golden_apple":4,"minecraft:chainmail_helmet":8,"minecraft:emerald":85,"minecraft:oak_sapling":1,"minecraft:netherrack":1214,"minecraft:crimson_roots":1,"minecraft:diamond_pickaxe":3,"minecraft:crafting_table":46,"minecraft:ominous_bottle":1,"minecraft:chicken":3,"minecraft:nether_wart":64,"minecraft:clay_ball":242,"minecraft:brown_mushroom":6,"minecraft:wooden_pickaxe":4,"minecraft:gold_block":4,"minecraft:shield":13,"minecraft:moss_carpet":4,"minecraft:iron_axe":6,"minecraft:wooden_sword":1,"minecraft:flint_and_steel":10,"minecraft:iron_shovel":1,"minecraft:blackstone":9,"minecraft:beef":43,"minecraft:oak_boat":22,"minecraft:jungle_sapling":112,"minecraft:iron_nugget":40,"minecraft:poppy":4,"minecraft:light_gray_wool":2,"minecraft:sugar_cane":9,"minecraft:chest":4,"minecraft:raw_iron":368,"minecraft:oak_door":14,"minecraft:polished_blackstone_bricks":40,"minecraft:jungle_fence_gate":1,"minecraft:carrot":2,"minecraft:redstone":90,"minecraft:tnt":2,"minecraft:arrow":250,"minecraft:diamond_chestplate":4,"minecraft:nether_bricks":36,"minecraft:diamond_boots":3,"minecraft:saddle":8,"minecraft:gold_ingot":18,"minecraft:totem_of_undying":7,"minecraft:mutton":8,"minecraft:bone_block":79,"minecraft:white_wool":59,"minecraft:jungle_boat":18,"minecraft:basalt":1,"minecraft:salmon":6,"minecraft:leather":74,"minecraft:jungle_fence":18,"minecraft:filled_map":1,"minecraft:birch_planks":17,"minecraft:oak_log":43,"minecraft:golden_boots":6,"minecraft:yellow_bed":13,"minecraft:gunpowder":55,"minecraft:wooden_hoe":1,"minecraft:paper":13,"minecraft:white_banner":9,"minecraft:cooked_mutton":31,"minecraft:coast_armor_trim_smithing_template":8,"minecraft:heart_of_the_sea":1,"minecraft:iron_ingot":61,"minecraft:stone_pickaxe":2,"minecraft:cooked_chicken":19,"minecraft:iron_sword":9,"minecraft:flowering_azalea":1,"minecraft:soul_sand":6,"minecraft:book":30,"minecraft:sculk_catalyst":2,"minecraft:smooth_basalt":1,"minecraft:bamboo_fence":1,"minecraft:bamboo_planks":33,"minecraft:quartz":18,"minecraft:raw_iron_block":1,"minecraft:dripstone_block":3,"minecraft:gravel":144,"minecraft:lava_bucket":4,"minecraft:blast_furnace":1,"minecraft:white_bed":23,"minecraft:nether_brick_slab":1,"minecraft:spider_eye":20,"minecraft:diamond_shovel":2,"minecraft:stone_axe":4,"minecraft:iron_helmet":4,"minecraft:diamond_axe":5,"minecraft:gray_wool":4,"minecraft:oak_button":1,"minecraft:melon_seeds":2,"minecraft:coal":236,"minecraft:ender_pearl":8},"minecraft:custom":{"minecraft:animals_bred":3,"minecraft:interact_with_crafting_table":133,"minecraft:bell_ring":2,"minecraft:leave_game":3,"minecraft:time_since_death":14403,"minecraft:sprint_one_cm":1440210,"minecraft:damage_blocked_by_shield":10731,"minecraft:drop":268,"minecraft:talked_to_villager":11,"minecraft:play_time":607193,"minecraft:deaths":31,"minecraft:jump":12170,"minecraft:interact_with_brewingstand":3,"minecraft:walk_on_water_one_cm":86008,"minecraft:enchant_item":3,"minecraft:interact_with_furnace":103,"minecraft:traded_with_villager":6,"minecraft:sleep_in_bed":17,"minecraft:damage_dealt":59405,"minecraft:player_kills":2,"minecraft:crouch_one_cm":294352,"minecraft:interact_with_smoker":34,"minecraft:interact_with_anvil":12,"minecraft:mob_kills":373,"minecraft:climb_one_cm":28557,"minecraft:walk_one_cm":842954,"minecraft:strider_one_cm":18,"minecraft:sneak_time":80687,"minecraft:walk_under_water_one_cm":88493,"minecraft:boat_one_cm":361676,"minecraft:interact_with_blast_furnace":2,"minecraft:total_world_time":607193,"minecraft:raid_trigger":1,"minecraft:time_since_rest":235,"minecraft:damage_taken":21900,"minecraft:damage_absorbed":55,"minecraft:swim_one_cm":310946,"minecraft:fly_one_cm":2111027,"minecraft:open_chest":264,"minecraft:fall_one_cm":411816},"minecraft:crafted":{"minecraft:oak_planks":164,"minecraft:blaze_powder":8,"minecraft:cooked_chicken":15,"minecraft:bookshelf":2,"minecraft:bamboo_door":9,"minecraft:cooked_mutton":29,"minecraft:bamboo_block":36,"minecraft:diamond_helmet":1,"minecraft:iron_boots":1,"minecraft:chest":14,"minecraft:oak_button":2,"minecraft:stone_hoe":1,"minecraft:oak_fence":45,"minecraft:smoker":4,"minecraft:arrow":64,"minecraft:cooked_porkchop":14,"minecraft:diamond_axe":2,"minecraft:crafting_table":10,"minecraft:jungle_boat":2,"minecraft:wooden_pickaxe":1,"minecraft:iron_helmet":1,"minecraft:brewing_stand":1,"minecraft:birch_planks":4,"minecraft:bamboo_planks":4,"minecraft:wooden_hoe":1,"minecraft:iron_chestplate":1,"minecraft:shield":5,"minecraft:stick":192,"minecraft:iron_ingot":131,"minecraft:iron_pickaxe":7,"minecraft:iron_block":4,"minecraft:stone_sword":6,"minecraft:wooden_sword":1,"minecraft:oak_door":3,"minecraft:raw_iron":9,"minecraft:stone_shovel":1,"minecraft:iron_nugget":27,"minecraft:furnace":12,"minecraft:jungle_trapdoor":2,"minecraft:bone_meal":123,"minecraft:flint_and_steel":1,"minecraft:stone_pickaxe":4,"minecraft:diamond_boots":1,"minecraft:cooked_beef":62,"minecraft:enchanting_table":1,"minecraft:iron_sword":1,"minecraft:bucket":5,"minecraft:stone_axe":5,"minecraft:air":0,"minecraft:jungle_planks":484,"minecraft:oak_fence_gate":1,"minecraft:oak_boat":1,"minecraft:jungle_door":12,"minecraft:iron_shovel":1,"minecraft:iron_leggings":2,"minecraft:anvil":1,"minecraft:white_bed":1,"minecraft:lapis_block":14}},"DataVersion":3953}