{"stats":{"minecraft:killed_by":{"minecraft:player":3,"minecraft:skeleton":1},"minecraft:used":{"minecraft:cooked_mutton":21,"minecraft:stone_sword":146,"minecraft:flint_and_steel":33,"minecraft:oak_planks":24,"minecraft:wooden_pickaxe":23,"minecraft:rotten_flesh":4,"minecraft:jungle_boat":3,"minecraft:salmon":6,"minecraft:dirt":32,"minecraft:sand":5,"minecraft:mutton":6,"minecraft:crafting_table":4,"minecraft:jungle_planks":1,"minecraft:white_bed":2,"minecraft:jungle_trapdoor":2,"minecraft:oak_log":1,"minecraft:map":1,"minecraft:gravel":4,"minecraft:bamboo":16,"minecraft:stone_axe":29,"minecraft:diamond_sword":3,"minecraft:wooden_sword":85,"minecraft:beef":3,"minecraft:oak_sapling":1,"minecraft:jungle_door":5,"minecraft:gray_wool":2},"minecraft:dropped":{"minecraft:water_bucket":1,"minecraft:iron_ingot":5,"minecraft:porkchop":2,"minecraft:wheat_seeds":3,"minecraft:golden_axe":2,"minecraft:light_gray_wool":1,"minecraft:coal":7,"minecraft:filled_map":1,"minecraft:lava_bucket":1,"minecraft:powder_snow_bucket":1,"minecraft:bamboo":9,"minecraft:oak_stairs":2,"minecraft:beef":5,"minecraft:wooden_pickaxe":1,"minecraft:white_wool":7,"minecraft:tropical_fish_bucket":1},"minecraft:killed":{"minecraft:zombie_villager":1,"minecraft:salmon":4,"minecraft:spider":1,"minecraft:creeper":3,"minecraft:sheep":15,"minecraft:skeleton":3,"minecraft:zombie":21,"minecraft:chicken":2,"minecraft:drowned":1,"minecraft:tropical_fish":1,"minecraft:cow":4},"minecraft:mined":{"minecraft:white_bed":3,"minecraft:jungle_door":2,"minecraft:crafting_table":4,"minecraft:short_grass":37,"minecraft:grass_block":8,"minecraft:jungle_log":13,"minecraft:tall_grass":5,"minecraft:oak_planks":1,"minecraft:seagrass":1,"minecraft:birch_planks":2,"minecraft:tall_seagrass":2,"minecraft:birch_log":1,"minecraft:fire":23,"minecraft:birch_leaves":8,"minecraft:gravel":4,"minecraft:oak_log":12,"minecraft:vine":3,"minecraft:oak_stairs":2,"minecraft:sand":5,"minecraft:dirt":15,"minecraft:bamboo":22,"minecraft:stone":20,"minecraft:white_wool":1,"minecraft:oak_leaves":40,"minecraft:fern":2},"minecraft:crafted":{"minecraft:cooked_beef":4,"minecraft:oak_planks":56,"minecraft:crafting_table":2,"minecraft:jungle_boat":1,"minecraft:jungle_trapdoor":2,"minecraft:birch_planks":4,"minecraft:stone_axe":1,"minecraft:air":0,"minecraft:jungle_planks":48,"minecraft:jungle_door":3,"minecraft:stick":24,"minecraft:stone_pickaxe":1,"minecraft:stone_sword":1},"minecraft:broken":{"minecraft:golden_helmet":1,"minecraft:stone_sword":1,"minecraft:wooden_sword":1},"minecraft:custom":{"minecraft:interact_with_furnace":2,"minecraft:mob_kills":62,"minecraft:animals_bred":1,"minecraft:interact_with_crafting_table":8,"minecraft:leave_game":1,"minecraft:time_since_death":11163,"minecraft:sleep_in_bed":3,"minecraft:climb_one_cm":1822,"minecraft:time_since_rest":8266,"minecraft:sprint_one_cm":153253,"minecraft:damage_taken":2850,"minecraft:walk_one_cm":109077,"minecraft:drop":26,"minecraft:damage_dealt":8214,"minecraft:swim_one_cm":57039,"minecraft:fly_one_cm":232672,"minecraft:player_kills":1,"minecraft:open_chest":6,"minecraft:crouch_one_cm":11722,"minecraft:play_time":114987,"minecraft:deaths":6,"minecraft:sneak_time":3716,"minecraft:walk_under_water_one_cm":18538,"minecraft:boat_one_cm":109309,"minecraft:jump":1610,"minecraft:walk_on_water_one_cm":13846,"minecraft:total_world_time":114987,"minecraft:fall_one_cm":55429},"minecraft:picked_up":{"minecraft:birch_log":1,"minecraft:crafting_table":8,"minecraft:jungle_boat":4,"minecraft:feather":17,"minecraft:cooked_beef":10,"minecraft:jungle_log":13,"minecraft:chicken":2,"minecraft:water_bucket":4,"minecraft:salmon":6,"minecraft:leather":20,"minecraft:wooden_pickaxe":1,"minecraft:oak_stairs":2,"minecraft:birch_planks":4,"minecraft:gold_block":2,"minecraft:oak_log":15,"minecraft:gunpowder":9,"minecraft:map":1,"minecraft:string":4,"minecraft:dirt":137,"minecraft:flint_and_steel":1,"minecraft:cooked_mutton":30,"minecraft:bone":6,"minecraft:wheat_seeds":7,"minecraft:iron_nugget":8,"minecraft:stone_pickaxe":1,"minecraft:beef":12,"minecraft:iron_ingot":1,"minecraft:cooked_chicken":10,"minecraft:jungle_sapling":2,"minecraft:bamboo":218,"minecraft:light_gray_wool":1,"minecraft:oak_planks":30,"minecraft:golden_helmet":1,"minecraft:stick":23,"minecraft:jungle_door":2,"minecraft:gravel":10,"minecraft:jungle_planks":31,"minecraft:porkchop":4,"minecraft:sand":5,"minecraft:golden_axe":2,"minecraft:white_bed":4,"minecraft:spider_eye":1,"minecraft:arrow":2,"minecraft:stone_sword":2,"minecraft:rotten_flesh":23,"minecraft:stone_axe":1,"minecraft:tropical_fish":1,"minecraft:gray_wool":4,"minecraft:gold_ingot":5,"minecraft:oak_sapling":1,"minecraft:mutton":6,"minecraft:white_wool":25,"minecraft:cobblestone":30}},"DataVersion":3953}