{"stats":{"minecraft:killed":{"minecraft:pig":6,"minecraft:spider":2,"minecraft:creeper":2,"minecraft:sheep":14,"minecraft:skeleton":6,"minecraft:pillager":4,"minecraft:zombie":8,"minecraft:chicken":3,"minecraft:enderman":4,"minecraft:cow":3},"minecraft:killed_by":{"minecraft:zombie":1},"minecraft:crafted":{"minecraft:cooked_beef":8,"minecraft:oak_planks":496,"minecraft:raw_iron":9,"minecraft:cobblestone_slab":18,"minecraft:stone_shovel":3,"minecraft:crafting_table":2,"minecraft:cooked_chicken":2,"minecraft:wooden_pickaxe":1,"minecraft:furnace":3,"minecraft:stone":32,"minecraft:bucket":1,"minecraft:birch_planks":28,"minecraft:stone_axe":3,"minecraft:cooked_mutton":12,"minecraft:air":0,"minecraft:oak_trapdoor":2,"minecraft:flint_and_steel":1,"minecraft:oak_boat":1,"minecraft:iron_boots":1,"minecraft:shield":1,"minecraft:stick":20,"minecraft:stone_slab":12,"minecraft:iron_ingot":9,"minecraft:stone_pickaxe":3,"minecraft:stone_sword":1,"minecraft:chest":1,"minecraft:white_bed":1,"minecraft:birch_door":3,"minecraft:smoker":1},"minecraft:broken":{"minecraft:stone_pickaxe":1,"minecraft:stone_axe":2,"minecraft:stone_shovel":2},"minecraft:custom":{"minecraft:interact_with_furnace":52,"minecraft:mob_kills":52,"minecraft:interact_with_crafting_table":33,"minecraft:leave_game":6,"minecraft:time_since_death":102988,"minecraft:sleep_in_bed":6,"minecraft:time_since_rest":12737,"minecraft:sprint_one_cm":222808,"minecraft:damage_blocked_by_shield":1320,"minecraft:damage_taken":1490,"minecraft:walk_one_cm":179575,"minecraft:drop":4,"minecraft:damage_dealt":7979,"minecraft:swim_one_cm":14741,"minecraft:fly_one_cm":261811,"minecraft:open_chest":25,"minecraft:crouch_one_cm":42349,"minecraft:play_time":110734,"minecraft:deaths":1,"minecraft:sneak_time":9880,"minecraft:walk_under_water_one_cm":8996,"minecraft:boat_one_cm":122,"minecraft:jump":1760,"minecraft:walk_on_water_one_cm":9167,"minecraft:interact_with_smoker":1,"minecraft:total_world_time":110734,"minecraft:fall_one_cm":45782},"minecraft:used":{"minecraft:oak_trapdoor":2,"minecraft:cooked_mutton":14,"minecraft:water_bucket":66,"minecraft:stone_sword":81,"minecraft:iron_ore":28,"minecraft:birch_planks":3,"minecraft:stone_shovel":356,"minecraft:stone_pickaxe":260,"minecraft:oak_planks":434,"minecraft:chest":1,"minecraft:shield":25,"minecraft:wooden_pickaxe":22,"minecraft:stone":26,"minecraft:cobblestone_slab":27,"minecraft:dirt":237,"minecraft:crafting_table":6,"minecraft:white_bed":2,"minecraft:raw_iron_block":4,"minecraft:smoker":1,"minecraft:birch_door":4,"minecraft:oak_log":13,"minecraft:cornflower":1,"minecraft:black_wool":1,"minecraft:sunflower":7,"minecraft:grass_block":12,"minecraft:stone_slab":13,"minecraft:gravel":22,"minecraft:stone_axe":312,"minecraft:cobblestone":54,"minecraft:bow":1,"minecraft:white_banner":1,"minecraft:oak_sapling":2,"minecraft:furnace":8,"minecraft:cooked_porkchop":1,"minecraft:bucket":67,"minecraft:oak_boat":5,"minecraft:egg":1,"minecraft:cooked_beef":7,"minecraft:dandelion":1},"minecraft:picked_up":{"minecraft:birch_log":7,"minecraft:birch_door":2,"minecraft:crafting_table":5,"minecraft:feather":2,"minecraft:chicken":3,"minecraft:stone_slab":2,"minecraft:leather":4,"minecraft:potato":1,"minecraft:birch_planks":3,"minecraft:flint":1,"minecraft:oak_log":157,"minecraft:gunpowder":1,"minecraft:cornflower":1,"minecraft:string":2,"minecraft:dirt":429,"minecraft:white_banner":2,"minecraft:cooked_mutton":4,"minecraft:bone":5,"minecraft:orange_tulip":1,"minecraft:bow":1,"minecraft:wheat_seeds":18,"minecraft:white_tulip":2,"minecraft:cobblestone_slab":30,"minecraft:beef":8,"minecraft:cooked_chicken":1,"minecraft:oak_boat":5,"minecraft:oak_planks":138,"minecraft:egg":1,"minecraft:furnace":8,"minecraft:stick":18,"minecraft:cooked_porkchop":1,"minecraft:dandelion":3,"minecraft:gravel":1,"minecraft:porkchop":10,"minecraft:white_bed":1,"minecraft:grass_block":1,"minecraft:spider_eye":1,"minecraft:arrow":7,"minecraft:rotten_flesh":8,"minecraft:red_tulip":1,"minecraft:coal":55,"minecraft:oak_sapling":10,"minecraft:black_wool":2,"minecraft:mutton":18,"minecraft:ender_pearl":1,"minecraft:white_wool":13,"minecraft:cobblestone":282,"minecraft:sunflower":18},"minecraft:mined":{"minecraft:white_bed":1,"minecraft:dandelion":2,"minecraft:crafting_table":5,"minecraft:grass_block":292,"minecraft:stone_slab":2,"minecraft:cobblestone":29,"minecraft:tall_grass":19,"minecraft:oak_planks":58,"minecraft:birch_planks":3,"minecraft:furnace":6,"minecraft:birch_log":7,"minecraft:birch_door":2,"minecraft:birch_leaves":3,"minecraft:black_wool":1,"minecraft:grass":72,"minecraft:coal_ore":28,"minecraft:oak_log":161,"minecraft:cobblestone_slab":24,"minecraft:sunflower":20,"minecraft:gravel":2,"minecraft:dirt":114,"minecraft:stone":192,"minecraft:oak_leaves":95},"minecraft:dropped":{"minecraft:furnace":2,"minecraft:oak_log":5,"minecraft:cobblestone":29,"minecraft:white_banner":1}},"DataVersion":3463}