{"stats":{"minecraft:dropped":{"minecraft:iron_sword":3,"minecraft:porkchop":2,"minecraft:lapis_lazuli":90,"minecraft:cooked_beef":30,"minecraft:ender_pearl":2,"minecraft:diamond":6,"minecraft:crafting_table":3,"minecraft:leather":3,"minecraft:jungle_planks":111,"minecraft:flint":1,"minecraft:dirt":7,"minecraft:cracked_polished_blackstone_bricks":3,"minecraft:coast_armor_trim_smithing_template":4,"minecraft:gilded_blackstone":8,"minecraft:chain":3,"minecraft:wooden_sword":1,"minecraft:gold_nugget":7,"minecraft:bone_meal":14,"minecraft:bone_block":1,"minecraft:polished_blackstone_bricks":2,"minecraft:iron_pickaxe":1,"minecraft:white_wool":7,"minecraft:tropical_fish_bucket":1,"minecraft:bone":5,"minecraft:gravel":20,"minecraft:stone_axe":1,"minecraft:iron_nugget":13,"minecraft:cobbled_deepslate":105,"minecraft:rotten_flesh":25,"minecraft:diamond_shovel":1,"minecraft:white_bed":1,"minecraft:gunpowder":1,"minecraft:jungle_log":235,"minecraft:basalt":1,"minecraft:arrow":53,"minecraft:beef":8,"minecraft:water_bucket":1,"minecraft:stone_hoe":1,"minecraft:golden_boots":2,"minecraft:iron_ingot":67,"minecraft:wheat_seeds":10,"minecraft:iron_helmet":3,"minecraft:golden_axe":5,"minecraft:oak_fence":12,"minecraft:feather":13,"minecraft:cobblestone":105,"minecraft:spectral_arrow":22,"minecraft:granite":15,"minecraft:coal":7,"minecraft:golden_apple":1,"minecraft:stick":6,"minecraft:lava_bucket":2,"minecraft:jungle_slab":1,"minecraft:wooden_hoe":1,"minecraft:sculk_catalyst":2,"minecraft:iron_leggings":3,"minecraft:oak_stairs":2,"minecraft:paper":9,"minecraft:string":2,"minecraft:bamboo_planks":6,"minecraft:tuff":49,"minecraft:experience_bottle":1,"minecraft:raw_iron":50,"minecraft:light_gray_wool":1,"minecraft:clay_ball":116,"minecraft:iron_boots":1,"minecraft:skeleton_spawn_egg":1,"minecraft:flint_and_steel":1,"minecraft:filled_map":2,"minecraft:shield":3,"minecraft:powder_snow_bucket":1,"minecraft:iron_chestplate":2,"minecraft:andesite":26,"minecraft:spider_eye":1,"minecraft:bamboo":9,"minecraft:stone_pickaxe":1,"minecraft:wooden_pickaxe":1,"minecraft:raw_gold":15},"minecraft:killed_by":{"minecraft:piglin_brute":1,"minecraft:piglin":6,"minecraft:zombie":1,"minecraft:player":4,"minecraft:enderman":2,"minecraft:skeleton":5},"minecraft:used":{"minecraft:moss_block":13,"minecraft:chest":7,"minecraft:shield":46,"minecraft:iron_sword":207,"minecraft:rotten_flesh":30,"minecraft:mutton":6,"minecraft:skeleton_spawn_egg":2,"minecraft:jungle_planks":61,"minecraft:axolotl_bucket":5,"minecraft:jungle_sapling":18,"minecraft:lava_bucket":14,"minecraft:jungle_fence_gate":1,"minecraft:grass_block":50,"minecraft:furnace":8,"minecraft:oak_sapling":1,"minecraft:golden_boots":4,"minecraft:cow_spawn_egg":8,"minecraft:oak_planks":70,"minecraft:stone_pickaxe":241,"minecraft:jungle_fence":18,"minecraft:wooden_pickaxe":28,"minecraft:jungle_boat":10,"minecraft:sand":5,"minecraft:gravel":23,"minecraft:golden_helmet":1,"minecraft:diamond_sword":3,"minecraft:wooden_sword":85,"minecraft:oak_boat":1,"minecraft:bone_meal":2,"minecraft:oak_fence":35,"minecraft:jungle_leaves":62,"minecraft:stone_sword":644,"minecraft:flint_and_steel":37,"minecraft:stone_shovel":18,"minecraft:cooked_chicken":10,"minecraft:stone_hoe":1,"minecraft:bamboo_door":43,"minecraft:oak_door":3,"minecraft:dirt":222,"minecraft:jungle_trapdoor":2,"minecraft:oak_fence_gate":1,"minecraft:iron_axe":58,"minecraft:jungle_log":7,"minecraft:bamboo":44,"minecraft:beef":3,"minecraft:cooked_beef":26,"minecraft:bamboo_planks":2,"minecraft:golden_axe":7,"minecraft:wheat_seeds":1,"minecraft:cooked_mutton":26,"minecraft:water_bucket":27,"minecraft:polished_blackstone_bricks":5,"minecraft:gilded_blackstone":1,"minecraft:salmon":6,"minecraft:crafting_table":25,"minecraft:bamboo_block":1,"minecraft:white_bed":12,"minecraft:oak_log":1,"minecraft:wooden_hoe":2,"minecraft:chicken":1,"minecraft:iron_pickaxe":569,"minecraft:map":2,"minecraft:stone_axe":297,"minecraft:cobblestone":102,"minecraft:cooked_porkchop":10,"minecraft:jungle_door":25,"minecraft:bucket":49,"minecraft:gray_wool":2},"minecraft:killed":{"minecraft:spider":10,"minecraft:skeleton":18,"minecraft:chicken":2,"minecraft:tropical_fish":1,"minecraft:piglin":10,"minecraft:zombie_villager":1,"minecraft:salmon":4,"minecraft:creeper":17,"minecraft:sheep":16,"minecraft:zombie":51,"minecraft:cow":7,"minecraft:panda":1,"minecraft:drowned":3,"minecraft:enderman":4},"minecraft:mined":{"minecraft:white_bed":8,"minecraft:jungle_leaves":7,"minecraft:granite":22,"minecraft:grass_block":13,"minecraft:jungle_log":143,"minecraft:cracked_polished_blackstone_bricks":5,"minecraft:bamboo_block":1,"minecraft:polished_blackstone_bricks":13,"minecraft:tall_seagrass":5,"minecraft:iron_ore":129,"minecraft:fire":29,"minecraft:deepslate_lapis_ore":10,"minecraft:oak_stairs":2,"minecraft:jungle_door":20,"minecraft:clay":42,"minecraft:chest":1,"minecraft:cobblestone":20,"minecraft:sugar_cane":2,"minecraft:oak_planks":14,"minecraft:seagrass":1,"minecraft:bamboo_planks":2,"minecraft:birch_log":1,"minecraft:wheat":1,"minecraft:oak_log":36,"minecraft:sand":5,"minecraft:dirt":46,"minecraft:oak_leaves":63,"minecraft:deepslate":116,"minecraft:diamond_ore":4,"minecraft:tuff":60,"minecraft:deepslate_diamond_ore":5,"minecraft:oak_door":2,"minecraft:bamboo_door":31,"minecraft:jungle_planks":13,"minecraft:moss_block":2,"minecraft:furnace":5,"minecraft:jungle_sapling":2,"minecraft:andesite":36,"minecraft:deepslate_iron_ore":23,"minecraft:vine":16,"minecraft:bamboo":419,"minecraft:stone":307,"minecraft:white_wool":1,"minecraft:podzol":1,"minecraft:basalt":1,"minecraft:oak_fence":3,"minecraft:crafting_table":23,"minecraft:short_grass":84,"minecraft:tall_grass":5,"minecraft:lapis_ore":10,"minecraft:deepslate_gold_ore":4,"minecraft:diorite":5,"minecraft:birch_planks":19,"minecraft:birch_leaves":8,"minecraft:coal_ore":25,"minecraft:gravel":31,"minecraft:gold_ore":11,"minecraft:fern":16},"minecraft:broken":{"minecraft:golden_helmet":1,"minecraft:wooden_sword":1,"minecraft:stone_axe":1,"minecraft:stone_sword":7,"minecraft:iron_pickaxe":1},"minecraft:picked_up":{"minecraft:iron_chestplate":2,"minecraft:wheat":2,"minecraft:oak_stairs":2,"minecraft:golden_sword":2,"minecraft:amethyst_block":4,"minecraft:string":17,"minecraft:iron_leggings":3,"minecraft:experience_bottle":1,"minecraft:gold_nugget":6,"minecraft:cobbled_deepslate":198,"minecraft:calcite":5,"minecraft:azalea":2,"minecraft:iron_pickaxe":6,"minecraft:furnace":6,"minecraft:iron_boots":1,"minecraft:golden_helmet":4,"minecraft:stick":74,"minecraft:jungle_door":20,"minecraft:oak_fence":2,"minecraft:porkchop":4,"minecraft:golden_axe":4,"minecraft:bamboo_door":42,"minecraft:bamboo_block":1,"minecraft:stone_sword":6,"minecraft:rotten_flesh":106,"minecraft:tropical_fish":1,"minecraft:cobblestone":499,"minecraft:birch_log":1,"minecraft:feather":62,"minecraft:cooked_beef":135,"minecraft:water_bucket":9,"minecraft:andesite":98,"minecraft:jungle_log":208,"minecraft:potato":2,"minecraft:flint":3,"minecraft:tuff":61,"minecraft:map":3,"minecraft:lapis_lazuli":144,"minecraft:dirt":297,"minecraft:bone":48,"minecraft:wheat_seeds":25,"minecraft:raw_gold":15,"minecraft:bamboo":4143,"minecraft:moss_block":19,"minecraft:oak_planks":653,"minecraft:cooked_porkchop":1,"minecraft:jungle_planks":127,"minecraft:sand":5,"minecraft:grass_block":3,"minecraft:jungle_slab":2,"minecraft:skeleton_spawn_egg":1,"minecraft:clay":1,"minecraft:diamond":9,"minecraft:cracked_polished_blackstone_bricks":3,"minecraft:granite":41,"minecraft:bone_meal":20,"minecraft:emerald":10,"minecraft:oak_sapling":1,"minecraft:crafting_table":31,"minecraft:chicken":3,"minecraft:clay_ball":218,"minecraft:wooden_pickaxe":3,"minecraft:gold_block":3,"minecraft:shield":8,"minecraft:moss_carpet":4,"minecraft:iron_axe":5,"minecraft:wooden_sword":1,"minecraft:flint_and_steel":4,"minecraft:beef":27,"minecraft:oak_boat":1,"minecraft:jungle_sapling":13,"minecraft:iron_nugget":22,"minecraft:light_gray_wool":1,"minecraft:sugar_cane":9,"minecraft:chest":1,"minecraft:raw_iron":164,"minecraft:oak_door":14,"minecraft:polished_blackstone_bricks":36,"minecraft:jungle_fence_gate":1,"minecraft:arrow":72,"minecraft:gold_ingot":10,"minecraft:mutton":6,"minecraft:white_wool":45,"minecraft:jungle_boat":16,"minecraft:basalt":1,"minecraft:salmon":6,"minecraft:leather":59,"minecraft:jungle_fence":18,"minecraft:birch_planks":17,"minecraft:oak_log":39,"minecraft:golden_boots":4,"minecraft:gunpowder":40,"minecraft:wooden_hoe":1,"minecraft:paper":13,"minecraft:cooked_mutton":31,"minecraft:coast_armor_trim_smithing_template":6,"minecraft:iron_ingot":41,"minecraft:stone_pickaxe":2,"minecraft:cooked_chicken":15,"minecraft:flowering_azalea":1,"minecraft:iron_sword":7,"minecraft:book":16,"minecraft:sculk_catalyst":2,"minecraft:smooth_basalt":1,"minecraft:bamboo_planks":26,"minecraft:gravel":59,"minecraft:lava_bucket":1,"minecraft:white_bed":13,"minecraft:spider_eye":7,"minecraft:stone_axe":4,"minecraft:iron_helmet":3,"minecraft:gray_wool":4,"minecraft:coal":44,"minecraft:ender_pearl":4},"minecraft:custom":{"minecraft:animals_bred":3,"minecraft:interact_with_crafting_table":79,"minecraft:leave_game":2,"minecraft:time_since_death":8323,"minecraft:sprint_one_cm":624311,"minecraft:damage_blocked_by_shield":2937,"minecraft:drop":165,"minecraft:play_time":334044,"minecraft:deaths":26,"minecraft:jump":5067,"minecraft:walk_on_water_one_cm":38330,"minecraft:interact_with_furnace":71,"minecraft:sleep_in_bed":9,"minecraft:damage_dealt":24166,"minecraft:player_kills":2,"minecraft:crouch_one_cm":117132,"minecraft:mob_kills":157,"minecraft:climb_one_cm":22329,"minecraft:walk_one_cm":409892,"minecraft:sneak_time":34051,"minecraft:walk_under_water_one_cm":64115,"minecraft:boat_one_cm":212300,"minecraft:total_world_time":334044,"minecraft:time_since_rest":8347,"minecraft:damage_taken":12200,"minecraft:swim_one_cm":267284,"minecraft:fly_one_cm":833441,"minecraft:open_chest":79,"minecraft:fall_one_cm":189634},"minecraft:crafted":{"minecraft:oak_planks":152,"minecraft:cooked_chicken":5,"minecraft:bamboo_door":9,"minecraft:bamboo_block":36,"minecraft:iron_boots":1,"minecraft:chest":6,"minecraft:stone_hoe":1,"minecraft:oak_fence":45,"minecraft:cooked_porkchop":8,"minecraft:crafting_table":9,"minecraft:jungle_boat":1,"minecraft:wooden_pickaxe":1,"minecraft:iron_helmet":1,"minecraft:birch_planks":4,"minecraft:bamboo_planks":4,"minecraft:iron_chestplate":1,"minecraft:wooden_hoe":1,"minecraft:shield":2,"minecraft:stick":144,"minecraft:iron_ingot":65,"minecraft:iron_pickaxe":3,"minecraft:stone_sword":6,"minecraft:wooden_sword":1,"minecraft:oak_door":3,"minecraft:stone_shovel":1,"minecraft:iron_nugget":9,"minecraft:furnace":3,"minecraft:jungle_trapdoor":2,"minecraft:bone_meal":6,"minecraft:flint_and_steel":1,"minecraft:stone_pickaxe":4,"minecraft:cooked_beef":7,"minecraft:iron_sword":1,"minecraft:bucket":3,"minecraft:stone_axe":5,"minecraft:air":0,"minecraft:jungle_planks":144,"minecraft:oak_fence_gate":1,"minecraft:oak_boat":1,"minecraft:jungle_door":6,"minecraft:iron_leggings":1,"minecraft:white_bed":1}},"DataVersion":3953}