{"stats":{"minecraft:dropped":{"minecraft:iron_sword":3,"minecraft:porkchop":2,"minecraft:lapis_lazuli":90,"minecraft:cooked_beef":30,"minecraft:ender_pearl":2,"minecraft:diamond":6,"minecraft:crafting_table":3,"minecraft:leather":3,"minecraft:jungle_planks":128,"minecraft:flint":1,"minecraft:dirt":7,"minecraft:cracked_polished_blackstone_bricks":3,"minecraft:coast_armor_trim_smithing_template":4,"minecraft:gilded_blackstone":8,"minecraft:chain":3,"minecraft:wooden_sword":1,"minecraft:gold_nugget":7,"minecraft:bone_meal":14,"minecraft:bone_block":1,"minecraft:axolotl_bucket":1,"minecraft:polished_blackstone_bricks":2,"minecraft:iron_pickaxe":2,"minecraft:white_wool":7,"minecraft:tropical_fish_bucket":1,"minecraft:bone":5,"minecraft:gravel":39,"minecraft:stone_axe":1,"minecraft:iron_nugget":13,"minecraft:cobbled_deepslate":105,"minecraft:rotten_flesh":25,"minecraft:diamond_shovel":1,"minecraft:white_bed":1,"minecraft:gunpowder":2,"minecraft:jungle_log":254,"minecraft:azalea":2,"minecraft:basalt":1,"minecraft:arrow":53,"minecraft:beef":8,"minecraft:water_bucket":1,"minecraft:stone_hoe":1,"minecraft:golden_boots":2,"minecraft:iron_ingot":67,"minecraft:wheat_seeds":12,"minecraft:iron_helmet":3,"minecraft:golden_axe":5,"minecraft:oak_fence":12,"minecraft:feather":13,"minecraft:cobblestone":109,"minecraft:spectral_arrow":22,"minecraft:granite":27,"minecraft:grass_block":1,"minecraft:coal":7,"minecraft:golden_apple":1,"minecraft:stick":6,"minecraft:lava_bucket":2,"minecraft:jungle_slab":1,"minecraft:wooden_hoe":1,"minecraft:sculk_catalyst":2,"minecraft:jungle_door":3,"minecraft:iron_leggings":3,"minecraft:oak_stairs":2,"minecraft:paper":9,"minecraft:string":2,"minecraft:bamboo_planks":6,"minecraft:tuff":49,"minecraft:experience_bottle":1,"minecraft:raw_iron":50,"minecraft:light_gray_wool":1,"minecraft:clay_ball":116,"minecraft:iron_boots":1,"minecraft:skeleton_spawn_egg":1,"minecraft:flint_and_steel":1,"minecraft:filled_map":2,"minecraft:shield":4,"minecraft:powder_snow_bucket":1,"minecraft:iron_chestplate":2,"minecraft:andesite":26,"minecraft:spider_eye":1,"minecraft:bamboo":9,"minecraft:stone_pickaxe":1,"minecraft:wooden_pickaxe":1,"minecraft:raw_gold":15},"minecraft:killed_by":{"minecraft:piglin_brute":1,"minecraft:piglin":6,"minecraft:zombie":1,"minecraft:player":4,"minecraft:enderman":2,"minecraft:skeleton":5},"minecraft:used":{"minecraft:moss_block":14,"minecraft:chest":17,"minecraft:shield":87,"minecraft:iron_sword":394,"minecraft:rotten_flesh":35,"minecraft:mutton":6,"minecraft:skeleton_spawn_egg":2,"minecraft:jungle_planks":62,"minecraft:jungle_slab":2,"minecraft:tuff":5,"minecraft:axolotl_bucket":20,"minecraft:milk_bucket":1,"minecraft:jungle_sapling":19,"minecraft:lava_bucket":24,"minecraft:jungle_fence_gate":1,"minecraft:grass_block":57,"minecraft:furnace":12,"minecraft:oak_sapling":1,"minecraft:golden_boots":4,"minecraft:cow_spawn_egg":8,"minecraft:oak_planks":70,"minecraft:stone_pickaxe":241,"minecraft:jungle_fence":18,"minecraft:wooden_pickaxe":28,"minecraft:clay":1,"minecraft:jungle_boat":10,"minecraft:sand":5,"minecraft:dripstone_block":2,"minecraft:gravel":291,"minecraft:golden_helmet":1,"minecraft:diamond_sword":3,"minecraft:wooden_sword":85,"minecraft:oak_boat":9,"minecraft:bone_meal":2,"minecraft:azalea":1,"minecraft:oak_fence":35,"minecraft:jungle_leaves":62,"minecraft:stone_sword":644,"minecraft:flint_and_steel":37,"minecraft:stone_shovel":57,"minecraft:cooked_chicken":10,"minecraft:stone_hoe":1,"minecraft:bamboo_door":43,"minecraft:oak_door":3,"minecraft:dirt":790,"minecraft:jungle_trapdoor":2,"minecraft:granite":3,"minecraft:oak_fence_gate":1,"minecraft:iron_axe":58,"minecraft:jungle_log":34,"minecraft:bamboo":44,"minecraft:beef":3,"minecraft:podzol":46,"minecraft:cooked_beef":59,"minecraft:cobbled_deepslate":153,"minecraft:bamboo_planks":2,"minecraft:golden_axe":7,"minecraft:wheat_seeds":1,"minecraft:cooked_mutton":26,"minecraft:water_bucket":68,"minecraft:polished_blackstone_bricks":5,"minecraft:gilded_blackstone":1,"minecraft:salmon":6,"minecraft:crafting_table":35,"minecraft:bamboo_block":1,"minecraft:white_bed":12,"minecraft:oak_log":1,"minecraft:wooden_hoe":2,"minecraft:diamond_pickaxe":2,"minecraft:chicken":1,"minecraft:oak_button":1,"minecraft:iron_pickaxe":1384,"minecraft:map":2,"minecraft:stone_axe":325,"minecraft:cobblestone":158,"minecraft:cooked_porkchop":10,"minecraft:jungle_door":27,"minecraft:bucket":116,"minecraft:gray_wool":2},"minecraft:killed":{"minecraft:cave_spider":1,"minecraft:spider":18,"minecraft:skeleton":33,"minecraft:chicken":2,"minecraft:tropical_fish":1,"minecraft:piglin":10,"minecraft:pig":1,"minecraft:zombie_villager":1,"minecraft:salmon":4,"minecraft:creeper":28,"minecraft:sheep":16,"minecraft:pillager":2,"minecraft:zombie":76,"minecraft:cow":7,"minecraft:panda":1,"minecraft:drowned":5,"minecraft:enderman":7},"minecraft:mined":{"minecraft:white_bed":8,"minecraft:jungle_leaves":7,"minecraft:granite":29,"minecraft:grass_block":16,"minecraft:jungle_log":143,"minecraft:cracked_polished_blackstone_bricks":5,"minecraft:bamboo_block":1,"minecraft:polished_blackstone_bricks":13,"minecraft:tall_seagrass":5,"minecraft:raw_iron_block":1,"minecraft:cobbled_deepslate":3,"minecraft:iron_ore":172,"minecraft:fire":32,"minecraft:deepslate_lapis_ore":59,"minecraft:oak_stairs":2,"minecraft:azalea":5,"minecraft:deepslate_redstone_ore":2,"minecraft:jungle_door":22,"minecraft:clay":45,"minecraft:chest":3,"minecraft:cobblestone":23,"minecraft:sugar_cane":2,"minecraft:oak_planks":16,"minecraft:seagrass":1,"minecraft:bamboo_planks":2,"minecraft:birch_log":1,"minecraft:wheat":1,"minecraft:oak_log":36,"minecraft:sand":5,"minecraft:dirt":52,"minecraft:oak_leaves":63,"minecraft:deepslate":426,"minecraft:diamond_ore":4,"minecraft:tuff":102,"minecraft:deepslate_diamond_ore":17,"minecraft:oak_door":2,"minecraft:bamboo_door":31,"minecraft:jungle_planks":14,"minecraft:moss_block":5,"minecraft:furnace":5,"minecraft:jungle_sapling":3,"minecraft:andesite":36,"minecraft:deepslate_iron_ore":134,"minecraft:vine":20,"minecraft:bamboo":419,"minecraft:stone":370,"minecraft:white_wool":1,"minecraft:podzol":1,"minecraft:flowering_azalea":2,"minecraft:basalt":1,"minecraft:oak_fence":3,"minecraft:crafting_table":34,"minecraft:short_grass":94,"minecraft:tall_grass":9,"minecraft:lapis_ore":18,"minecraft:deepslate_gold_ore":57,"minecraft:diorite":5,"minecraft:birch_planks":19,"minecraft:birch_leaves":8,"minecraft:coal_ore":114,"minecraft:dripstone_block":1,"minecraft:gravel":61,"minecraft:gold_ore":17,"minecraft:fern":19},"minecraft:broken":{"minecraft:golden_helmet":1,"minecraft:wooden_sword":1,"minecraft:stone_axe":1,"minecraft:iron_sword":1,"minecraft:stone_sword":7,"minecraft:shield":1,"minecraft:iron_pickaxe":5},"minecraft:picked_up":{"minecraft:iron_chestplate":2,"minecraft:wheat":2,"minecraft:oak_stairs":2,"minecraft:golden_sword":2,"minecraft:amethyst_block":4,"minecraft:lapis_block":14,"minecraft:string":26,"minecraft:iron_leggings":3,"minecraft:experience_bottle":1,"minecraft:gold_nugget":9,"minecraft:cobbled_deepslate":539,"minecraft:bucket":2,"minecraft:calcite":5,"minecraft:azalea":5,"minecraft:iron_pickaxe":6,"minecraft:furnace":6,"minecraft:iron_boots":1,"minecraft:golden_helmet":4,"minecraft:stick":74,"minecraft:jungle_door":22,"minecraft:oak_fence":14,"minecraft:porkchop":4,"minecraft:golden_axe":4,"minecraft:pointed_dripstone":9,"minecraft:bamboo_door":50,"minecraft:bamboo_block":35,"minecraft:stone_sword":6,"minecraft:rotten_flesh":138,"minecraft:tropical_fish":1,"minecraft:cobblestone":568,"minecraft:birch_log":1,"minecraft:feather":67,"minecraft:cooked_beef":135,"minecraft:water_bucket":9,"minecraft:andesite":98,"minecraft:jungle_log":296,"minecraft:potato":3,"minecraft:flint":19,"minecraft:tuff":110,"minecraft:map":4,"minecraft:lapis_lazuli":665,"minecraft:dirt":333,"minecraft:bone":59,"minecraft:wheat_seeds":42,"minecraft:raw_gold":131,"minecraft:bamboo":6574,"minecraft:moss_block":20,"minecraft:oak_planks":677,"minecraft:cooked_porkchop":4,"minecraft:axolotl_bucket":1,"minecraft:jungle_planks":288,"minecraft:sand":5,"minecraft:grass_block":3,"minecraft:jungle_slab":79,"minecraft:skeleton_spawn_egg":1,"minecraft:clay":2,"minecraft:diamond":29,"minecraft:cracked_polished_blackstone_bricks":3,"minecraft:granite":48,"minecraft:bone_meal":30,"minecraft:emerald":15,"minecraft:oak_sapling":1,"minecraft:crafting_table":42,"minecraft:ominous_bottle":1,"minecraft:chicken":3,"minecraft:clay_ball":242,"minecraft:wooden_pickaxe":4,"minecraft:gold_block":4,"minecraft:shield":9,"minecraft:moss_carpet":4,"minecraft:iron_axe":5,"minecraft:wooden_sword":1,"minecraft:flint_and_steel":4,"minecraft:beef":27,"minecraft:oak_boat":9,"minecraft:jungle_sapling":18,"minecraft:iron_nugget":22,"minecraft:light_gray_wool":1,"minecraft:sugar_cane":9,"minecraft:chest":3,"minecraft:raw_iron":322,"minecraft:oak_door":14,"minecraft:polished_blackstone_bricks":36,"minecraft:jungle_fence_gate":1,"minecraft:redstone":9,"minecraft:tnt":2,"minecraft:arrow":86,"minecraft:gold_ingot":16,"minecraft:mutton":6,"minecraft:white_wool":52,"minecraft:jungle_boat":16,"minecraft:basalt":1,"minecraft:salmon":6,"minecraft:leather":62,"minecraft:jungle_fence":18,"minecraft:filled_map":1,"minecraft:birch_planks":17,"minecraft:oak_log":40,"minecraft:golden_boots":4,"minecraft:gunpowder":50,"minecraft:wooden_hoe":1,"minecraft:paper":13,"minecraft:cooked_mutton":31,"minecraft:coast_armor_trim_smithing_template":8,"minecraft:heart_of_the_sea":1,"minecraft:iron_ingot":41,"minecraft:stone_pickaxe":2,"minecraft:cooked_chicken":15,"minecraft:flowering_azalea":1,"minecraft:iron_sword":8,"minecraft:book":24,"minecraft:sculk_catalyst":2,"minecraft:smooth_basalt":1,"minecraft:bamboo_planks":26,"minecraft:raw_iron_block":1,"minecraft:dripstone_block":2,"minecraft:gravel":131,"minecraft:lava_bucket":1,"minecraft:white_bed":13,"minecraft:spider_eye":14,"minecraft:diamond_shovel":1,"minecraft:stone_axe":4,"minecraft:iron_helmet":3,"minecraft:gray_wool":4,"minecraft:oak_button":1,"minecraft:melon_seeds":2,"minecraft:coal":200,"minecraft:ender_pearl":6},"minecraft:custom":{"minecraft:animals_bred":3,"minecraft:interact_with_crafting_table":93,"minecraft:leave_game":2,"minecraft:time_since_death":110323,"minecraft:sprint_one_cm":899634,"minecraft:damage_blocked_by_shield":6055,"minecraft:drop":185,"minecraft:talked_to_villager":1,"minecraft:play_time":436044,"minecraft:deaths":26,"minecraft:jump":7599,"minecraft:walk_on_water_one_cm":59203,"minecraft:interact_with_furnace":86,"minecraft:sleep_in_bed":11,"minecraft:damage_dealt":37996,"minecraft:player_kills":2,"minecraft:crouch_one_cm":184104,"minecraft:mob_kills":225,"minecraft:climb_one_cm":25083,"minecraft:walk_one_cm":559648,"minecraft:sneak_time":52735,"minecraft:walk_under_water_one_cm":76948,"minecraft:boat_one_cm":308749,"minecraft:total_world_time":436044,"minecraft:time_since_rest":39692,"minecraft:damage_taken":14576,"minecraft:swim_one_cm":293374,"minecraft:fly_one_cm":1240296,"minecraft:open_chest":130,"minecraft:fall_one_cm":266447},"minecraft:crafted":{"minecraft:oak_planks":152,"minecraft:cooked_chicken":5,"minecraft:bamboo_door":9,"minecraft:bamboo_block":36,"minecraft:iron_boots":1,"minecraft:chest":14,"minecraft:oak_button":1,"minecraft:stone_hoe":1,"minecraft:oak_fence":45,"minecraft:cooked_porkchop":8,"minecraft:crafting_table":9,"minecraft:jungle_boat":1,"minecraft:wooden_pickaxe":1,"minecraft:iron_helmet":1,"minecraft:birch_planks":4,"minecraft:bamboo_planks":4,"minecraft:iron_chestplate":1,"minecraft:wooden_hoe":1,"minecraft:shield":3,"minecraft:stick":180,"minecraft:iron_ingot":117,"minecraft:iron_pickaxe":7,"minecraft:stone_sword":6,"minecraft:wooden_sword":1,"minecraft:oak_door":3,"minecraft:raw_iron":9,"minecraft:stone_shovel":1,"minecraft:iron_nugget":9,"minecraft:furnace":6,"minecraft:jungle_trapdoor":2,"minecraft:bone_meal":6,"minecraft:flint_and_steel":1,"minecraft:stone_pickaxe":4,"minecraft:cooked_beef":13,"minecraft:iron_sword":1,"minecraft:bucket":4,"minecraft:stone_axe":5,"minecraft:air":0,"minecraft:jungle_planks":204,"minecraft:oak_fence_gate":1,"minecraft:oak_boat":1,"minecraft:jungle_door":9,"minecraft:iron_leggings":1,"minecraft:white_bed":1,"minecraft:lapis_block":14}},"DataVersion":3953}