{"stats":{"minecraft:killed":{"minecraft:pig":5,"minecraft:spider":2,"minecraft:creeper":2,"minecraft:sheep":14,"minecraft:skeleton":5,"minecraft:zombie":8,"minecraft:chicken":3,"minecraft:enderman":4,"minecraft:cow":3},"minecraft:killed_by":{"minecraft:zombie":1},"minecraft:crafted":{"minecraft:cooked_beef":8,"minecraft:oak_planks":112,"minecraft:raw_iron":9,"minecraft:crafting_table":2,"minecraft:cooked_chicken":2,"minecraft:wooden_pickaxe":1,"minecraft:furnace":2,"minecraft:bucket":1,"minecraft:birch_planks":28,"minecraft:stone_axe":3,"minecraft:cooked_mutton":12,"minecraft:air":0,"minecraft:flint_and_steel":1,"minecraft:oak_boat":1,"minecraft:iron_boots":1,"minecraft:shield":1,"minecraft:stick":20,"minecraft:iron_ingot":9,"minecraft:stone_pickaxe":3,"minecraft:stone_sword":1,"minecraft:chest":1,"minecraft:white_bed":1,"minecraft:smoker":1},"minecraft:broken":{"minecraft:stone_pickaxe":1,"minecraft:stone_axe":1},"minecraft:custom":{"minecraft:interact_with_furnace":31,"minecraft:mob_kills":46,"minecraft:interact_with_crafting_table":21,"minecraft:leave_game":6,"minecraft:time_since_death":48988,"minecraft:sleep_in_bed":2,"minecraft:time_since_rest":11636,"minecraft:sprint_one_cm":120204,"minecraft:damage_blocked_by_shield":540,"minecraft:damage_taken":898,"minecraft:walk_one_cm":81635,"minecraft:damage_dealt":6729,"minecraft:swim_one_cm":3725,"minecraft:fly_one_cm":172551,"minecraft:open_chest":13,"minecraft:crouch_one_cm":10981,"minecraft:play_time":56734,"minecraft:deaths":1,"minecraft:sneak_time":2757,"minecraft:walk_under_water_one_cm":5348,"minecraft:boat_one_cm":122,"minecraft:jump":1002,"minecraft:walk_on_water_one_cm":1933,"minecraft:total_world_time":56734,"minecraft:fall_one_cm":26592},"minecraft:used":{"minecraft:cooked_mutton":4,"minecraft:water_bucket":18,"minecraft:stone_sword":64,"minecraft:iron_ore":28,"minecraft:stone_pickaxe":197,"minecraft:oak_planks":5,"minecraft:chest":1,"minecraft:shield":11,"minecraft:wooden_pickaxe":22,"minecraft:dirt":145,"minecraft:crafting_table":6,"minecraft:white_bed":1,"minecraft:raw_iron_block":4,"minecraft:oak_log":2,"minecraft:cornflower":1,"minecraft:black_wool":1,"minecraft:sunflower":7,"minecraft:grass_block":12,"minecraft:gravel":22,"minecraft:stone_axe":127,"minecraft:cobblestone":25,"minecraft:bow":1,"minecraft:oak_sapling":2,"minecraft:furnace":5,"minecraft:bucket":19,"minecraft:oak_boat":5,"minecraft:egg":1,"minecraft:cooked_beef":7,"minecraft:dandelion":1},"minecraft:picked_up":{"minecraft:birch_log":7,"minecraft:crafting_table":5,"minecraft:feather":2,"minecraft:chicken":3,"minecraft:leather":4,"minecraft:potato":1,"minecraft:flint":1,"minecraft:oak_log":77,"minecraft:gunpowder":1,"minecraft:cornflower":1,"minecraft:string":2,"minecraft:dirt":63,"minecraft:cooked_mutton":4,"minecraft:bone":5,"minecraft:bow":1,"minecraft:wheat_seeds":5,"minecraft:beef":8,"minecraft:cooked_chicken":1,"minecraft:oak_boat":5,"minecraft:oak_planks":73,"minecraft:egg":1,"minecraft:furnace":4,"minecraft:stick":10,"minecraft:cooked_porkchop":1,"minecraft:dandelion":3,"minecraft:gravel":1,"minecraft:porkchop":9,"minecraft:white_bed":1,"minecraft:grass_block":1,"minecraft:spider_eye":1,"minecraft:arrow":6,"minecraft:rotten_flesh":8,"minecraft:coal":28,"minecraft:oak_sapling":4,"minecraft:black_wool":1,"minecraft:mutton":18,"minecraft:ender_pearl":1,"minecraft:white_wool":13,"minecraft:cobblestone":186,"minecraft:sunflower":17},"minecraft:mined":{"minecraft:white_bed":1,"minecraft:dandelion":2,"minecraft:crafting_table":5,"minecraft:grass_block":19,"minecraft:tall_grass":14,"minecraft:oak_planks":5,"minecraft:furnace":4,"minecraft:birch_log":7,"minecraft:grass":40,"minecraft:coal_ore":28,"minecraft:oak_log":78,"minecraft:sunflower":19,"minecraft:gravel":2,"minecraft:dirt":14,"minecraft:stone":186,"minecraft:oak_leaves":18}},"DataVersion":3463}