{"stats":{"minecraft:dropped":{"minecraft:iron_sword":3,"minecraft:soul_sand":1,"minecraft:porkchop":2,"minecraft:diamond_axe":1,"minecraft:lapis_lazuli":154,"minecraft:cooked_beef":85,"minecraft:oak_log":431,"minecraft:ender_pearl":2,"minecraft:diamond":6,"minecraft:crafting_table":4,"minecraft:crossbow":1,"minecraft:leather":3,"minecraft:jungle_planks":148,"minecraft:fletching_table":5,"minecraft:emerald":1,"minecraft:flint":1,"minecraft:cracked_polished_blackstone_bricks":3,"minecraft:dirt":263,"minecraft:coast_armor_trim_smithing_template":4,"minecraft:chain":3,"minecraft:jungle_sapling":9,"minecraft:wooden_sword":1,"minecraft:gold_nugget":7,"minecraft:gilded_blackstone":8,"minecraft:bone_meal":14,"minecraft:bone_block":65,"minecraft:axolotl_bucket":1,"minecraft:polished_blackstone_bricks":2,"minecraft:iron_pickaxe":2,"minecraft:birch_log":101,"minecraft:white_wool":7,"minecraft:tropical_fish_bucket":1,"minecraft:gold_ingot":226,"minecraft:bone":5,"minecraft:gravel":39,"minecraft:stone_axe":1,"minecraft:cooked_chicken":2,"minecraft:iron_nugget":13,"minecraft:cobbled_deepslate":108,"minecraft:birch_sapling":2,"minecraft:pointed_dripstone":11,"minecraft:rotten_flesh":35,"minecraft:oak_planks":60,"minecraft:diamond_shovel":1,"minecraft:cooked_mutton":9,"minecraft:salmon":1,"minecraft:nether_brick_fence":2,"minecraft:white_bed":10,"minecraft:gunpowder":2,"minecraft:jungle_log":2286,"minecraft:azalea":2,"minecraft:basalt":1,"minecraft:arrow":53,"minecraft:beef":8,"minecraft:netherrack":1,"minecraft:water_bucket":1,"minecraft:stone_hoe":1,"minecraft:golden_boots":4,"minecraft:iron_ingot":253,"minecraft:wheat_seeds":16,"minecraft:iron_helmet":3,"minecraft:golden_axe":5,"minecraft:oak_fence":14,"minecraft:feather":13,"minecraft:cobblestone":109,"minecraft:spectral_arrow":22,"minecraft:apple":2,"minecraft:granite":27,"minecraft:grass_block":1,"minecraft:coal":8,"minecraft:golden_apple":3,"minecraft:stick":1056,"minecraft:lava_bucket":2,"minecraft:jungle_slab":1,"minecraft:sculk_catalyst":2,"minecraft:wooden_hoe":1,"minecraft:jungle_door":3,"minecraft:iron_leggings":4,"minecraft:oak_stairs":2,"minecraft:jungle_leaves":26,"minecraft:white_banner":1,"minecraft:paper":9,"minecraft:string":4,"minecraft:bamboo_planks":6,"minecraft:anvil":1,"minecraft:soul_soil":1,"minecraft:tuff":50,"minecraft:experience_bottle":1,"minecraft:raw_iron":50,"minecraft:light_gray_wool":2,"minecraft:clay_ball":116,"minecraft:iron_boots":3,"minecraft:skeleton_spawn_egg":1,"minecraft:flint_and_steel":1,"minecraft:filled_map":2,"minecraft:potato":13,"minecraft:shield":4,"minecraft:powder_snow_bucket":1,"minecraft:iron_chestplate":2,"minecraft:andesite":26,"minecraft:yellow_bed":4,"minecraft:oak_sapling":13,"minecraft:spider_eye":1,"minecraft:bamboo":9,"minecraft:bow":1,"minecraft:stone_pickaxe":1,"minecraft:wooden_pickaxe":1,"minecraft:raw_gold":15},"minecraft:killed_by":{"minecraft:zombified_piglin":1,"minecraft:piglin_brute":3,"minecraft:piglin":6,"minecraft:zombie":1,"minecraft:vex":1,"minecraft:player":4,"minecraft:enderman":2,"minecraft:skeleton":5},"minecraft:used":{"minecraft:moss_block":14,"minecraft:iron_shovel":476,"minecraft:ladder":5,"minecraft:shield":139,"minecraft:chest":25,"minecraft:iron_sword":505,"minecraft:rotten_flesh":35,"minecraft:soul_sand":4,"minecraft:mutton":6,"minecraft:skeleton_spawn_egg":2,"minecraft:jungle_planks":177,"minecraft:nether_bricks":20,"minecraft:jungle_slab":2,"minecraft:tuff":71,"minecraft:axolotl_bucket":21,"minecraft:obsidian":24,"minecraft:milk_bucket":1,"minecraft:jungle_sapling":151,"minecraft:lava_bucket":29,"minecraft:jungle_fence_gate":1,"minecraft:grass_block":57,"minecraft:crimson_roots":1,"minecraft:magma_block":2,"minecraft:bow":261,"minecraft:ominous_bottle":2,"minecraft:oak_sapling":1,"minecraft:furnace":14,"minecraft:golden_boots":10,"minecraft:diamond_boots":71,"minecraft:cow_spawn_egg":8,"minecraft:oak_planks":70,"minecraft:stone_pickaxe":241,"minecraft:jungle_fence":18,"minecraft:blackstone":6,"minecraft:wooden_pickaxe":28,"minecraft:clay":1,"minecraft:diamond_axe":3078,"minecraft:jungle_boat":14,"minecraft:golden_apple":19,"minecraft:sand":5,"minecraft:crossbow":1,"minecraft:dripstone_block":2,"minecraft:shears":531,"minecraft:gravel":291,"minecraft:golden_helmet":1,"minecraft:diamond_sword":100,"minecraft:wooden_sword":85,"minecraft:grindstone":1,"minecraft:birch_log":2,"minecraft:piglin_spawn_egg":6,"minecraft:oak_boat":19,"minecraft:bone_meal":214,"minecraft:oak_fence":35,"minecraft:stone_sword":644,"minecraft:azalea":1,"minecraft:jungle_leaves":440,"minecraft:flint_and_steel":52,"minecraft:enchanting_table":2,"minecraft:stone_shovel":57,"minecraft:bamboo_door":43,"minecraft:stone_hoe":1,"minecraft:cooked_chicken":12,"minecraft:netherrack":1239,"minecraft:oak_door":3,"minecraft:brewing_stand":2,"minecraft:dirt":972,"minecraft:anvil":4,"minecraft:nether_brick_slab":1,"minecraft:jungle_trapdoor":5,"minecraft:granite":3,"minecraft:oak_fence_gate":1,"minecraft:chipped_anvil":7,"minecraft:bamboo_fence":1,"minecraft:bookshelf":2,"minecraft:iron_axe":58,"minecraft:jungle_log":101,"minecraft:iron_boots":65,"minecraft:totem_of_undying":1,"minecraft:bamboo":44,"minecraft:golden_carrot":4,"minecraft:beef":3,"minecraft:soul_soil":2,"minecraft:podzol":46,"minecraft:cooked_beef":144,"minecraft:cobbled_deepslate":369,"minecraft:bamboo_planks":9,"minecraft:golden_axe":7,"minecraft:iron_leggings":1,"minecraft:wheat_seeds":1,"minecraft:cooked_mutton":26,"minecraft:water_bucket":94,"minecraft:stonecutter":1,"minecraft:polished_blackstone_bricks":5,"minecraft:gilded_blackstone":1,"minecraft:salmon":6,"minecraft:crafting_table":40,"minecraft:bamboo_block":4,"minecraft:white_bed":16,"minecraft:smoker":4,"minecraft:oak_log":1,"minecraft:wooden_hoe":2,"minecraft:diamond_pickaxe":2104,"minecraft:chicken":1,"minecraft:oak_button":2,"minecraft:iron_pickaxe":1384,"minecraft:map":2,"minecraft:stone_axe":325,"minecraft:cobblestone":263,"minecraft:cooked_porkchop":18,"minecraft:jungle_door":32,"minecraft:bucket":150,"minecraft:yellow_bed":6,"minecraft:gray_wool":2,"minecraft:smooth_stone":1,"minecraft:diamond_leggings":1},"minecraft:killed":{"minecraft:cave_spider":1,"minecraft:zombified_piglin":6,"minecraft:witch":6,"minecraft:spider":24,"minecraft:skeleton":49,"minecraft:chicken":2,"minecraft:piglin_brute":2,"minecraft:tropical_fish":1,"minecraft:piglin":23,"minecraft:pig":6,"minecraft:zombie_villager":2,"minecraft:salmon":4,"minecraft:strider":1,"minecraft:creeper":32,"minecraft:sheep":20,"minecraft:pillager":40,"minecraft:zombie":97,"minecraft:ghast":1,"minecraft:blaze":10,"minecraft:cow":14,"minecraft:vex":21,"minecraft:evoker":5,"minecraft:vindicator":17,"minecraft:panda":1,"minecraft:drowned":5,"minecraft:ravager":6,"minecraft:hoglin":2,"minecraft:wither_skeleton":1,"minecraft:enderman":7},"minecraft:mined":{"minecraft:white_bed":20,"minecraft:jungle_leaves":547,"minecraft:brewing_stand":1,"minecraft:obsidian":70,"minecraft:granite":29,"minecraft:grass_block":110,"minecraft:jungle_log":2266,"minecraft:cracked_polished_blackstone_bricks":5,"minecraft:soul_soil":9,"minecraft:bamboo_block":4,"minecraft:nether_wart":32,"minecraft:smooth_stone":1,"minecraft:polished_blackstone_bricks":14,"minecraft:tall_seagrass":5,"minecraft:raw_iron_block":1,"minecraft:magma_block":6,"minecraft:iron_ore":178,"minecraft:fire":52,"minecraft:cobbled_deepslate":24,"minecraft:anvil":1,"minecraft:deepslate_lapis_ore":59,"minecraft:fletching_table":10,"minecraft:enchanting_table":1,"minecraft:dirt_path":27,"minecraft:oak_stairs":2,"minecraft:azalea":5,"minecraft:jungle_trapdoor":1,"minecraft:deepslate_redstone_ore":9,"minecraft:jungle_door":24,"minecraft:blackstone":13,"minecraft:soul_fire":45,"minecraft:clay":45,"minecraft:blast_furnace":1,"minecraft:chest":8,"minecraft:nether_brick_slab":1,"minecraft:nether_quartz_ore":9,"minecraft:cobblestone":29,"minecraft:oak_planks":16,"minecraft:sugar_cane":2,"minecraft:seagrass":1,"minecraft:bamboo_planks":9,"minecraft:birch_log":104,"minecraft:wheat":1,"minecraft:oak_log":341,"minecraft:sand":5,"minecraft:dirt":386,"minecraft:netherrack":1201,"minecraft:oak_leaves":208,"minecraft:deepslate":693,"minecraft:nether_gold_ore":2,"minecraft:diamond_ore":4,"minecraft:tuff":209,"minecraft:deepslate_diamond_ore":22,"minecraft:oak_door":2,"minecraft:ladder":1,"minecraft:bamboo_door":31,"minecraft:nether_bricks":33,"minecraft:jungle_planks":21,"minecraft:crimson_roots":3,"minecraft:moss_block":5,"minecraft:furnace":9,"minecraft:jungle_sapling":31,"minecraft:andesite":36,"minecraft:nether_brick_fence":2,"minecraft:bookshelf":2,"minecraft:vine":178,"minecraft:deepslate_iron_ore":172,"minecraft:bamboo":420,"minecraft:stone":556,"minecraft:bone_block":57,"minecraft:white_wool":1,"minecraft:podzol":1,"minecraft:flowering_azalea":2,"minecraft:soul_sand":6,"minecraft:basalt":1,"minecraft:oak_fence":3,"minecraft:crafting_table":42,"minecraft:short_grass":215,"minecraft:copper_ore":6,"minecraft:tall_grass":16,"minecraft:deepslate_gold_ore":73,"minecraft:lapis_ore":18,"minecraft:diorite":5,"minecraft:birch_planks":19,"minecraft:birch_leaves":20,"minecraft:yellow_bed":10,"minecraft:coal_ore":135,"minecraft:gravel":61,"minecraft:dripstone_block":2,"minecraft:gold_ore":17,"minecraft:chipped_anvil":2,"minecraft:fern":19},"minecraft:broken":{"minecraft:golden_helmet":1,"minecraft:iron_shovel":1,"minecraft:shears":1,"minecraft:wooden_sword":1,"minecraft:stone_axe":1,"minecraft:iron_sword":1,"minecraft:stone_sword":7,"minecraft:shield":2,"minecraft:iron_pickaxe":5},"minecraft:picked_up":{"minecraft:iron_chestplate":2,"minecraft:wheat":2,"minecraft:nether_brick_fence":4,"minecraft:anvil":2,"minecraft:oak_stairs":2,"minecraft:brewing_stand":3,"minecraft:golden_sword":2,"minecraft:amethyst_block":4,"minecraft:lapis_block":14,"minecraft:string":43,"minecraft:soul_soil":3,"minecraft:cooked_salmon":1,"minecraft:iron_leggings":5,"minecraft:experience_bottle":1,"minecraft:diamond_leggings":4,"minecraft:smooth_stone":1,"minecraft:gold_nugget":33,"minecraft:cobbled_deepslate":755,"minecraft:bucket":2,"minecraft:calcite":5,"minecraft:azalea":5,"minecraft:iron_pickaxe":6,"minecraft:iron_boots":8,"minecraft:furnace":10,"minecraft:golden_helmet":4,"minecraft:stick":957,"minecraft:jungle_door":24,"minecraft:oak_fence":16,"minecraft:torch":5,"minecraft:porkchop":12,"minecraft:golden_axe":4,"minecraft:pointed_dripstone":11,"minecraft:vine":2,"minecraft:bamboo_door":50,"minecraft:bamboo_block":38,"minecraft:stone_sword":6,"minecraft:rotten_flesh":170,"minecraft:tropical_fish":1,"minecraft:blaze_rod":7,"minecraft:obsidian":68,"minecraft:blaze_powder":7,"minecraft:cobblestone":685,"minecraft:birch_log":104,"minecraft:enchanting_table":1,"minecraft:magma_block":4,"minecraft:feather":67,"minecraft:cooked_beef":211,"minecraft:water_bucket":12,"minecraft:andesite":99,"minecraft:jungle_log":2409,"minecraft:potato":25,"minecraft:flint":19,"minecraft:tuff":212,"minecraft:map":4,"minecraft:lapis_lazuli":726,"minecraft:dirt":796,"minecraft:bone":88,"minecraft:chipped_anvil":5,"minecraft:bow":7,"minecraft:wheat_seeds":60,"minecraft:grindstone":1,"minecraft:raw_gold":147,"minecraft:fletching_table":9,"minecraft:diamond_helmet":4,"minecraft:glowstone_dust":7,"minecraft:bamboo":6651,"minecraft:moss_block":20,"minecraft:oak_planks":738,"minecraft:cooked_porkchop":22,"minecraft:axolotl_bucket":1,"minecraft:sand":5,"minecraft:jungle_planks":366,"minecraft:grass_block":3,"minecraft:jungle_slab":79,"minecraft:spectral_arrow":7,"minecraft:jungle_leaves":404,"minecraft:skeleton_spawn_egg":1,"minecraft:sugar":2,"minecraft:clay":2,"minecraft:diamond":34,"minecraft:cracked_polished_blackstone_bricks":5,"minecraft:crossbow":11,"minecraft:granite":48,"minecraft:bone_meal":34,"minecraft:golden_apple":5,"minecraft:oak_leaves":84,"minecraft:chainmail_helmet":8,"minecraft:emerald":90,"minecraft:oak_sapling":18,"minecraft:netherrack":1214,"minecraft:ladder":1,"minecraft:crimson_roots":1,"minecraft:diamond_pickaxe":3,"minecraft:crafting_table":48,"minecraft:ominous_bottle":1,"minecraft:chicken":3,"minecraft:nether_wart":64,"minecraft:clay_ball":242,"minecraft:brown_mushroom":6,"minecraft:wooden_pickaxe":4,"minecraft:gold_block":4,"minecraft:shield":13,"minecraft:jungle_trapdoor":1,"minecraft:moss_carpet":4,"minecraft:iron_axe":7,"minecraft:wooden_sword":1,"minecraft:flint_and_steel":10,"minecraft:iron_shovel":1,"minecraft:blackstone":9,"minecraft:beef":43,"minecraft:oak_boat":22,"minecraft:jungle_sapling":194,"minecraft:iron_nugget":40,"minecraft:poppy":4,"minecraft:light_gray_wool":3,"minecraft:sugar_cane":9,"minecraft:chest":6,"minecraft:birch_sapling":2,"minecraft:raw_iron":368,"minecraft:oak_door":14,"minecraft:polished_blackstone_bricks":40,"minecraft:jungle_fence_gate":1,"minecraft:carrot":2,"minecraft:redstone":110,"minecraft:tnt":2,"minecraft:arrow":252,"minecraft:diamond_chestplate":4,"minecraft:nether_bricks":36,"minecraft:diamond_boots":4,"minecraft:saddle":11,"minecraft:gold_ingot":18,"minecraft:totem_of_undying":9,"minecraft:mutton":8,"minecraft:bone_block":79,"minecraft:white_wool":62,"minecraft:jungle_boat":21,"minecraft:basalt":1,"minecraft:golden_carrot":17,"minecraft:salmon":8,"minecraft:leather":74,"minecraft:jungle_fence":18,"minecraft:filled_map":1,"minecraft:birch_planks":17,"minecraft:oak_log":346,"minecraft:golden_boots":6,"minecraft:yellow_bed":15,"minecraft:gunpowder":55,"minecraft:wooden_hoe":1,"minecraft:paper":13,"minecraft:white_banner":13,"minecraft:cooked_mutton":37,"minecraft:coast_armor_trim_smithing_template":8,"minecraft:apple":9,"minecraft:heart_of_the_sea":1,"minecraft:iron_ingot":61,"minecraft:stone_pickaxe":2,"minecraft:cooked_chicken":19,"minecraft:iron_sword":9,"minecraft:flowering_azalea":1,"minecraft:soul_sand":6,"minecraft:book":30,"minecraft:sculk_catalyst":2,"minecraft:smooth_basalt":1,"minecraft:bamboo_fence":1,"minecraft:bamboo_planks":33,"minecraft:quartz":18,"minecraft:raw_iron_block":1,"minecraft:dripstone_block":3,"minecraft:gravel":144,"minecraft:lava_bucket":4,"minecraft:blast_furnace":1,"minecraft:white_bed":25,"minecraft:nether_brick_slab":1,"minecraft:spider_eye":21,"minecraft:diamond_shovel":2,"minecraft:stone_axe":4,"minecraft:iron_helmet":4,"minecraft:diamond_axe":5,"minecraft:gray_wool":4,"minecraft:oak_button":1,"minecraft:melon_seeds":2,"minecraft:coal":257,"minecraft:ender_pearl":8},"minecraft:custom":{"minecraft:animals_bred":3,"minecraft:interact_with_crafting_table":153,"minecraft:bell_ring":14,"minecraft:leave_game":3,"minecraft:time_since_death":134403,"minecraft:sprint_one_cm":1799500,"minecraft:damage_blocked_by_shield":10731,"minecraft:drop":371,"minecraft:talked_to_villager":99,"minecraft:play_time":727193,"minecraft:deaths":31,"minecraft:jump":14571,"minecraft:interact_with_brewingstand":3,"minecraft:walk_on_water_one_cm":101758,"minecraft:enchant_item":3,"minecraft:interact_with_furnace":113,"minecraft:traded_with_villager":19,"minecraft:sleep_in_bed":26,"minecraft:damage_dealt":66911,"minecraft:player_kills":3,"minecraft:crouch_one_cm":349365,"minecraft:interact_with_smoker":34,"minecraft:interact_with_anvil":15,"minecraft:mob_kills":429,"minecraft:climb_one_cm":43564,"minecraft:walk_one_cm":1083712,"minecraft:strider_one_cm":18,"minecraft:sneak_time":94436,"minecraft:walk_under_water_one_cm":95415,"minecraft:boat_one_cm":368182,"minecraft:interact_with_blast_furnace":2,"minecraft:total_world_time":727193,"minecraft:raid_trigger":2,"minecraft:interact_with_grindstone":8,"minecraft:time_since_rest":18626,"minecraft:damage_taken":24541,"minecraft:damage_absorbed":766,"minecraft:swim_one_cm":329519,"minecraft:fly_one_cm":2501001,"minecraft:open_chest":378,"minecraft:fall_one_cm":479590},"minecraft:crafted":{"minecraft:smooth_stone":3,"minecraft:oak_planks":324,"minecraft:blaze_powder":8,"minecraft:cooked_chicken":15,"minecraft:stone":6,"minecraft:bookshelf":2,"minecraft:bamboo_door":9,"minecraft:cooked_mutton":29,"minecraft:bamboo_block":36,"minecraft:diamond_helmet":1,"minecraft:bow":1,"minecraft:iron_boots":1,"minecraft:chest":20,"minecraft:oak_button":2,"minecraft:stone_hoe":1,"minecraft:oak_fence":45,"minecraft:smoker":4,"minecraft:emerald":83,"minecraft:arrow":64,"minecraft:cooked_porkchop":14,"minecraft:diamond_axe":2,"minecraft:crafting_table":11,"minecraft:jungle_boat":2,"minecraft:wooden_pickaxe":1,"minecraft:iron_helmet":1,"minecraft:brewing_stand":1,"minecraft:birch_planks":4,"minecraft:bamboo_planks":4,"minecraft:wooden_hoe":1,"minecraft:iron_chestplate":1,"minecraft:shield":6,"minecraft:stick":192,"minecraft:iron_ingot":734,"minecraft:iron_pickaxe":7,"minecraft:iron_block":29,"minecraft:stone_sword":6,"minecraft:shears":4,"minecraft:wooden_sword":1,"minecraft:oak_door":3,"minecraft:raw_iron":9,"minecraft:stone_shovel":1,"minecraft:iron_nugget":27,"minecraft:furnace":12,"minecraft:jungle_trapdoor":4,"minecraft:bone_meal":249,"minecraft:flint_and_steel":1,"minecraft:iron_axe":4,"minecraft:ladder":24,"minecraft:stone_pickaxe":4,"minecraft:diamond_boots":1,"minecraft:cooked_beef":62,"minecraft:diamond_sword":0,"minecraft:enchanting_table":1,"minecraft:bell":5,"minecraft:iron_sword":1,"minecraft:bucket":6,"minecraft:stone_axe":5,"minecraft:air":0,"minecraft:jungle_planks":492,"minecraft:oak_fence_gate":1,"minecraft:oak_boat":1,"minecraft:jungle_door":12,"minecraft:iron_shovel":5,"minecraft:stonecutter":1,"minecraft:iron_leggings":2,"minecraft:anvil":1,"minecraft:white_bed":1,"minecraft:lapis_block":14}},"DataVersion":3953}