{"stats":{"minecraft:killed":{"minecraft:sheep":6,"minecraft:pig":5,"minecraft:chicken":1,"minecraft:cow":3},"minecraft:killed_by":{"minecraft:zombie":1},"minecraft:used":{"minecraft:cornflower":1,"minecraft:iron_ore":28,"minecraft:sunflower":5,"minecraft:grass_block":12,"minecraft:gravel":20,"minecraft:dirt":102,"minecraft:egg":1,"minecraft:raw_iron_block":4},"minecraft:picked_up":{"minecraft:feather":2,"minecraft:chicken":1,"minecraft:leather":4,"minecraft:dandelion":2,"minecraft:porkchop":9,"minecraft:cornflower":1,"minecraft:dirt":20,"minecraft:wheat_seeds":4,"minecraft:beef":8,"minecraft:mutton":6,"minecraft:white_wool":6,"minecraft:sunflower":8,"minecraft:egg":1},"minecraft:custom":{"minecraft:time_since_rest":13022,"minecraft:sprint_one_cm":41805,"minecraft:damage_taken":210,"minecraft:walk_one_cm":28238,"minecraft:mob_kills":15,"minecraft:damage_dealt":1380,"minecraft:swim_one_cm":332,"minecraft:fly_one_cm":71444,"minecraft:crouch_one_cm":2617,"minecraft:play_time":20734,"minecraft:deaths":1,"minecraft:sneak_time":776,"minecraft:walk_under_water_one_cm":3957,"minecraft:jump":399,"minecraft:leave_game":6,"minecraft:walk_on_water_one_cm":792,"minecraft:time_since_death":12988,"minecraft:total_world_time":20734,"minecraft:fall_one_cm":11169},"minecraft:mined":{"minecraft:dandelion":1,"minecraft:grass":34,"minecraft:grass_block":12,"minecraft:sunflower":12,"minecraft:dirt":8,"minecraft:tall_grass":8}},"DataVersion":3463}