{"stats":{"minecraft:killed_by":{"minecraft:player":3,"minecraft:skeleton":2,"minecraft:zombie":1},"minecraft:used":{"minecraft:moss_block":13,"minecraft:jungle_leaves":62,"minecraft:stone_sword":638,"minecraft:flint_and_steel":37,"minecraft:chest":7,"minecraft:shield":29,"minecraft:iron_sword":157,"minecraft:cooked_chicken":5,"minecraft:rotten_flesh":28,"minecraft:oak_door":2,"minecraft:skeleton_spawn_egg":2,"minecraft:dirt":219,"minecraft:mutton":6,"minecraft:jungle_planks":61,"minecraft:jungle_trapdoor":2,"minecraft:jungle_sapling":18,"minecraft:lava_bucket":8,"minecraft:grass_block":50,"minecraft:iron_axe":53,"minecraft:jungle_log":7,"minecraft:bamboo":44,"minecraft:beef":3,"minecraft:oak_sapling":1,"minecraft:cooked_beef":25,"minecraft:bamboo_planks":2,"minecraft:cooked_mutton":26,"minecraft:water_bucket":11,"minecraft:cow_spawn_egg":8,"minecraft:stone_pickaxe":162,"minecraft:oak_planks":38,"minecraft:wooden_pickaxe":24,"minecraft:jungle_boat":10,"minecraft:gilded_blackstone":1,"minecraft:salmon":6,"minecraft:sand":5,"minecraft:crafting_table":15,"minecraft:bamboo_block":1,"minecraft:white_bed":12,"minecraft:oak_log":1,"minecraft:chicken":1,"minecraft:iron_pickaxe":58,"minecraft:map":2,"minecraft:gravel":23,"minecraft:stone_axe":254,"minecraft:diamond_sword":3,"minecraft:wooden_sword":85,"minecraft:cobblestone":45,"minecraft:cooked_porkchop":1,"minecraft:jungle_door":25,"minecraft:bucket":20,"minecraft:gray_wool":2},"minecraft:dropped":{"minecraft:water_bucket":1,"minecraft:iron_ingot":57,"minecraft:iron_sword":1,"minecraft:porkchop":2,"minecraft:wheat_seeds":6,"minecraft:crafting_table":2,"minecraft:golden_axe":2,"minecraft:spectral_arrow":22,"minecraft:granite":15,"minecraft:jungle_planks":111,"minecraft:coal":7,"minecraft:cracked_polished_blackstone_bricks":3,"minecraft:lava_bucket":2,"minecraft:gilded_blackstone":5,"minecraft:gold_nugget":7,"minecraft:chain":3,"minecraft:bone_block":1,"minecraft:oak_stairs":2,"minecraft:polished_blackstone_bricks":2,"minecraft:iron_pickaxe":1,"minecraft:white_wool":7,"minecraft:tropical_fish_bucket":1,"minecraft:bone":4,"minecraft:stone_axe":1,"minecraft:iron_nugget":4,"minecraft:cobbled_deepslate":1,"minecraft:experience_bottle":1,"minecraft:rotten_flesh":11,"minecraft:light_gray_wool":1,"minecraft:diamond_shovel":1,"minecraft:white_bed":1,"minecraft:skeleton_spawn_egg":1,"minecraft:flint_and_steel":1,"minecraft:filled_map":2,"minecraft:powder_snow_bucket":1,"minecraft:jungle_log":235,"minecraft:bamboo":9,"minecraft:arrow":39,"minecraft:basalt":1,"minecraft:beef":5,"minecraft:wooden_pickaxe":1},"minecraft:killed":{"minecraft:spider":7,"minecraft:skeleton":14,"minecraft:panda":1,"minecraft:chicken":2,"minecraft:drowned":3,"minecraft:tropical_fish":1,"minecraft:zombie_villager":1,"minecraft:salmon":4,"minecraft:creeper":14,"minecraft:sheep":16,"minecraft:zombie":47,"minecraft:enderman":3,"minecraft:cow":7},"minecraft:mined":{"minecraft:tuff":11,"minecraft:white_bed":8,"minecraft:deepslate_diamond_ore":3,"minecraft:oak_door":2,"minecraft:jungle_leaves":7,"minecraft:granite":10,"minecraft:grass_block":10,"minecraft:jungle_planks":13,"minecraft:jungle_log":143,"minecraft:cracked_polished_blackstone_bricks":5,"minecraft:moss_block":2,"minecraft:bamboo_block":1,"minecraft:polished_blackstone_bricks":3,"minecraft:tall_seagrass":5,"minecraft:jungle_sapling":2,"minecraft:iron_ore":32,"minecraft:fire":29,"minecraft:andesite":7,"minecraft:deepslate_lapis_ore":2,"minecraft:deepslate_iron_ore":1,"minecraft:vine":16,"minecraft:oak_stairs":2,"minecraft:bamboo":419,"minecraft:stone":93,"minecraft:white_wool":1,"minecraft:jungle_door":20,"minecraft:basalt":1,"minecraft:clay":11,"minecraft:crafting_table":13,"minecraft:short_grass":79,"minecraft:chest":1,"minecraft:cobblestone":19,"minecraft:tall_grass":5,"minecraft:lapis_ore":2,"minecraft:sugar_cane":2,"minecraft:oak_planks":12,"minecraft:seagrass":1,"minecraft:birch_planks":19,"minecraft:bamboo_planks":2,"minecraft:birch_log":1,"minecraft:birch_leaves":8,"minecraft:oak_log":36,"minecraft:dirt":41,"minecraft:sand":5,"minecraft:gravel":12,"minecraft:oak_leaves":63,"minecraft:deepslate":42,"minecraft:fern":16},"minecraft:crafted":{"minecraft:oak_door":3,"minecraft:oak_planks":152,"minecraft:jungle_trapdoor":2,"minecraft:flint_and_steel":1,"minecraft:bamboo_block":36,"minecraft:stone_pickaxe":3,"minecraft:chest":6,"minecraft:cooked_beef":7,"minecraft:crafting_table":6,"minecraft:jungle_boat":1,"minecraft:bucket":1,"minecraft:birch_planks":4,"minecraft:stone_axe":4,"minecraft:air":0,"minecraft:jungle_planks":136,"minecraft:jungle_door":6,"minecraft:bamboo_planks":4,"minecraft:shield":1,"minecraft:stick":48,"minecraft:iron_pickaxe":1,"minecraft:iron_ingot":20,"minecraft:stone_sword":6,"minecraft:white_bed":1},"minecraft:broken":{"minecraft:golden_helmet":1,"minecraft:stone_sword":7,"minecraft:wooden_sword":1,"minecraft:stone_axe":1},"minecraft:custom":{"minecraft:mob_kills":128,"minecraft:animals_bred":3,"minecraft:interact_with_crafting_table":41,"minecraft:leave_game":1,"minecraft:time_since_death":15580,"minecraft:climb_one_cm":19054,"minecraft:sprint_one_cm":481481,"minecraft:walk_one_cm":288636,"minecraft:damage_blocked_by_shield":2022,"minecraft:drop":62,"minecraft:play_time":246987,"minecraft:sneak_time":21711,"minecraft:deaths":11,"minecraft:walk_under_water_one_cm":41647,"minecraft:boat_one_cm":212300,"minecraft:jump":3997,"minecraft:walk_on_water_one_cm":27296,"minecraft:total_world_time":246987,"minecraft:interact_with_furnace":19,"minecraft:sleep_in_bed":9,"minecraft:time_since_rest":3482,"minecraft:damage_taken":7268,"minecraft:damage_dealt":20510,"minecraft:swim_one_cm":152880,"minecraft:fly_one_cm":666326,"minecraft:player_kills":1,"minecraft:open_chest":43,"minecraft:crouch_one_cm":71355,"minecraft:fall_one_cm":140591},"minecraft:picked_up":{"minecraft:crafting_table":21,"minecraft:chicken":3,"minecraft:clay_ball":102,"minecraft:wooden_pickaxe":3,"minecraft:oak_stairs":2,"minecraft:gold_block":3,"minecraft:shield":4,"minecraft:amethyst_block":4,"minecraft:iron_axe":3,"minecraft:string":13,"minecraft:moss_carpet":2,"minecraft:wooden_sword":1,"minecraft:flint_and_steel":4,"minecraft:experience_bottle":1,"minecraft:gold_nugget":6,"minecraft:cobbled_deepslate":75,"minecraft:beef":18,"minecraft:calcite":5,"minecraft:iron_pickaxe":5,"minecraft:azalea":2,"minecraft:jungle_sapling":13,"minecraft:iron_nugget":22,"minecraft:light_gray_wool":1,"minecraft:sugar_cane":9,"minecraft:chest":1,"minecraft:golden_helmet":1,"minecraft:raw_iron":36,"minecraft:stick":62,"minecraft:jungle_door":20,"minecraft:oak_door":8,"minecraft:porkchop":4,"minecraft:polished_blackstone_bricks":2,"minecraft:golden_axe":2,"minecraft:bamboo_block":1,"minecraft:stone_sword":5,"minecraft:arrow":24,"minecraft:rotten_flesh":82,"minecraft:tropical_fish":1,"minecraft:gold_ingot":10,"minecraft:mutton":6,"minecraft:white_wool":45,"minecraft:cobblestone":219,"minecraft:birch_log":1,"minecraft:basalt":1,"minecraft:jungle_boat":15,"minecraft:feather":49,"minecraft:cooked_beef":80,"minecraft:andesite":72,"minecraft:salmon":6,"minecraft:water_bucket":7,"minecraft:jungle_log":206,"minecraft:leather":53,"minecraft:potato":2,"minecraft:birch_planks":17,"minecraft:flint":2,"minecraft:tuff":12,"minecraft:oak_log":39,"minecraft:gunpowder":36,"minecraft:lapis_lazuli":54,"minecraft:map":3,"minecraft:dirt":273,"minecraft:paper":4,"minecraft:cooked_mutton":31,"minecraft:bone":30,"minecraft:wheat_seeds":18,"minecraft:iron_ingot":36,"minecraft:stone_pickaxe":2,"minecraft:cooked_chicken":15,"minecraft:bamboo":3801,"minecraft:moss_block":19,"minecraft:iron_sword":4,"minecraft:oak_planks":403,"minecraft:flowering_azalea":1,"minecraft:book":8,"minecraft:smooth_basalt":1,"minecraft:cooked_porkchop":1,"minecraft:bamboo_planks":2,"minecraft:lava_bucket":1,"minecraft:gravel":39,"minecraft:sand":5,"minecraft:jungle_planks":127,"minecraft:white_bed":13,"minecraft:grass_block":2,"minecraft:jungle_slab":1,"minecraft:spider_eye":2,"minecraft:skeleton_spawn_egg":1,"minecraft:clay":1,"minecraft:diamond":3,"minecraft:stone_axe":4,"minecraft:cracked_polished_blackstone_bricks":3,"minecraft:granite":29,"minecraft:gray_wool":4,"minecraft:emerald":10,"minecraft:oak_sapling":1,"minecraft:ender_pearl":3}},"DataVersion":3953}