{"stats":{"minecraft:killed_by":{"minecraft:player":3,"minecraft:skeleton":2},"minecraft:used":{"minecraft:jungle_leaves":62,"minecraft:stone_sword":273,"minecraft:flint_and_steel":36,"minecraft:chest":1,"minecraft:cooked_chicken":5,"minecraft:rotten_flesh":18,"minecraft:dirt":139,"minecraft:mutton":6,"minecraft:jungle_planks":2,"minecraft:jungle_trapdoor":2,"minecraft:jungle_sapling":18,"minecraft:jungle_log":7,"minecraft:bamboo":44,"minecraft:beef":3,"minecraft:oak_sapling":1,"minecraft:cooked_beef":9,"minecraft:bamboo_planks":2,"minecraft:cooked_mutton":23,"minecraft:water_bucket":1,"minecraft:stone_pickaxe":162,"minecraft:oak_planks":25,"minecraft:wooden_pickaxe":23,"minecraft:jungle_boat":4,"minecraft:salmon":6,"minecraft:sand":5,"minecraft:crafting_table":11,"minecraft:bamboo_block":1,"minecraft:white_bed":10,"minecraft:oak_log":1,"minecraft:chicken":1,"minecraft:map":1,"minecraft:gravel":4,"minecraft:stone_axe":252,"minecraft:diamond_sword":3,"minecraft:wooden_sword":85,"minecraft:cobblestone":21,"minecraft:cooked_porkchop":1,"minecraft:jungle_door":25,"minecraft:bucket":2,"minecraft:gray_wool":2},"minecraft:dropped":{"minecraft:water_bucket":1,"minecraft:iron_ingot":5,"minecraft:porkchop":2,"minecraft:wheat_seeds":6,"minecraft:golden_axe":2,"minecraft:coal":7,"minecraft:lava_bucket":1,"minecraft:oak_stairs":2,"minecraft:white_wool":7,"minecraft:tropical_fish_bucket":1,"minecraft:bone":4,"minecraft:rotten_flesh":11,"minecraft:light_gray_wool":1,"minecraft:white_bed":1,"minecraft:filled_map":1,"minecraft:powder_snow_bucket":1,"minecraft:jungle_log":235,"minecraft:bamboo":9,"minecraft:beef":5,"minecraft:wooden_pickaxe":1},"minecraft:killed":{"minecraft:spider":3,"minecraft:skeleton":4,"minecraft:panda":1,"minecraft:chicken":2,"minecraft:drowned":2,"minecraft:tropical_fish":1,"minecraft:zombie_villager":1,"minecraft:salmon":4,"minecraft:creeper":7,"minecraft:sheep":16,"minecraft:zombie":23,"minecraft:cow":4},"minecraft:crafted":{"minecraft:oak_planks":56,"minecraft:jungle_trapdoor":2,"minecraft:bamboo_block":36,"minecraft:stone_pickaxe":3,"minecraft:chest":1,"minecraft:cooked_beef":4,"minecraft:crafting_table":3,"minecraft:jungle_boat":1,"minecraft:bucket":1,"minecraft:birch_planks":4,"minecraft:stone_axe":4,"minecraft:air":0,"minecraft:jungle_planks":136,"minecraft:jungle_door":6,"minecraft:bamboo_planks":4,"minecraft:shield":1,"minecraft:stick":32,"minecraft:iron_pickaxe":1,"minecraft:iron_ingot":20,"minecraft:stone_sword":1,"minecraft:white_bed":1},"minecraft:mined":{"minecraft:tuff":11,"minecraft:white_bed":8,"minecraft:jungle_leaves":7,"minecraft:granite":10,"minecraft:grass_block":10,"minecraft:jungle_planks":9,"minecraft:jungle_log":143,"minecraft:moss_block":2,"minecraft:bamboo_block":1,"minecraft:tall_seagrass":2,"minecraft:jungle_sapling":2,"minecraft:iron_ore":32,"minecraft:fire":25,"minecraft:andesite":7,"minecraft:deepslate_lapis_ore":2,"minecraft:deepslate_iron_ore":1,"minecraft:vine":16,"minecraft:oak_stairs":2,"minecraft:bamboo":106,"minecraft:stone":62,"minecraft:white_wool":1,"minecraft:jungle_door":20,"minecraft:clay":11,"minecraft:crafting_table":11,"minecraft:short_grass":53,"minecraft:cobblestone":8,"minecraft:tall_grass":5,"minecraft:lapis_ore":2,"minecraft:oak_planks":1,"minecraft:seagrass":1,"minecraft:birch_planks":19,"minecraft:bamboo_planks":2,"minecraft:birch_log":1,"minecraft:birch_leaves":8,"minecraft:oak_log":12,"minecraft:dirt":38,"minecraft:sand":5,"minecraft:gravel":6,"minecraft:oak_leaves":40,"minecraft:deepslate":37,"minecraft:fern":10},"minecraft:broken":{"minecraft:golden_helmet":1,"minecraft:stone_sword":2,"minecraft:wooden_sword":1,"minecraft:stone_axe":1},"minecraft:custom":{"minecraft:mob_kills":75,"minecraft:animals_bred":3,"minecraft:interact_with_crafting_table":27,"minecraft:leave_game":1,"minecraft:time_since_death":65372,"minecraft:climb_one_cm":11885,"minecraft:sprint_one_cm":283144,"minecraft:walk_one_cm":191952,"minecraft:drop":35,"minecraft:play_time":186987,"minecraft:sneak_time":14981,"minecraft:deaths":7,"minecraft:walk_under_water_one_cm":34667,"minecraft:boat_one_cm":109309,"minecraft:jump":2700,"minecraft:walk_on_water_one_cm":21146,"minecraft:total_world_time":186987,"minecraft:interact_with_furnace":17,"minecraft:sleep_in_bed":7,"minecraft:time_since_rest":25419,"minecraft:damage_taken":4509,"minecraft:damage_dealt":10593,"minecraft:swim_one_cm":125564,"minecraft:fly_one_cm":422350,"minecraft:player_kills":1,"minecraft:open_chest":7,"minecraft:crouch_one_cm":44873,"minecraft:fall_one_cm":102469},"minecraft:picked_up":{"minecraft:crafting_table":16,"minecraft:chicken":3,"minecraft:clay_ball":52,"minecraft:wooden_pickaxe":2,"minecraft:oak_stairs":2,"minecraft:gold_block":3,"minecraft:string":9,"minecraft:moss_carpet":1,"minecraft:flint_and_steel":2,"minecraft:cobbled_deepslate":58,"minecraft:beef":12,"minecraft:azalea":1,"minecraft:jungle_sapling":13,"minecraft:iron_nugget":16,"minecraft:light_gray_wool":1,"minecraft:golden_helmet":1,"minecraft:raw_iron":33,"minecraft:stick":38,"minecraft:jungle_door":20,"minecraft:porkchop":4,"minecraft:golden_axe":2,"minecraft:bamboo_block":1,"minecraft:stone_sword":3,"minecraft:arrow":4,"minecraft:rotten_flesh":57,"minecraft:tropical_fish":1,"minecraft:gold_ingot":10,"minecraft:mutton":6,"minecraft:white_wool":43,"minecraft:cobblestone":98,"minecraft:birch_log":1,"minecraft:jungle_boat":5,"minecraft:feather":30,"minecraft:cooked_beef":18,"minecraft:andesite":8,"minecraft:salmon":6,"minecraft:water_bucket":4,"minecraft:jungle_log":206,"minecraft:leather":30,"minecraft:birch_planks":17,"minecraft:tuff":12,"minecraft:oak_log":15,"minecraft:gunpowder":22,"minecraft:lapis_lazuli":27,"minecraft:map":2,"minecraft:dirt":231,"minecraft:cooked_mutton":31,"minecraft:bone":12,"minecraft:wheat_seeds":13,"minecraft:iron_ingot":1,"minecraft:stone_pickaxe":2,"minecraft:cooked_chicken":15,"minecraft:bamboo":632,"minecraft:moss_block":6,"minecraft:oak_planks":35,"minecraft:flowering_azalea":1,"minecraft:cooked_porkchop":1,"minecraft:bamboo_planks":2,"minecraft:gravel":18,"minecraft:sand":5,"minecraft:jungle_planks":71,"minecraft:white_bed":12,"minecraft:spider_eye":2,"minecraft:stone_axe":2,"minecraft:granite":14,"minecraft:gray_wool":4,"minecraft:oak_sapling":1}},"DataVersion":3953}