{"stats":{"minecraft:broken":{"minecraft:golden_helmet":1,"stalwart_dungeons:stone_hammer":1,"minecraft:stone_axe":1,"aether:leather_gloves":1},"minecraft:mined":{"luminousworld:groundpebbles_1":2,"iceandfire:silver_ore":6,"minecraft:dark_oak_fence":4,"minecraft:grass_block":1,"ecologics:coconut_leaves":12,"luminousworld:grassvariant_2":4,"luminousworld:blackberrybush":1,"ecologics:coconut_log":32,"minecraft:spruce_leaves":2,"minecraft:sandstone":60,"minecraft:large_fern":5,"minecraft:tall_seagrass":1,"minecraft:spruce_sapling":1,"minecraft:furnace":7,"minecraft:fire":1,"ecologics:walnut_log":1,"minecraft:stone":547,"minecraft:white_wool":10,"minecraft:oak_slab":1,"luminousworld:blueberrybush":1,"iceandfire:dragon_ice_spikes":2,"minecraft:crafting_table":5,"minecraft:torch":1,"luminousworld:grassflowers":1,"minecraft:tall_grass":2,"minecraft:copper_ore":1,"minecraft:cobblestone":13,"minecraft:oak_planks":5,"minecraft:diorite":16,"luminousworld:whiteoaklog":1,"minecraft:spruce_stairs":1,"minecraft:purple_bed":2,"minecraft:sweet_berry_bush":21,"born_in_chaos_v1:river_mint":3,"minecraft:wither_rose":1,"minecraft:grass":26,"minecraft:coal_ore":11,"minecraft:oak_log":8,"ecologics:hanging_coconut":4,"minecraft:sand":29,"minecraft:dirt":19,"luminousworld:grassvariant_3":6,"minecraft:cobweb":6,"minecraft:polished_andesite":2,"minecraft:stone_bricks":6,"ecologics:coconut_seedling":5,"minecraft:fern":6},"minecraft:dropped":{"minecraft:stone_hoe":1,"iceandfire:raw_silver":3,"minecraft:wheat_seeds":5,"ecologics:coconut_seedling":2,"minecraft:cobblestone":125,"minecraft:leather":2,"iceandfire:ectoplasm":2,"minecraft:coal":11,"minecraft:emerald":1,"minecraft:cobweb":1,"illagerinvasion:platinum_chunk":2,"minecraft:torch":1,"naturalist:bass":1,"minecraft:mutton":1,"tombstone:grave_dust":5,"minecraft:string":2,"minecraft:white_wool":12,"iceandfire:dragonbone":4,"minecraft:bone":2,"iceandfire:silver_nugget":6,"minecraft:furnace":1,"minecraft:stone_axe":11,"ecologics:coconut_planks":77,"minecraft:sweet_berries":1,"minecraft:stone_sword":1,"minecraft:wheat":2,"minecraft:obsidian":1,"alexsmobs:blobfish":1,"minecraft:cooked_mutton":3,"supplementaries:ash":1,"minecraft:stone":2,"minecraft:bundle":1,"luminousworld:groundpebbles_1":3,"iceandfire:silver_ingot":13,"minecraft:purple_bed":1,"ecologics:coconut_husk":12,"minecraft:stone_pickaxe":2,"iceandfire:manuscript":2},"minecraft:used":{"minecraft:stone_sword":1,"iceandfire:silver_sword":108,"minecraft:flint_and_steel":14,"vanillaplustools:stone_hammer":93,"minecraft:dirt":34,"minecraft:light_weighted_pressure_plate":1,"minecraft:stone_bricks":41,"minecraft:sweet_berries":32,"minecraft:furnace":7,"tombstone:gift":3,"ecologics:coconut_seedling":8,"minecraft:cooked_beef":5,"minecraft:cooked_mutton":8,"minecraft:diorite":2,"minecraft:stone_pickaxe":84,"minecraft:baked_potato":8,"minecraft:wooden_pickaxe":8,"minecraft:sandstone":29,"luminousworld:groundpebbles_1":4,"minecraft:sand":11,"minecraft:crafting_table":6,"minecraft:bread":4,"stalwart_dungeons:stone_hammer":72,"minecraft:stone_axe":156,"ecologics:coconut_slice":18,"minecraft:cobblestone":195,"minecraft:purple_bed":1,"minecraft:porkchop":7,"born_in_chaos_v1:river_mint":3,"minecraft:cooked_porkchop":6,"minecraft:chain":1},"minecraft:picked_up":{"luminousworld:groundpebbles_1":7,"minecraft:crafting_table":5,"minecraft:iron_chestplate":1,"illagerinvasion:platinum_chunk":2,"born_in_chaos_v1:river_mint":3,"minecraft:wither_rose":1,"minecraft:chain":1,"ecologics:coconut_boat":1,"aether:leather_gloves":1,"minecraft:string":7,"minecraft:raw_copper":4,"minecraft:flint_and_steel":1,"minecraft:beef":3,"minecraft:furnace":5,"iceandfire:dragonbone":4,"minecraft:stick":49,"minecraft:sandstone":60,"ecologics:coconut_slice":18,"minecraft:copper_ingot":1,"minecraft:torch":1,"ecologics:coconut_seedling":10,"minecraft:porkchop":11,"tombstone:grave_dust":3,"minecraft:diorite":14,"minecraft:rotten_flesh":8,"minecraft:arrow":1,"ecologics:coconut_log":34,"supplementaries:ash":1,"minecraft:mutton":5,"minecraft:white_wool":12,"minecraft:cobblestone":589,"born_in_chaos_v1:corpse_maggot":3,"minecraft:feather":1,"ecologics:coconut_planks":47,"minecraft:leather":2,"minecraft:oak_log":8,"iceandfire:ectoplasm":2,"minecraft:dirt":34,"minecraft:cooked_mutton":3,"minecraft:bone":2,"minecraft:stone_bricks":5,"minecraft:wheat_seeds":5,"iceandfire:armor_silver_metal_helmet":1,"minecraft:glowstone_dust":2,"minecraft:stone_hoe":1,"minecraft:oak_planks":2,"minecraft:cooked_porkchop":2,"minecraft:sweet_berries":36,"born_in_chaos_v1:ethereal_spirit":1,"minecraft:sand":30,"minecraft:spruce_sapling":1,"minecraft:spruce_log":3,"luminousworld:whiteoaklog":1,"minecraft:bundle":1,"minecraft:purple_bed":2,"iceandfire:silver_sword":1,"minecraft:stone_axe":1,"iceandfire:dragon_ice":8,"minecraft:bread":1,"minecraft:emerald":1,"born_in_chaos_v1:rotten_fish":1,"iceandfire:silver_nugget":70,"minecraft:coal":12,"iceandfire:raw_silver":6},"minecraft:killed":{"undead_revamp2:theimmortal":10,"born_in_chaos_v1:restless_spirit":1,"minecraft:vindicator":4,"luminousworld:sunken_skeleton":1,"undead_revamp2:bomber":2,"enemyexpansion:direwolf":2,"minecraft:skeleton":1,"alexsmobs:blue_jay":1,"minecraft:bee":1,"luminousworld:monarch":1,"minecraft:drowned":1,"born_in_chaos_v1:corpse_fish":1,"minecraft:pig":7,"minecraft:sheep":2,"minecraft:pillager":2,"iceandfire:ghost":8,"born_in_chaos_v1:corpse_fly":5,"iceandfire:ice_dragon":1,"alexsmobs:crow":1,"enemyexpansion:wasp":1,"minecraft:cow":1},"minecraft:crafted":{"minecraft:smooth_stone":1,"minecraft:oak_planks":32,"vanillaplustools:stone_hammer":2,"ecologics:coconut_planks":136,"minecraft:furnace":3,"minecraft:stone":4,"minecraft:cooked_mutton":4,"luminousworld:white_oak_plank":4,"minecraft:stone_pickaxe":20,"minecraft:stone_hoe":1,"minecraft:cooked_beef":5,"iceandfire:silver_ingot":10,"sophisticatedbackpacks:backpack":1,"minecraft:cooked_porkchop":4,"minecraft:crafting_table":3,"minecraft:spruce_planks":12,"minecraft:wooden_pickaxe":1,"minecraft:stone_axe":12,"minecraft:air":0,"minecraft:stick":136,"quark:oak_chest":1,"minecraft:stone_sword":1,"stalwart_dungeons:stone_hammer":1},"minecraft:killed_by":{"minecraft:creeper":1,"enemyexpansion:equestrian":2,"minecraft:vindicator":1,"iceandfire:ice_dragon":16,"enemyexpansion:direwolf":1,"iceandfire:ghost":1},"minecraft:custom":{"minecraft:mob_kills":58,"minecraft:interact_with_crafting_table":32,"minecraft:open_barrel":10,"minecraft:leave_game":2,"minecraft:time_since_death":8598,"minecraft:climb_one_cm":1542,"minecraft:sprint_one_cm":250662,"minecraft:walk_one_cm":203582,"minecraft:drop":59,"minecraft:talked_to_villager":2,"minecraft:play_time":128448,"minecraft:deaths":23,"minecraft:sneak_time":6202,"minecraft:walk_under_water_one_cm":48898,"minecraft:boat_one_cm":32806,"minecraft:jump":2490,"minecraft:walk_on_water_one_cm":51960,"minecraft:total_world_time":128448,"minecraft:interact_with_furnace":26,"tombstone:raider_killed":6,"minecraft:sleep_in_bed":1,"minecraft:time_since_rest":8386,"minecraft:damage_taken":8738,"minecraft:trigger_trapped_chest":1,"minecraft:damage_dealt":16059,"minecraft:swim_one_cm":90166,"minecraft:fly_one_cm":396380,"minecraft:player_kills":1,"minecraft:open_chest":46,"minecraft:crouch_one_cm":20130,"tombstone:undead_killed":22,"minecraft:fall_one_cm":56159}},"DataVersion":3465}