{"stats":{"minecraft:broken":{"minecraft:golden_helmet":1,"stalwart_dungeons:stone_hammer":1,"minecraft:iron_chestplate":1,"vanillaplustools:stone_hammer":2,"minecraft:stone_axe":2,"aether:leather_gloves":1},"minecraft:mined":{"minecraft:tuff":6,"luminousworld:groundpebbles_1":2,"iceandfire:silver_ore":10,"minecraft:granite":44,"minecraft:dark_oak_fence":5,"minecraft:grass_block":1,"born_in_chaos_v1:black_argillite":4,"ecologics:coconut_leaves":12,"luminousworld:grassvariant_2":4,"minecraft:coal_block":2,"minecraft:mangrove_trapdoor":1,"luminousworld:blackberrybush":1,"ecologics:coconut_log":32,"minecraft:spruce_leaves":2,"minecraft:sandstone":60,"minecraft:spawner":2,"minecraft:large_fern":5,"minecraft:tall_seagrass":1,"minecraft:oak_trapdoor":1,"minecraft:spruce_sapling":1,"minecraft:furnace":8,"minecraft:iron_ore":25,"minecraft:fire":1,"minecraft:andesite":135,"minecraft:deepslate_lapis_ore":6,"minecraft:polished_deepslate":2,"minecraft:bookshelf":1,"minecraft:deepslate_iron_ore":18,"minecraft:stripped_oak_log":2,"minecraft:smooth_quartz_stairs":1,"ecologics:walnut_log":1,"minecraft:azalea":2,"minecraft:stone":1101,"minecraft:white_wool":10,"minecraft:oak_slab":1,"luminousworld:blueberrybush":1,"minecraft:clay":1,"iceandfire:dragon_ice_spikes":2,"minecraft:crafting_table":9,"minecraft:torch":3,"minecraft:blast_furnace":3,"minecraft:calcite":3,"luminousworld:grassflowers":1,"minecraft:tall_grass":5,"minecraft:copper_ore":9,"minecraft:cobblestone":16,"minecraft:deepslate_gold_ore":3,"minecraft:cyan_bed":1,"minecraft:oak_planks":7,"minecraft:diorite":142,"supplementaries:urn":4,"luminousworld:whiteoaklog":1,"minecraft:spruce_stairs":1,"minecraft:repeater":1,"minecraft:purple_bed":3,"minecraft:coarse_dirt":1,"minecraft:ice":1,"minecraft:sweet_berry_bush":21,"born_in_chaos_v1:river_mint":3,"minecraft:wither_rose":1,"minecraft:gravel":2,"luminousworld:ishstone":9,"minecraft:grass":26,"minecraft:coal_ore":47,"minecraft:oak_log":8,"ecologics:hanging_coconut":4,"minecraft:gray_carpet":1,"quark:spruce_chest":1,"minecraft:sand":32,"minecraft:dirt":19,"luminousworld:grassvariant_3":6,"minecraft:cobweb":9,"minecraft:gold_ore":7,"minecraft:polished_andesite":2,"minecraft:stone_bricks":6,"minecraft:deepslate":797,"minecraft:polished_deepslate_wall":3,"ecologics:coconut_seedling":5,"minecraft:fern":7},"minecraft:dropped":{"sophisticatedbackpacks:iron_backpack":1,"minecraft:stone_hoe":1,"minecraft:bread":1,"minecraft:iron_sword":5,"iceandfire:raw_silver":3,"minecraft:porkchop":1,"minecraft:wheat_seeds":7,"luminousworld:ishstone":2,"ecologics:coconut_seedling":2,"minecraft:cobblestone":125,"minecraft:leather":2,"minecraft:granite":3,"iceandfire:ectoplasm":2,"minecraft:coal":11,"minecraft:emerald":1,"minecraft:cobweb":1,"illagerinvasion:platinum_chunk":2,"born_in_chaos_v1:black_argillite":3,"minecraft:torch":2,"naturalist:bass":1,"minecraft:mutton":1,"minecraft:potion":1,"tombstone:grave_dust":6,"minecraft:iron_pickaxe":4,"minecraft:string":2,"minecraft:white_wool":12,"minecraft:polished_deepslate":2,"iceandfire:dragonbone":4,"minecraft:bone":2,"iceandfire:silver_nugget":6,"minecraft:furnace":1,"minecraft:stone_axe":11,"ecologics:coconut_planks":77,"minecraft:sweet_berries":21,"minecraft:cobbled_deepslate":419,"minecraft:stone_sword":1,"minecraft:bowl":1,"minecraft:tuff":15,"minecraft:wheat":2,"minecraft:obsidian":1,"minecraft:beetroot":6,"alexsmobs:blobfish":1,"minecraft:rotten_flesh":19,"minecraft:cooked_mutton":11,"minecraft:blast_furnace":3,"supplementaries:ash":1,"minecraft:stone":2,"minecraft:bundle":2,"born_in_chaos_v1:corpse_maggot":9,"luminousworld:groundpebbles_1":6,"iceandfire:silver_ingot":13,"minecraft:purple_bed":1,"ecologics:coconut_husk":12,"minecraft:azalea":1,"minecraft:stone_pickaxe":4,"iceandfire:manuscript":2},"minecraft:picked_up":{"luminousworld:groundpebbles_1":10,"minecraft:crafting_table":9,"minecraft:iron_chestplate":1,"illagerinvasion:platinum_chunk":2,"minecraft:clay_ball":4,"born_in_chaos_v1:river_mint":3,"minecraft:wither_rose":1,"minecraft:chain":1,"ecologics:coconut_boat":1,"minecraft:polished_deepslate_wall":2,"aether:leather_gloves":1,"born_in_chaos_v1:black_argillite":5,"minecraft:polished_deepslate":2,"minecraft:oak_trapdoor":1,"minecraft:string":10,"minecraft:raw_copper":4,"minecraft:flint_and_steel":1,"quark:spruce_chest":1,"minecraft:gold_nugget":23,"minecraft:cobbled_deepslate":1095,"minecraft:beef":3,"minecraft:calcite":3,"minecraft:azalea":1,"minecraft:coal_block":2,"minecraft:smooth_quartz_stairs":1,"minecraft:furnace":6,"minecraft:raw_iron":37,"iceandfire:dragonbone":4,"minecraft:stick":49,"minecraft:sandstone":60,"minecraft:bowl":1,"ecologics:coconut_slice":18,"minecraft:copper_ingot":1,"minecraft:torch":18,"ecologics:coconut_seedling":10,"minecraft:porkchop":11,"tombstone:grave_dust":4,"minecraft:diorite":14,"minecraft:mangrove_trapdoor":1,"minecraft:rotten_flesh":19,"minecraft:arrow":2,"ecologics:coconut_log":34,"supplementaries:ash":1,"minecraft:mutton":5,"minecraft:white_wool":12,"minecraft:cobblestone":819,"minecraft:stripped_oak_log":2,"minecraft:air":0,"minecraft:repeater":1,"born_in_chaos_v1:corpse_maggot":12,"minecraft:feather":1,"minecraft:andesite":27,"luminousworld:ishstone":2,"ecologics:coconut_planks":47,"minecraft:leather":2,"minecraft:mushroom_stew":1,"minecraft:tuff":15,"minecraft:oak_log":8,"iceandfire:ectoplasm":2,"minecraft:lapis_lazuli":39,"minecraft:dirt":34,"minecraft:cooked_mutton":3,"minecraft:bone":10,"minecraft:stone_bricks":5,"minecraft:wheat_seeds":7,"minecraft:raw_gold":10,"iceandfire:armor_silver_metal_helmet":1,"minecraft:stone_pickaxe":2,"minecraft:glowstone_dust":2,"minecraft:stone_hoe":1,"minecraft:oak_planks":4,"minecraft:book":9,"minecraft:cooked_porkchop":2,"minecraft:sweet_berries":36,"born_in_chaos_v1:ethereal_spirit":1,"minecraft:spider_eye":1,"minecraft:gravel":2,"minecraft:sand":30,"minecraft:cyan_bed":1,"minecraft:blast_furnace":3,"minecraft:spruce_sapling":1,"minecraft:spruce_log":3,"luminousworld:whiteoaklog":1,"minecraft:bundle":2,"minecraft:purple_bed":3,"iceandfire:silver_sword":1,"minecraft:stone_axe":1,"iceandfire:dragon_ice":8,"minecraft:granite":3,"minecraft:bread":1,"minecraft:emerald":1,"minecraft:dark_oak_fence":1,"tombstone:magic_scroll":1,"born_in_chaos_v1:rotten_fish":1,"iceandfire:silver_nugget":70,"minecraft:coal":50,"iceandfire:raw_silver":8},"minecraft:used":{"minecraft:oak_trapdoor":1,"minecraft:stone_sword":1,"iceandfire:silver_sword":239,"minecraft:flint_and_steel":14,"born_in_chaos_v1:black_argillite":2,"vanillaplustools:stone_hammer":256,"minecraft:torch":17,"minecraft:dirt":34,"quark:spruce_chest":1,"minecraft:light_weighted_pressure_plate":1,"minecraft:polished_deepslate_wall":2,"minecraft:stone_bricks":41,"minecraft:sweet_berries":32,"minecraft:furnace":7,"tombstone:gift":3,"ecologics:coconut_seedling":8,"minecraft:cooked_beef":13,"minecraft:cobbled_deepslate":247,"minecraft:cooked_mutton":9,"minecraft:diorite":2,"minecraft:stone_pickaxe":84,"minecraft:baked_potato":8,"minecraft:wooden_pickaxe":8,"minecraft:sandstone":29,"luminousworld:groundpebbles_1":4,"minecraft:smooth_quartz_stairs":1,"minecraft:sand":11,"minecraft:crafting_table":8,"minecraft:bread":4,"iceandfire:armor_silver_boots":2,"stalwart_dungeons:stone_hammer":72,"minecraft:stone_axe":190,"ecologics:coconut_slice":18,"vanillaplustools:iron_hammer":75,"minecraft:chainmail_boots":1,"minecraft:cobblestone":259,"minecraft:purple_bed":1,"minecraft:porkchop":7,"born_in_chaos_v1:river_mint":3,"minecraft:cooked_porkchop":6,"minecraft:andesite":26,"minecraft:chain":1},"minecraft:killed":{"undead_revamp2:theimmortal":10,"born_in_chaos_v1:restless_spirit":1,"minecraft:spider":2,"minecraft:vindicator":4,"luminousworld:sunken_skeleton":2,"undead_revamp2:bomber":2,"enemyexpansion:direwolf":2,"born_in_chaos_v1:maggot":3,"minecraft:skeleton":4,"alexsmobs:blue_jay":1,"minecraft:bee":1,"luminousworld:monarch":1,"minecraft:drowned":1,"born_in_chaos_v1:corpse_fish":1,"minecraft:husk":8,"minecraft:pig":7,"enemyexpansion:ladybug":1,"born_in_chaos_v1:decrepit_skeleton":1,"minecraft:sheep":2,"minecraft:pillager":2,"minecraft:zombie":1,"iceandfire:ghost":8,"born_in_chaos_v1:corpse_fly":8,"iceandfire:ice_dragon":1,"alexsmobs:crow":1,"enemyexpansion:wasp":1,"minecraft:cow":1},"minecraft:crafted":{"minecraft:smooth_stone":1,"minecraft:oak_planks":40,"vanillaplustools:stone_hammer":2,"ecologics:coconut_planks":136,"minecraft:furnace":3,"minecraft:stone":4,"minecraft:cooked_mutton":4,"vanillaplustools:iron_hammer":1,"luminousworld:white_oak_plank":4,"minecraft:stone_pickaxe":20,"minecraft:stone_hoe":1,"sophisticatedbackpacks:iron_backpack":1,"minecraft:cooked_beef":5,"iceandfire:silver_ingot":10,"sophisticatedbackpacks:backpack":1,"minecraft:cooked_porkchop":4,"minecraft:crafting_table":3,"minecraft:spruce_planks":12,"minecraft:wooden_pickaxe":1,"minecraft:stone_axe":13,"minecraft:air":0,"minecraft:iron_pickaxe":6,"minecraft:stick":148,"quark:oak_chest":1,"minecraft:iron_ingot":18,"minecraft:stone_sword":1,"stalwart_dungeons:stone_hammer":1},"minecraft:killed_by":{"minecraft:husk":3,"minecraft:player":1,"minecraft:creeper":1,"enemyexpansion:equestrian":2,"minecraft:vindicator":1,"iceandfire:ice_dragon":16,"enemyexpansion:direwolf":1,"iceandfire:ghost":1},"minecraft:custom":{"minecraft:mob_kills":90,"minecraft:interact_with_crafting_table":39,"minecraft:open_barrel":14,"minecraft:leave_game":2,"minecraft:time_since_death":64405,"minecraft:climb_one_cm":4067,"minecraft:sprint_one_cm":353200,"minecraft:walk_one_cm":296471,"minecraft:drop":106,"minecraft:talked_to_villager":4,"minecraft:play_time":206448,"minecraft:deaths":27,"minecraft:sneak_time":11794,"minecraft:walk_under_water_one_cm":52180,"minecraft:boat_one_cm":59156,"minecraft:jump":3308,"minecraft:walk_on_water_one_cm":57912,"minecraft:total_world_time":206448,"minecraft:interact_with_furnace":26,"tombstone:raider_killed":6,"minecraft:tune_noteblock":13,"minecraft:sleep_in_bed":1,"minecraft:time_since_rest":64167,"minecraft:damage_taken":11957,"minecraft:trigger_trapped_chest":1,"minecraft:damage_dealt":23870,"tombstone:cast_on_ally":1,"minecraft:swim_one_cm":92938,"minecraft:fly_one_cm":475476,"minecraft:player_kills":2,"minecraft:open_chest":54,"minecraft:crouch_one_cm":35661,"tombstone:undead_killed":35,"minecraft:interact_with_smoker":1,"minecraft:fall_one_cm":70724}},"DataVersion":3465}