{"stats":{"minecraft:mined":{"luminousworld:groundpebbles_1":2,"minecraft:furnace":2,"minecraft:crafting_table":1,"minecraft:grass":9,"ecologics:hanging_coconut":2,"minecraft:sand":11,"minecraft:dirt":18,"luminousworld:grassvariant_2":4,"luminousworld:grassvariant_3":2,"luminousworld:grassflowers":1,"minecraft:tall_grass":1,"minecraft:copper_ore":1,"ecologics:coconut_log":11,"ecologics:walnut_log":1,"minecraft:stone":402,"minecraft:diorite":2,"minecraft:sandstone":60},"minecraft:dropped":{"minecraft:stone_axe":1,"minecraft:wheat_seeds":3},"minecraft:used":{"minecraft:stone_pickaxe":78,"minecraft:wooden_pickaxe":6,"vanillaplustools:stone_hammer":50,"minecraft:stone_axe":13,"stalwart_dungeons:stone_hammer":12,"ecologics:coconut_slice":6,"minecraft:furnace":2,"minecraft:dirt":34,"minecraft:sand":11,"minecraft:cobblestone":8,"minecraft:crafting_table":2,"tombstone:gift":2},"minecraft:picked_up":{"luminousworld:groundpebbles_1":4,"minecraft:stick":18,"minecraft:crafting_table":1,"minecraft:sandstone":60,"ecologics:coconut_slice":8,"minecraft:porkchop":7,"minecraft:sand":11,"minecraft:diorite":2,"minecraft:dirt":34,"minecraft:raw_copper":4,"minecraft:stone_axe":1,"minecraft:wheat_seeds":3,"ecologics:coconut_log":11,"minecraft:cobblestone":401},"minecraft:killed":{"minecraft:pig":4,"minecraft:bee":1},"minecraft:crafted":{"minecraft:smooth_stone":1,"vanillaplustools:stone_hammer":1,"minecraft:crafting_table":2,"ecologics:coconut_planks":44,"minecraft:stick":64,"minecraft:wooden_pickaxe":1,"minecraft:stone_pickaxe":11,"minecraft:stone_sword":1,"minecraft:furnace":2,"minecraft:stone":4,"stalwart_dungeons:stone_hammer":1,"minecraft:stone_axe":11,"minecraft:air":0},"minecraft:killed_by":{"enemyexpansion:direwolf":1,"enemyexpansion:equestrian":2,"minecraft:creeper":1},"minecraft:custom":{"minecraft:time_since_rest":25131,"minecraft:interact_with_furnace":5,"minecraft:sprint_one_cm":28211,"minecraft:damage_taken":1115,"minecraft:walk_one_cm":55196,"minecraft:mob_kills":5,"minecraft:drop":2,"minecraft:damage_dealt":578,"minecraft:swim_one_cm":4652,"minecraft:interact_with_crafting_table":14,"minecraft:talked_to_villager":1,"minecraft:fly_one_cm":56766,"minecraft:crouch_one_cm":5985,"minecraft:play_time":32448,"minecraft:deaths":4,"minecraft:sneak_time":1413,"minecraft:walk_under_water_one_cm":2326,"minecraft:jump":275,"minecraft:leave_game":2,"minecraft:time_since_death":25511,"minecraft:walk_on_water_one_cm":5697,"minecraft:total_world_time":32448,"minecraft:fall_one_cm":5296}},"DataVersion":3465}