{"stats":{"minecraft:broken":{"minecraft:golden_helmet":1,"stalwart_dungeons:stone_hammer":1,"minecraft:iron_chestplate":1,"minecraft:stone_axe":2,"iceandfire:armor_silver_metal_helmet":1,"vanillaplustools:stone_hammer":2,"aether:leather_gloves":1},"minecraft:mined":{"minecraft:dark_oak_planks":1,"minecraft:spruce_planks":2,"minecraft:carved_pumpkin":1,"minecraft:potted_dead_bush":1,"minecraft:granite":44,"minecraft:grass_block":1,"ecologics:coconut_leaves":12,"minecraft:coal_block":2,"minecraft:chiseled_stone_bricks":2,"minecraft:spawner":2,"minecraft:tall_seagrass":1,"minecraft:iron_ore":25,"minecraft:cobbled_deepslate":18,"minecraft:fire":2,"minecraft:deepslate_lapis_ore":6,"ecologics:walnut_log":1,"minecraft:azalea":2,"minecraft:kelp_plant":1,"minecraft:clay":1,"iceandfire:dragon_ice_spikes":2,"minecraft:torch":3,"minecraft:blast_furnace":3,"minecraft:calcite":3,"minecraft:dead_bush":1,"minecraft:cobblestone":33,"minecraft:cyan_bed":1,"minecraft:oak_planks":11,"minecraft:repeater":1,"born_in_chaos_v1:river_mint":3,"minecraft:wither_rose":1,"minecraft:grass":31,"minecraft:oak_log":9,"minecraft:sand":51,"minecraft:dirt":20,"luminousworld:grassvariant_3":6,"minecraft:polished_deepslate_wall":3,"minecraft:deepslate":797,"luminousworld:groundpebbles_1":2,"minecraft:tuff":6,"iceandfire:silver_ore":10,"minecraft:dark_oak_log":2,"luminousworld:mossbuds_1":1,"minecraft:dark_oak_fence":5,"luminousworld:mossbuds_2":4,"born_in_chaos_v1:black_argillite":4,"luminousworld:grassvariant_2":4,"minecraft:mangrove_trapdoor":1,"luminousworld:blackberrybush":1,"ecologics:coconut_log":37,"minecraft:spruce_leaves":2,"minecraft:sandstone":68,"minecraft:large_fern":6,"minecraft:oak_trapdoor":1,"minecraft:spruce_sapling":1,"minecraft:furnace":8,"minecraft:andesite":135,"luminousworld:mossbuds_3":3,"minecraft:polished_deepslate":2,"minecraft:bookshelf":17,"minecraft:vine":1,"minecraft:deepslate_iron_ore":18,"minecraft:potted_spruce_sapling":1,"minecraft:stripped_oak_log":2,"minecraft:smooth_quartz_stairs":1,"luminousworld:groundpebbles_2":1,"minecraft:stone":1194,"minecraft:white_wool":10,"minecraft:podzol":1,"minecraft:oak_slab":1,"luminousworld:blueberrybush":3,"minecraft:oak_fence":1,"minecraft:crafting_table":14,"luminousworld:grassflowers":1,"minecraft:tall_grass":6,"minecraft:copper_ore":9,"minecraft:deepslate_gold_ore":3,"minecraft:diorite":146,"supplementaries:urn":4,"luminousworld:whiteoaklog":1,"minecraft:spruce_stairs":1,"minecraft:purple_bed":3,"minecraft:coarse_dirt":1,"naturalist:duckweed":1,"minecraft:sweet_berry_bush":21,"minecraft:ice":1,"minecraft:coal_ore":47,"luminousworld:ishstone":9,"ecologics:hanging_coconut":4,"quark:spruce_chest":1,"minecraft:gravel":2,"minecraft:gray_carpet":1,"minecraft:cobweb":12,"minecraft:polished_andesite":5,"minecraft:stone_bricks":37,"minecraft:gold_ore":7,"ecologics:coconut_seedling":5,"minecraft:fern":9},"minecraft:dropped":{"sophisticatedbackpacks:iron_backpack":1,"minecraft:iron_sword":5,"iceandfire:raw_silver":3,"minecraft:porkchop":1,"minecraft:oak_log":1,"minecraft:leather":2,"iceandfire:ectoplasm":2,"minecraft:emerald":1,"minecraft:dark_oak_log":2,"iceandfire:armor_silver_metal_leggings":1,"minecraft:mutton":1,"minecraft:iron_pickaxe":4,"vanillaplustools:iron_hammer":2,"minecraft:white_wool":12,"minecraft:bone":11,"minecraft:stone_axe":12,"minecraft:cobbled_deepslate":419,"minecraft:wheat":2,"minecraft:obsidian":1,"minecraft:beetroot":6,"minecraft:rotten_flesh":19,"minecraft:cooked_mutton":11,"supplementaries:ash":1,"supplementaries:cartographers_quill":1,"minecraft:gunpowder":1,"born_in_chaos_v1:corpse_maggot":21,"ecologics:coconut_husk":12,"minecraft:azalea":1,"minecraft:beef":5,"iceandfire:manuscript":2,"minecraft:stone_hoe":1,"minecraft:bread":1,"minecraft:wheat_seeds":7,"luminousworld:ishstone":2,"ecologics:coconut_seedling":2,"minecraft:iron_helmet":1,"minecraft:cobblestone":125,"minecraft:granite":3,"minecraft:coal":11,"minecraft:cobweb":1,"illagerinvasion:platinum_chunk":2,"born_in_chaos_v1:black_argillite":3,"minecraft:torch":2,"naturalist:bass":1,"iceandfire:silver_sword":1,"tombstone:grave_dust":6,"minecraft:potion":1,"minecraft:chainmail_leggings":1,"minecraft:paper":12,"minecraft:string":2,"iceandfire:dragonbone":4,"minecraft:polished_deepslate":2,"iceandfire:silver_nugget":6,"minecraft:furnace":1,"ecologics:coconut_planks":87,"minecraft:sweet_berries":21,"minecraft:stone_sword":1,"minecraft:bowl":1,"minecraft:tuff":15,"alexsmobs:blobfish":1,"minecraft:blast_furnace":3,"minecraft:stone":2,"minecraft:bundle":2,"luminousworld:groundpebbles_1":6,"minecraft:purple_bed":1,"iceandfire:silver_ingot":13,"minecraft:spider_eye":1,"minecraft:stone_pickaxe":4,"minecraft:calcite":3},"minecraft:used":{"minecraft:shield":25,"minecraft:iron_sword":136,"friendsandfoes:totem_of_illusion":2,"minecraft:stone_bricks":60,"minecraft:sweet_berries":32,"minecraft:furnace":7,"minecraft:diorite":4,"minecraft:stone_pickaxe":84,"minecraft:oak_planks":4,"minecraft:wooden_pickaxe":8,"minecraft:sandstone":33,"luminousworld:groundpebbles_1":4,"minecraft:smooth_quartz_stairs":1,"vanillaplustools:diamond_hammer":13,"minecraft:sand":29,"minecraft:bread":4,"ecologics:coconut_slice":18,"minecraft:chainmail_boots":1,"born_in_chaos_v1:river_mint":3,"minecraft:andesite":26,"minecraft:chain":1,"minecraft:oak_fence":2,"minecraft:oak_trapdoor":1,"minecraft:stone_sword":1,"iceandfire:silver_sword":341,"minecraft:dead_bush":1,"minecraft:flint_and_steel":14,"born_in_chaos_v1:black_argillite":2,"vanillaplustools:stone_hammer":256,"minecraft:torch":17,"minecraft:dirt":34,"quark:spruce_chest":1,"minecraft:iron_axe":28,"minecraft:light_weighted_pressure_plate":1,"minecraft:polished_deepslate_wall":2,"ecologics:coconut_boat":1,"tombstone:gift":3,"ecologics:coconut_seedling":8,"minecraft:cooked_beef":38,"minecraft:cobbled_deepslate":700,"minecraft:cooked_mutton":9,"minecraft:baked_potato":8,"minecraft:polished_andesite":3,"minecraft:crafting_table":14,"minecraft:oak_button":1,"iceandfire:armor_silver_boots":2,"minecraft:stone_axe":237,"stalwart_dungeons:stone_hammer":72,"minecraft:purple_bed":1,"minecraft:cobblestone":482,"minecraft:porkchop":7,"vanillaplustools:iron_hammer":100,"minecraft:cooked_porkchop":6,"minecraft:chainmail_leggings":2},"minecraft:picked_up":{"minecraft:iron_chestplate":1,"illagerinvasion:platinum_chunk":6,"minecraft:flower_pot":2,"minecraft:wither_rose":1,"minecraft:polished_deepslate_wall":2,"born_in_chaos_v1:black_argillite":5,"minecraft:polished_deepslate":2,"minecraft:string":13,"minecraft:raw_copper":4,"minecraft:gold_nugget":23,"minecraft:cobbled_deepslate":1112,"minecraft:spruce_planks":1,"minecraft:calcite":3,"minecraft:azalea":1,"minecraft:coal_block":2,"minecraft:smooth_quartz_stairs":1,"minecraft:furnace":6,"minecraft:stick":51,"minecraft:oak_fence":2,"minecraft:torch":18,"ecologics:coconut_seedling":10,"minecraft:porkchop":11,"tombstone:grave_dust":6,"minecraft:diorite":16,"undead_revamp2:cloogerribs":44,"minecraft:rotten_flesh":48,"ecologics:coconut_log":39,"minecraft:carved_pumpkin":1,"supplementaries:ash":1,"minecraft:cobblestone":859,"minecraft:cooked_beef":11,"minecraft:feather":1,"minecraft:repeater":1,"minecraft:andesite":27,"ecologics:coconut_planks":50,"minecraft:tuff":15,"minecraft:lapis_lazuli":39,"minecraft:dirt":45,"minecraft:bone":35,"minecraft:wheat_seeds":7,"minecraft:raw_gold":10,"minecraft:glowstone_dust":2,"minecraft:stone_hoe":1,"minecraft:oak_planks":8,"minecraft:cooked_porkchop":2,"minecraft:sand":48,"iceandfire:stymphalian_bird_feather":5,"minecraft:dead_bush":1,"minecraft:cyan_bed":1,"minecraft:dark_oak_log":2,"minecraft:bundle":3,"minecraft:polished_andesite":3,"iceandfire:dragon_ice":8,"minecraft:granite":3,"minecraft:emerald":2,"minecraft:bread":1,"born_in_chaos_v1:rotten_fish":1,"iceandfire:silver_nugget":70,"minecraft:dark_oak_fence":1,"iceandfire:raw_silver":8,"minecraft:mud":1,"luminousworld:groundpebbles_1":11,"minecraft:crafting_table":14,"born_in_chaos_v1:river_mint":3,"minecraft:clay_ball":4,"friendsandfoes:totem_of_illusion":1,"minecraft:chain":1,"ecologics:coconut_boat":2,"aether:leather_gloves":1,"minecraft:oak_trapdoor":1,"minecraft:flint_and_steel":1,"minecraft:iron_shovel":1,"quark:spruce_chest":1,"minecraft:beef":13,"minecraft:iron_nugget":3,"minecraft:raw_iron":37,"minecraft:sandstone":64,"iceandfire:dragonbone":4,"ecologics:coconut_slice":20,"minecraft:copper_ingot":1,"minecraft:bowl":1,"minecraft:spruce_fence":1,"minecraft:mangrove_trapdoor":1,"minecraft:arrow":6,"iceandfire:earplugs":1,"minecraft:mutton":5,"minecraft:white_wool":12,"minecraft:stripped_oak_log":2,"born_in_chaos_v1:corpse_maggot":22,"minecraft:air":0,"minecraft:salmon":1,"luminousworld:ishstone":2,"minecraft:leather":56,"minecraft:mushroom_stew":1,"minecraft:oak_log":9,"iceandfire:ectoplasm":6,"minecraft:gunpowder":2,"vanillaplustools:iron_hammer":1,"minecraft:cooked_mutton":3,"minecraft:stone_bricks":31,"minecraft:kelp":1,"iceandfire:armor_silver_metal_helmet":1,"minecraft:stone_pickaxe":2,"minecraft:iron_sword":1,"minecraft:book":51,"minecraft:sweet_berries":36,"born_in_chaos_v1:ethereal_spirit":1,"minecraft:gravel":2,"minecraft:spruce_sapling":2,"minecraft:blast_furnace":3,"minecraft:spruce_log":3,"minecraft:spider_eye":1,"luminousworld:whiteoaklog":1,"minecraft:purple_bed":3,"iceandfire:silver_sword":4,"minecraft:stone_axe":1,"minecraft:chainmail_leggings":3,"tombstone:magic_scroll":1,"minecraft:coal":50},"minecraft:killed":{"minecraft:witch":1,"born_in_chaos_v1:restless_spirit":1,"minecraft:spider":3,"undead_revamp2:clogger":1,"iceandfire:stymphalian_bird":2,"born_in_chaos_v1:siamese_skeletonsright":1,"illagerinvasion:basher":1,"undead_revamp2:theswarmer":1,"minecraft:skeleton":4,"undead_revamp2:deadclogger":1,"minecraft:bee":2,"illagerinvasion:provoker":2,"minecraft:illusioner":1,"minecraft:wolf":2,"minecraft:pig":7,"enemyexpansion:ladybug":1,"minecraft:salmon":1,"earthmobsmod:lobber_zombie":1,"minecraft:sheep":2,"minecraft:pillager":10,"enemyexpansion:meature":2,"minecraft:zombie":1,"born_in_chaos_v1:corpse_fly":17,"bettermobs:capivara":4,"minecraft:cow":2,"enemyexpansion:wasp":1,"undead_revamp2:theimmortal":10,"minecraft:vindicator":4,"illagerinvasion:marauder":1,"luminousworld:sunken_skeleton":3,"undead_revamp2:bomber":2,"enemyexpansion:direwolf":2,"born_in_chaos_v1:maggot":3,"alexsmobs:blue_jay":1,"luminousworld:monarch":1,"minecraft:drowned":1,"born_in_chaos_v1:corpse_fish":1,"luminousworld:firefly":1,"minecraft:husk":8,"born_in_chaos_v1:decrepit_skeleton":1,"iceandfire:ghost":15,"iceandfire:ice_dragon":1,"alexsmobs:crow":1},"minecraft:crafted":{"minecraft:smooth_stone":1,"minecraft:oak_planks":168,"minecraft:stone":4,"minecraft:cooked_mutton":4,"vanillaplustools:iron_hammer":1,"minecraft:oak_button":1,"minecraft:stone_hoe":1,"sophisticatedbackpacks:backpack":1,"minecraft:cooked_porkchop":4,"minecraft:crafting_table":3,"minecraft:spruce_planks":12,"minecraft:wooden_pickaxe":1,"minecraft:iron_helmet":1,"minecraft:iron_chestplate":1,"minecraft:shield":1,"sophisticatedbackpacks:diamond_backpack":1,"minecraft:stick":156,"quark:oak_chest":1,"minecraft:iron_ingot":18,"minecraft:iron_pickaxe":6,"minecraft:stone_sword":1,"vanillaplustools:stone_hammer":2,"ecologics:coconut_planks":156,"minecraft:furnace":3,"minecraft:iron_axe":1,"luminousworld:white_oak_plank":4,"minecraft:stone_pickaxe":20,"ecologics:coconut_boat":1,"sophisticatedbackpacks:iron_backpack":1,"minecraft:cooked_beef":5,"iceandfire:silver_ingot":10,"sophisticatedbackpacks:gold_backpack":1,"minecraft:stone_axe":13,"minecraft:air":0,"stalwart_dungeons:stone_hammer":1},"minecraft:killed_by":{"minecraft:creeper":1,"iceandfire:siren":1,"undead_revamp2:clogger":1,"minecraft:vindicator":4,"iceandfire:ice_dragon":16,"minecraft:husk":3,"minecraft:player":2,"enemyexpansion:equestrian":2,"enemyexpansion:direwolf":1,"iceandfire:ghost":1},"minecraft:custom":{"minecraft:interact_with_crafting_table":54,"minecraft:open_barrel":27,"minecraft:leave_game":3,"minecraft:time_since_death":11568,"minecraft:sprint_one_cm":510733,"minecraft:damage_blocked_by_shield":645,"minecraft:drop":133,"minecraft:talked_to_villager":4,"minecraft:play_time":293549,"minecraft:deaths":33,"minecraft:interact_with_brewingstand":1,"minecraft:jump":5181,"minecraft:walk_on_water_one_cm":92708,"minecraft:interact_with_furnace":26,"minecraft:sleep_in_bed":1,"minecraft:damage_dealt":38186,"minecraft:player_kills":3,"minecraft:crouch_one_cm":46596,"tombstone:undead_killed":49,"minecraft:interact_with_smoker":1,"minecraft:inspect_dispenser":2,"minecraft:mob_kills":144,"minecraft:climb_one_cm":7302,"minecraft:walk_one_cm":405434,"minecraft:sneak_time":15043,"minecraft:walk_under_water_one_cm":87890,"minecraft:boat_one_cm":124509,"minecraft:total_world_time":293549,"tombstone:raider_killed":20,"minecraft:tune_noteblock":13,"minecraft:time_since_rest":11347,"minecraft:damage_taken":17655,"minecraft:trigger_trapped_chest":2,"tombstone:cast_on_ally":1,"minecraft:swim_one_cm":165345,"minecraft:fly_one_cm":735699,"minecraft:open_chest":66,"minecraft:fall_one_cm":107875}},"DataVersion":3465}