{"stats":{"minecraft:broken":{"minecraft:golden_helmet":1,"stalwart_dungeons:stone_hammer":1,"minecraft:iron_chestplate":1,"minecraft:stone_axe":2,"iceandfire:armor_silver_metal_helmet":1,"vanillaplustools:stone_hammer":2,"aether:leather_gloves":1},"minecraft:mined":{"minecraft:dark_oak_planks":1,"minecraft:spruce_planks":2,"minecraft:granite":44,"minecraft:grass_block":1,"ecologics:coconut_leaves":12,"minecraft:coal_block":2,"minecraft:chiseled_stone_bricks":2,"minecraft:spawner":2,"minecraft:tall_seagrass":1,"minecraft:cobbled_deepslate":5,"minecraft:iron_ore":25,"minecraft:fire":1,"minecraft:deepslate_lapis_ore":6,"ecologics:walnut_log":1,"minecraft:azalea":2,"iceandfire:dragon_ice_spikes":2,"minecraft:clay":1,"minecraft:torch":3,"minecraft:blast_furnace":3,"minecraft:calcite":3,"minecraft:cobblestone":16,"minecraft:cyan_bed":1,"minecraft:oak_planks":11,"minecraft:repeater":1,"born_in_chaos_v1:river_mint":3,"minecraft:wither_rose":1,"minecraft:grass":26,"minecraft:oak_log":9,"minecraft:sand":51,"minecraft:dirt":20,"luminousworld:grassvariant_3":6,"minecraft:polished_deepslate_wall":3,"minecraft:deepslate":797,"luminousworld:groundpebbles_1":2,"minecraft:tuff":6,"iceandfire:silver_ore":10,"minecraft:dark_oak_log":2,"luminousworld:mossbuds_1":1,"minecraft:dark_oak_fence":5,"luminousworld:mossbuds_2":4,"born_in_chaos_v1:black_argillite":4,"luminousworld:grassvariant_2":4,"minecraft:mangrove_trapdoor":1,"luminousworld:blackberrybush":1,"ecologics:coconut_log":32,"minecraft:spruce_leaves":2,"minecraft:sandstone":68,"minecraft:large_fern":5,"minecraft:oak_trapdoor":1,"minecraft:furnace":8,"minecraft:spruce_sapling":1,"minecraft:andesite":135,"luminousworld:mossbuds_3":3,"minecraft:polished_deepslate":2,"minecraft:bookshelf":17,"minecraft:deepslate_iron_ore":18,"minecraft:stripped_oak_log":2,"minecraft:smooth_quartz_stairs":1,"minecraft:stone":1194,"minecraft:white_wool":10,"minecraft:podzol":1,"minecraft:oak_slab":1,"luminousworld:blueberrybush":3,"minecraft:oak_fence":1,"minecraft:crafting_table":9,"luminousworld:grassflowers":1,"minecraft:copper_ore":9,"minecraft:tall_grass":5,"minecraft:deepslate_gold_ore":3,"minecraft:diorite":146,"supplementaries:urn":4,"luminousworld:whiteoaklog":1,"minecraft:spruce_stairs":1,"minecraft:purple_bed":3,"minecraft:coarse_dirt":1,"minecraft:sweet_berry_bush":21,"minecraft:ice":1,"minecraft:coal_ore":47,"ecologics:hanging_coconut":4,"luminousworld:ishstone":9,"quark:spruce_chest":1,"minecraft:gravel":2,"minecraft:gray_carpet":1,"minecraft:cobweb":9,"minecraft:stone_bricks":37,"minecraft:polished_andesite":5,"minecraft:gold_ore":7,"ecologics:coconut_seedling":5,"minecraft:fern":8},"minecraft:dropped":{"sophisticatedbackpacks:iron_backpack":1,"minecraft:iron_sword":5,"iceandfire:raw_silver":3,"minecraft:porkchop":1,"minecraft:oak_log":1,"minecraft:leather":2,"iceandfire:ectoplasm":2,"minecraft:emerald":1,"minecraft:dark_oak_log":2,"iceandfire:armor_silver_metal_leggings":1,"minecraft:mutton":1,"minecraft:iron_pickaxe":4,"vanillaplustools:iron_hammer":2,"minecraft:white_wool":12,"minecraft:bone":10,"minecraft:stone_axe":11,"minecraft:cobbled_deepslate":419,"minecraft:wheat":2,"minecraft:obsidian":1,"minecraft:beetroot":6,"minecraft:rotten_flesh":19,"minecraft:cooked_mutton":11,"supplementaries:ash":1,"born_in_chaos_v1:corpse_maggot":9,"ecologics:coconut_husk":12,"minecraft:azalea":1,"iceandfire:manuscript":2,"minecraft:stone_hoe":1,"minecraft:bread":1,"minecraft:wheat_seeds":7,"luminousworld:ishstone":2,"ecologics:coconut_seedling":2,"minecraft:cobblestone":125,"minecraft:granite":3,"minecraft:coal":11,"minecraft:cobweb":1,"illagerinvasion:platinum_chunk":2,"born_in_chaos_v1:black_argillite":3,"minecraft:torch":2,"naturalist:bass":1,"tombstone:grave_dust":6,"minecraft:potion":1,"minecraft:chainmail_leggings":1,"minecraft:string":2,"iceandfire:dragonbone":4,"minecraft:polished_deepslate":2,"iceandfire:silver_nugget":6,"minecraft:furnace":1,"ecologics:coconut_planks":77,"minecraft:sweet_berries":21,"minecraft:stone_sword":1,"minecraft:bowl":1,"minecraft:tuff":15,"alexsmobs:blobfish":1,"minecraft:blast_furnace":3,"minecraft:stone":2,"minecraft:bundle":2,"luminousworld:groundpebbles_1":6,"minecraft:purple_bed":1,"iceandfire:silver_ingot":13,"minecraft:stone_pickaxe":4,"minecraft:calcite":3},"minecraft:used":{"minecraft:stone_bricks":60,"minecraft:sweet_berries":32,"minecraft:furnace":7,"minecraft:diorite":4,"minecraft:stone_pickaxe":84,"minecraft:oak_planks":2,"minecraft:wooden_pickaxe":8,"minecraft:sandstone":29,"luminousworld:groundpebbles_1":4,"minecraft:smooth_quartz_stairs":1,"minecraft:sand":11,"minecraft:bread":4,"ecologics:coconut_slice":18,"minecraft:chainmail_boots":1,"born_in_chaos_v1:river_mint":3,"minecraft:andesite":26,"minecraft:chain":1,"minecraft:oak_trapdoor":1,"minecraft:stone_sword":1,"iceandfire:silver_sword":330,"minecraft:flint_and_steel":14,"born_in_chaos_v1:black_argillite":2,"vanillaplustools:stone_hammer":256,"minecraft:torch":17,"minecraft:dirt":34,"quark:spruce_chest":1,"minecraft:light_weighted_pressure_plate":1,"minecraft:polished_deepslate_wall":2,"tombstone:gift":3,"ecologics:coconut_seedling":8,"minecraft:cooked_beef":20,"minecraft:cobbled_deepslate":631,"minecraft:cooked_mutton":9,"minecraft:polished_andesite":3,"minecraft:baked_potato":8,"minecraft:crafting_table":8,"iceandfire:armor_silver_boots":2,"minecraft:stone_axe":236,"stalwart_dungeons:stone_hammer":72,"minecraft:cobblestone":331,"minecraft:purple_bed":1,"vanillaplustools:iron_hammer":100,"minecraft:cooked_porkchop":6,"minecraft:porkchop":7,"minecraft:chainmail_leggings":2},"minecraft:picked_up":{"minecraft:iron_chestplate":1,"illagerinvasion:platinum_chunk":2,"minecraft:wither_rose":1,"minecraft:polished_deepslate_wall":2,"born_in_chaos_v1:black_argillite":5,"minecraft:polished_deepslate":2,"minecraft:string":10,"minecraft:raw_copper":4,"minecraft:gold_nugget":23,"minecraft:cobbled_deepslate":1100,"minecraft:spruce_planks":1,"minecraft:calcite":3,"minecraft:azalea":1,"minecraft:coal_block":2,"minecraft:smooth_quartz_stairs":1,"minecraft:furnace":6,"minecraft:stick":49,"minecraft:oak_fence":2,"minecraft:torch":18,"ecologics:coconut_seedling":10,"minecraft:porkchop":11,"tombstone:grave_dust":4,"minecraft:diorite":16,"minecraft:rotten_flesh":19,"ecologics:coconut_log":34,"supplementaries:ash":1,"minecraft:cobblestone":842,"minecraft:cooked_beef":11,"minecraft:feather":1,"minecraft:repeater":1,"minecraft:andesite":27,"ecologics:coconut_planks":47,"minecraft:tuff":15,"minecraft:lapis_lazuli":39,"minecraft:dirt":34,"minecraft:bone":10,"minecraft:wheat_seeds":7,"minecraft:raw_gold":10,"minecraft:glowstone_dust":2,"minecraft:oak_planks":8,"minecraft:stone_hoe":1,"minecraft:cooked_porkchop":2,"minecraft:sand":48,"minecraft:cyan_bed":1,"minecraft:dark_oak_log":2,"minecraft:bundle":2,"minecraft:polished_andesite":3,"iceandfire:dragon_ice":8,"minecraft:granite":3,"minecraft:emerald":1,"minecraft:bread":1,"born_in_chaos_v1:rotten_fish":1,"minecraft:dark_oak_fence":1,"iceandfire:silver_nugget":70,"iceandfire:raw_silver":8,"luminousworld:groundpebbles_1":10,"minecraft:crafting_table":9,"born_in_chaos_v1:river_mint":3,"minecraft:clay_ball":4,"minecraft:chain":1,"ecologics:coconut_boat":1,"aether:leather_gloves":1,"minecraft:oak_trapdoor":1,"minecraft:flint_and_steel":1,"minecraft:iron_shovel":1,"quark:spruce_chest":1,"minecraft:beef":3,"minecraft:iron_nugget":3,"minecraft:raw_iron":37,"minecraft:sandstone":64,"iceandfire:dragonbone":4,"ecologics:coconut_slice":20,"minecraft:copper_ingot":1,"minecraft:bowl":1,"minecraft:mangrove_trapdoor":1,"minecraft:arrow":4,"minecraft:mutton":5,"minecraft:white_wool":12,"minecraft:stripped_oak_log":2,"born_in_chaos_v1:corpse_maggot":22,"minecraft:air":0,"minecraft:salmon":1,"luminousworld:ishstone":2,"minecraft:leather":2,"minecraft:mushroom_stew":1,"minecraft:oak_log":9,"iceandfire:ectoplasm":2,"vanillaplustools:iron_hammer":1,"minecraft:cooked_mutton":3,"minecraft:stone_bricks":31,"iceandfire:armor_silver_metal_helmet":1,"minecraft:stone_pickaxe":2,"minecraft:book":51,"minecraft:sweet_berries":36,"born_in_chaos_v1:ethereal_spirit":1,"minecraft:gravel":2,"minecraft:spruce_sapling":1,"minecraft:blast_furnace":3,"minecraft:spruce_log":3,"minecraft:spider_eye":1,"luminousworld:whiteoaklog":1,"minecraft:purple_bed":3,"minecraft:chainmail_leggings":3,"minecraft:stone_axe":1,"iceandfire:silver_sword":4,"tombstone:magic_scroll":1,"minecraft:coal":50},"minecraft:killed":{"minecraft:witch":1,"born_in_chaos_v1:restless_spirit":1,"minecraft:spider":2,"illagerinvasion:basher":1,"minecraft:skeleton":4,"minecraft:bee":1,"illagerinvasion:provoker":2,"minecraft:pig":7,"enemyexpansion:ladybug":1,"minecraft:salmon":1,"minecraft:sheep":2,"minecraft:pillager":2,"minecraft:zombie":1,"born_in_chaos_v1:corpse_fly":16,"minecraft:cow":1,"enemyexpansion:wasp":1,"undead_revamp2:theimmortal":10,"minecraft:vindicator":4,"illagerinvasion:marauder":1,"luminousworld:sunken_skeleton":2,"undead_revamp2:bomber":2,"enemyexpansion:direwolf":2,"born_in_chaos_v1:maggot":3,"alexsmobs:blue_jay":1,"luminousworld:monarch":1,"minecraft:drowned":1,"born_in_chaos_v1:corpse_fish":1,"minecraft:husk":8,"born_in_chaos_v1:decrepit_skeleton":1,"iceandfire:ghost":10,"iceandfire:ice_dragon":1,"alexsmobs:crow":1},"minecraft:crafted":{"minecraft:smooth_stone":1,"minecraft:oak_planks":40,"minecraft:stone":4,"minecraft:cooked_mutton":4,"vanillaplustools:iron_hammer":1,"minecraft:stone_hoe":1,"sophisticatedbackpacks:backpack":1,"minecraft:cooked_porkchop":4,"minecraft:crafting_table":3,"minecraft:spruce_planks":12,"minecraft:wooden_pickaxe":1,"minecraft:stick":152,"quark:oak_chest":1,"minecraft:iron_ingot":18,"minecraft:iron_pickaxe":6,"minecraft:stone_sword":1,"vanillaplustools:stone_hammer":2,"ecologics:coconut_planks":136,"minecraft:furnace":3,"luminousworld:white_oak_plank":4,"minecraft:stone_pickaxe":20,"sophisticatedbackpacks:iron_backpack":1,"minecraft:cooked_beef":5,"iceandfire:silver_ingot":10,"minecraft:stone_axe":13,"minecraft:air":0,"stalwart_dungeons:stone_hammer":1},"minecraft:killed_by":{"minecraft:creeper":1,"minecraft:vindicator":2,"iceandfire:ice_dragon":16,"minecraft:husk":3,"minecraft:player":2,"enemyexpansion:equestrian":2,"enemyexpansion:direwolf":1,"iceandfire:ghost":1},"minecraft:custom":{"minecraft:interact_with_crafting_table":39,"minecraft:open_barrel":14,"minecraft:leave_game":2,"minecraft:time_since_death":18899,"minecraft:sprint_one_cm":412427,"minecraft:drop":114,"minecraft:talked_to_villager":4,"minecraft:play_time":242448,"minecraft:deaths":29,"minecraft:jump":3974,"minecraft:walk_on_water_one_cm":81060,"minecraft:interact_with_furnace":26,"minecraft:sleep_in_bed":1,"minecraft:damage_dealt":28063,"minecraft:player_kills":3,"minecraft:crouch_one_cm":42462,"tombstone:undead_killed":37,"minecraft:interact_with_smoker":1,"minecraft:mob_kills":107,"minecraft:climb_one_cm":4272,"minecraft:walk_one_cm":331084,"minecraft:sneak_time":14069,"minecraft:walk_under_water_one_cm":66938,"minecraft:boat_one_cm":59156,"minecraft:total_world_time":242448,"tombstone:raider_killed":11,"minecraft:tune_noteblock":13,"minecraft:time_since_rest":18612,"minecraft:damage_taken":14682,"minecraft:trigger_trapped_chest":1,"tombstone:cast_on_ally":1,"minecraft:swim_one_cm":128855,"minecraft:fly_one_cm":574711,"minecraft:open_chest":59,"minecraft:fall_one_cm":87674}},"DataVersion":3465}