{"stats":{"minecraft:broken":{"stalwart_dungeons:stone_hammer":1,"minecraft:stone_axe":1},"minecraft:mined":{"minecraft:oak_slab":1,"luminousworld:groundpebbles_1":2,"iceandfire:silver_ore":2,"minecraft:crafting_table":3,"minecraft:dark_oak_fence":4,"minecraft:grass_block":1,"luminousworld:grassvariant_2":4,"luminousworld:grassflowers":1,"minecraft:copper_ore":1,"minecraft:tall_grass":2,"minecraft:cobblestone":13,"ecologics:coconut_log":32,"minecraft:oak_planks":5,"minecraft:diorite":2,"minecraft:sandstone":60,"minecraft:spruce_stairs":1,"minecraft:furnace":6,"minecraft:fire":1,"born_in_chaos_v1:river_mint":3,"minecraft:wither_rose":1,"minecraft:grass":24,"minecraft:oak_log":8,"ecologics:hanging_coconut":4,"minecraft:cobweb":1,"luminousworld:grassvariant_3":6,"minecraft:sand":11,"minecraft:dirt":18,"minecraft:stone_bricks":6,"ecologics:walnut_log":1,"minecraft:polished_andesite":2,"minecraft:stone":457,"minecraft:white_wool":10,"ecologics:coconut_seedling":5},"minecraft:dropped":{"iceandfire:raw_silver":2,"ecologics:coconut_planks":21,"minecraft:stone_axe":11,"minecraft:wheat_seeds":5,"minecraft:stone_sword":1,"minecraft:wheat":2,"alexsmobs:blobfish":1,"minecraft:cobblestone":64,"minecraft:leather":2,"iceandfire:ectoplasm":2,"minecraft:emerald":1,"minecraft:cobweb":1,"supplementaries:ash":1,"minecraft:stone":2,"illagerinvasion:platinum_chunk":2,"naturalist:bass":1,"minecraft:bundle":1,"luminousworld:groundpebbles_1":3,"ecologics:coconut_husk":12,"tombstone:grave_dust":5,"minecraft:stone_pickaxe":2,"minecraft:string":2,"minecraft:white_wool":10,"minecraft:bone":2},"minecraft:used":{"minecraft:diorite":2,"minecraft:stone_sword":1,"minecraft:flint_and_steel":14,"minecraft:stone_pickaxe":84,"minecraft:baked_potato":8,"minecraft:wooden_pickaxe":8,"luminousworld:groundpebbles_1":4,"vanillaplustools:stone_hammer":69,"minecraft:dirt":34,"minecraft:sand":11,"minecraft:crafting_table":5,"minecraft:stone_axe":111,"stalwart_dungeons:stone_hammer":72,"ecologics:coconut_slice":14,"minecraft:cobblestone":170,"minecraft:cooked_porkchop":5,"minecraft:furnace":6,"born_in_chaos_v1:river_mint":3,"minecraft:porkchop":7,"minecraft:chain":1,"tombstone:gift":3,"ecologics:coconut_seedling":8,"minecraft:cooked_beef":5},"minecraft:picked_up":{"luminousworld:groundpebbles_1":7,"minecraft:iron_chestplate":1,"minecraft:crafting_table":3,"illagerinvasion:platinum_chunk":2,"minecraft:feather":1,"born_in_chaos_v1:river_mint":3,"minecraft:leather":2,"ecologics:coconut_planks":47,"minecraft:wither_rose":1,"minecraft:oak_log":8,"iceandfire:ectoplasm":2,"minecraft:chain":1,"minecraft:string":2,"minecraft:dirt":34,"minecraft:raw_copper":4,"minecraft:bone":2,"minecraft:stone_bricks":5,"minecraft:wheat_seeds":5,"minecraft:beef":3,"minecraft:oak_planks":2,"minecraft:furnace":4,"minecraft:stick":20,"minecraft:sandstone":60,"minecraft:cooked_porkchop":2,"ecologics:coconut_slice":18,"minecraft:torch":1,"born_in_chaos_v1:ethereal_spirit":1,"ecologics:coconut_seedling":8,"minecraft:sand":11,"minecraft:porkchop":10,"tombstone:grave_dust":3,"minecraft:diorite":2,"minecraft:bundle":1,"minecraft:arrow":1,"minecraft:stone_axe":1,"ecologics:coconut_log":32,"minecraft:emerald":1,"supplementaries:ash":1,"minecraft:coal":1,"minecraft:mutton":2,"minecraft:white_wool":11,"iceandfire:raw_silver":2,"minecraft:cobblestone":448},"minecraft:killed":{"minecraft:pig":6,"undead_revamp2:theimmortal":3,"born_in_chaos_v1:restless_spirit":1,"minecraft:vindicator":4,"enemyexpansion:direwolf":1,"minecraft:sheep":1,"minecraft:skeleton":1,"minecraft:pillager":2,"iceandfire:ghost":8,"minecraft:bee":1,"alexsmobs:crow":1,"enemyexpansion:wasp":1,"minecraft:cow":1},"minecraft:crafted":{"minecraft:cooked_beef":5,"minecraft:oak_planks":32,"minecraft:smooth_stone":1,"vanillaplustools:stone_hammer":1,"minecraft:cooked_porkchop":4,"minecraft:crafting_table":3,"ecologics:coconut_planks":128,"minecraft:wooden_pickaxe":1,"minecraft:furnace":3,"minecraft:stone":4,"minecraft:stone_axe":12,"minecraft:air":0,"minecraft:stick":72,"minecraft:stone_pickaxe":11,"minecraft:stone_sword":1,"stalwart_dungeons:stone_hammer":1},"minecraft:killed_by":{"minecraft:vindicator":1,"minecraft:creeper":1,"enemyexpansion:direwolf":1,"enemyexpansion:equestrian":2,"iceandfire:ghost":1},"minecraft:custom":{"minecraft:interact_with_furnace":18,"minecraft:mob_kills":33,"tombstone:raider_killed":6,"minecraft:interact_with_crafting_table":21,"minecraft:open_barrel":10,"minecraft:leave_game":2,"minecraft:time_since_death":11594,"minecraft:climb_one_cm":1542,"minecraft:time_since_rest":11346,"minecraft:sprint_one_cm":137148,"minecraft:damage_taken":3078,"minecraft:walk_one_cm":134363,"minecraft:trigger_trapped_chest":1,"minecraft:drop":38,"minecraft:damage_dealt":8787,"minecraft:swim_one_cm":43206,"minecraft:talked_to_villager":1,"minecraft:fly_one_cm":224573,"minecraft:player_kills":1,"minecraft:open_chest":2,"minecraft:crouch_one_cm":14151,"minecraft:play_time":80448,"tombstone:undead_killed":12,"minecraft:deaths":6,"minecraft:sneak_time":3991,"minecraft:walk_under_water_one_cm":20762,"minecraft:jump":1141,"minecraft:walk_on_water_one_cm":22776,"minecraft:total_world_time":80448,"minecraft:fall_one_cm":24921}},"DataVersion":3465}