{"stats":{"minecraft:dropped":{"minecraft:water_bucket":3,"minecraft:wheat_seeds":16,"minecraft:ominous_bottle":1,"minecraft:cooked_beef":1,"minecraft:baked_potato":8,"minecraft:jungle_fence":18,"minecraft:glow_berries":5,"minecraft:leather":2,"minecraft:jungle_planks":2,"minecraft:flint":4,"minecraft:stick":2,"minecraft:lava_bucket":1,"minecraft:dirt":123,"minecraft:wooden_hoe":2,"minecraft:mutton":2,"minecraft:map":1,"minecraft:jungle_sapling":1,"minecraft:oak_stairs":1,"minecraft:gold_nugget":1,"minecraft:bone_meal":10,"minecraft:heart_of_the_sea":1,"minecraft:iron_pickaxe":1,"minecraft:white_wool":2,"minecraft:tropical_fish_bucket":3,"minecraft:bone":15,"minecraft:gravel":32,"minecraft:jungle_fence_gate":1,"minecraft:iron_nugget":32,"minecraft:wheat":7,"minecraft:rotten_flesh":4,"minecraft:oak_planks":4,"minecraft:pumpkin_seeds":27,"minecraft:flint_and_steel":1,"minecraft:powder_snow_bucket":3,"minecraft:iron_chestplate":2,"minecraft:oak_sapling":5,"minecraft:spider_eye":1,"minecraft:bamboo":3,"minecraft:wooden_pickaxe":1,"minecraft:beef":3},"minecraft:killed_by":{"minecraft:player":3,"minecraft:creeper":5,"minecraft:spider":3,"minecraft:enderman":1,"minecraft:skeleton":17,"minecraft:zombie":8},"minecraft:used":{"minecraft:stone_sword":260,"minecraft:flint_and_steel":24,"minecraft:chest":8,"minecraft:shield":101,"minecraft:iron_sword":243,"minecraft:cooked_chicken":1,"minecraft:rotten_flesh":62,"minecraft:torch":50,"minecraft:dirt":291,"minecraft:mutton":1,"minecraft:jungle_planks":1245,"minecraft:jungle_slab":306,"minecraft:jungle_sapling":16,"minecraft:lava_bucket":1,"minecraft:iron_axe":1190,"minecraft:grass_block":31,"minecraft:jungle_log":51,"minecraft:golden_sword":29,"minecraft:bamboo":426,"minecraft:bow":18,"minecraft:oak_sapling":9,"minecraft:furnace":4,"minecraft:egg":1,"minecraft:cooked_beef":22,"minecraft:cobbled_deepslate":6,"minecraft:powder_snow_bucket":1,"minecraft:golden_axe":72,"minecraft:bamboo_planks":2,"minecraft:golden_boots":7,"minecraft:cooked_mutton":6,"minecraft:water_bucket":4,"minecraft:baked_potato":24,"minecraft:birch_planks":20,"minecraft:oak_planks":4,"minecraft:stone_pickaxe":19,"minecraft:jungle_fence":16,"minecraft:leather_chestplate":3,"minecraft:wooden_pickaxe":10,"minecraft:white_wool":5,"minecraft:glow_berries":5,"minecraft:crafting_table":21,"minecraft:bamboo_block":1,"minecraft:white_bed":12,"minecraft:oak_log":5,"minecraft:apple":1,"minecraft:diamond_shovel":2,"minecraft:melon_slice":22,"minecraft:iron_pickaxe":40,"minecraft:leather_helmet":1,"minecraft:gravel":6,"minecraft:golden_leggings":4,"minecraft:golden_helmet":5,"minecraft:stone_axe":261,"minecraft:fire_charge":1,"minecraft:cobblestone":6,"minecraft:cooked_porkchop":4,"minecraft:andesite":16,"minecraft:bucket":7,"minecraft:tropical_fish_bucket":1,"minecraft:bone_meal":27,"minecraft:sculk_catalyst":1,"minecraft:experience_bottle":1},"minecraft:killed":{"minecraft:spider":9,"minecraft:skeleton":13,"minecraft:drowned":4,"minecraft:pig":1,"minecraft:zombie_villager":1,"minecraft:creeper":2,"minecraft:sheep":2,"minecraft:pillager":2,"minecraft:zombie":19,"minecraft:cow":2},"minecraft:mined":{"minecraft:white_bed":11,"minecraft:oak_sapling":1,"minecraft:jungle_slab":80,"minecraft:jungle_leaves":413,"minecraft:grass_block":5,"minecraft:jungle_planks":479,"minecraft:jungle_log":366,"minecraft:bamboo_block":1,"minecraft:sculk_catalyst":1,"minecraft:furnace":2,"minecraft:jungle_sapling":1,"minecraft:iron_ore":1,"minecraft:fire":20,"minecraft:pumpkin":4,"minecraft:gold_block":1,"minecraft:vine":121,"minecraft:oak_stairs":1,"minecraft:stripped_jungle_log":5,"minecraft:bamboo_sapling":20,"minecraft:bamboo":400,"minecraft:stone":41,"minecraft:podzol":1,"minecraft:kelp_plant":1,"minecraft:crafting_table":13,"minecraft:short_grass":107,"minecraft:melon":7,"minecraft:chest":1,"minecraft:copper_ore":14,"minecraft:oak_planks":14,"minecraft:bamboo_planks":2,"minecraft:birch_log":7,"minecraft:jungle_fence":12,"minecraft:oak_log":77,"minecraft:dirt":16,"minecraft:oak_leaves":121,"minecraft:fern":34},"minecraft:broken":{"minecraft:golden_helmet":1,"minecraft:golden_boots":1,"minecraft:stone_sword":3,"minecraft:golden_leggings":1,"minecraft:shield":1,"minecraft:golden_sword":1,"minecraft:golden_axe":2,"minecraft:iron_axe":4,"minecraft:stone_axe":2,"minecraft:iron_sword":1},"minecraft:picked_up":{"minecraft:iron_chestplate":1,"minecraft:crafting_table":30,"minecraft:ominous_bottle":1,"minecraft:oak_stairs":2,"minecraft:gold_block":9,"minecraft:golden_shovel":9,"minecraft:shield":29,"minecraft:golden_sword":10,"minecraft:string":80,"minecraft:moss_carpet":2,"minecraft:raw_copper":344,"minecraft:iron_axe":20,"minecraft:flint_and_steel":23,"minecraft:experience_bottle":1,"minecraft:cobbled_deepslate":6,"minecraft:gold_nugget":1,"minecraft:bucket":3,"minecraft:beef":42,"minecraft:jungle_sapling":41,"minecraft:iron_nugget":67,"minecraft:iron_pickaxe":50,"minecraft:melon_slice":66,"minecraft:sugar_cane":3,"minecraft:chest":7,"minecraft:furnace":6,"minecraft:egg":1,"minecraft:golden_helmet":13,"minecraft:stick":268,"minecraft:jungle_door":6,"minecraft:oak_fence":84,"minecraft:torch":18,"minecraft:porkchop":13,"minecraft:golden_axe":3,"minecraft:golden_chestplate":1,"minecraft:bamboo_block":35,"minecraft:stone_sword":5,"minecraft:arrow":238,"minecraft:rotten_flesh":226,"minecraft:golden_hoe":10,"minecraft:gold_ingot":61,"minecraft:glow_berries":10,"minecraft:mutton":3,"minecraft:white_wool":22,"minecraft:cobblestone":697,"minecraft:birch_log":14,"minecraft:leather_chestplate":18,"minecraft:feather":67,"minecraft:cooked_beef":56,"minecraft:andesite":128,"minecraft:salmon":2,"minecraft:water_bucket":4,"minecraft:jungle_log":1453,"minecraft:leather":27,"minecraft:golden_leggings":12,"minecraft:powder_snow_bucket":4,"minecraft:jungle_fence":172,"minecraft:filled_map":3,"minecraft:birch_planks":123,"minecraft:flint":33,"minecraft:oak_log":136,"minecraft:golden_boots":34,"minecraft:gunpowder":54,"minecraft:wooden_hoe":2,"minecraft:map":4,"minecraft:dirt":1035,"minecraft:paper":2,"minecraft:cooked_mutton":17,"minecraft:bone":430,"minecraft:apple":4,"minecraft:bow":12,"minecraft:wheat_seeds":106,"minecraft:heart_of_the_sea":3,"minecraft:iron_ingot":1075,"minecraft:stone_pickaxe":2,"minecraft:cooked_chicken":1,"minecraft:bamboo":7803,"minecraft:iron_sword":18,"minecraft:oak_planks":43,"minecraft:sculk_catalyst":1,"minecraft:tropical_fish_bucket":4,"minecraft:bamboo_planks":242,"minecraft:pumpkin":5,"minecraft:axolotl_bucket":3,"minecraft:lava_bucket":2,"minecraft:gravel":239,"minecraft:jungle_planks":2894,"minecraft:white_bed":25,"minecraft:grass_block":1,"minecraft:spectral_arrow":22,"minecraft:jungle_slab":1824,"minecraft:spider_eye":17,"minecraft:leather_helmet":6,"minecraft:stripped_jungle_log":5,"minecraft:diamond_shovel":19,"minecraft:pumpkin_seeds":47,"minecraft:stone_axe":9,"minecraft:bone_meal":52,"minecraft:emerald":72,"minecraft:baked_potato":312,"minecraft:oak_sapling":35,"minecraft:coal":152,"minecraft:diamond_pickaxe":2},"minecraft:custom":{"minecraft:mob_kills":57,"minecraft:animals_bred":1,"minecraft:interact_with_crafting_table":54,"minecraft:leave_game":1,"minecraft:time_since_death":4023,"minecraft:climb_one_cm":75409,"minecraft:sprint_one_cm":902199,"minecraft:walk_one_cm":961183,"minecraft:damage_blocked_by_shield":6834,"minecraft:drop":95,"minecraft:play_time":389903,"minecraft:sneak_time":63687,"minecraft:deaths":46,"minecraft:walk_under_water_one_cm":52206,"minecraft:boat_one_cm":103608,"minecraft:jump":5322,"minecraft:walk_on_water_one_cm":34787,"minecraft:total_world_time":389903,"minecraft:interact_with_furnace":15,"minecraft:sleep_in_bed":20,"minecraft:time_since_rest":4047,"minecraft:damage_taken":17417,"minecraft:damage_dealt":10004,"minecraft:player_kills":3,"minecraft:swim_one_cm":80107,"minecraft:fly_one_cm":827367,"minecraft:open_chest":68,"minecraft:crouch_one_cm":207851,"minecraft:fall_one_cm":183574},"minecraft:crafted":{"minecraft:oak_planks":60,"minecraft:jungle_fence_gate":1,"minecraft:furnace":2,"minecraft:bone_meal":33,"minecraft:bamboo_block":15,"minecraft:iron_axe":6,"minecraft:stone_pickaxe":1,"minecraft:chest":4,"minecraft:jungle_fence":24,"minecraft:cooked_beef":2,"minecraft:golden_axe":1,"minecraft:cooked_porkchop":5,"minecraft:crafting_table":10,"minecraft:wooden_pickaxe":1,"minecraft:iron_sword":3,"minecraft:bucket":1,"minecraft:birch_planks":28,"minecraft:pumpkin_seeds":20,"minecraft:stone_axe":2,"minecraft:jungle_slab":438,"minecraft:air":0,"minecraft:jungle_planks":1380,"minecraft:bamboo_planks":30,"minecraft:iron_chestplate":1,"minecraft:shield":4,"minecraft:stick":60,"minecraft:iron_ingot":49,"minecraft:iron_pickaxe":1,"minecraft:stone_sword":5,"minecraft:gold_ingot":5,"minecraft:white_bed":2,"minecraft:torch":68}},"DataVersion":3953}