{"stats":{"minecraft:dropped":{"minecraft:water_bucket":3,"minecraft:wheat_seeds":16,"minecraft:ominous_bottle":1,"minecraft:cooked_beef":1,"minecraft:baked_potato":8,"minecraft:jungle_fence":18,"minecraft:glow_berries":5,"minecraft:leather":2,"minecraft:jungle_planks":2,"minecraft:flint":4,"minecraft:stick":2,"minecraft:lava_bucket":1,"minecraft:dirt":123,"minecraft:wooden_hoe":2,"minecraft:mutton":2,"minecraft:map":1,"minecraft:jungle_sapling":1,"minecraft:oak_stairs":1,"minecraft:gold_nugget":1,"minecraft:bone_meal":10,"minecraft:heart_of_the_sea":1,"minecraft:iron_pickaxe":1,"minecraft:white_wool":2,"minecraft:tropical_fish_bucket":3,"minecraft:bone":15,"minecraft:gravel":32,"minecraft:jungle_fence_gate":1,"minecraft:iron_nugget":32,"minecraft:wheat":7,"minecraft:rotten_flesh":4,"minecraft:oak_planks":4,"minecraft:pumpkin_seeds":27,"minecraft:flint_and_steel":1,"minecraft:powder_snow_bucket":3,"minecraft:iron_chestplate":2,"minecraft:oak_sapling":5,"minecraft:spider_eye":1,"minecraft:bamboo":3,"minecraft:wooden_pickaxe":1,"minecraft:beef":3},"minecraft:killed_by":{"minecraft:player":3,"minecraft:creeper":4,"minecraft:spider":3,"minecraft:enderman":1,"minecraft:skeleton":12,"minecraft:zombie":8},"minecraft:used":{"minecraft:stone_sword":260,"minecraft:flint_and_steel":24,"minecraft:chest":8,"minecraft:shield":97,"minecraft:iron_sword":234,"minecraft:cooked_chicken":1,"minecraft:rotten_flesh":54,"minecraft:dirt":228,"minecraft:jungle_planks":1221,"minecraft:jungle_slab":306,"minecraft:jungle_sapling":16,"minecraft:lava_bucket":1,"minecraft:iron_axe":1087,"minecraft:grass_block":31,"minecraft:jungle_log":51,"minecraft:golden_sword":29,"minecraft:bamboo":426,"minecraft:bow":18,"minecraft:oak_sapling":5,"minecraft:furnace":4,"minecraft:egg":1,"minecraft:cooked_beef":22,"minecraft:cobbled_deepslate":6,"minecraft:powder_snow_bucket":1,"minecraft:golden_axe":72,"minecraft:bamboo_planks":2,"minecraft:golden_boots":4,"minecraft:cooked_mutton":4,"minecraft:water_bucket":4,"minecraft:baked_potato":24,"minecraft:birch_planks":20,"minecraft:oak_planks":4,"minecraft:stone_pickaxe":19,"minecraft:jungle_fence":16,"minecraft:leather_chestplate":3,"minecraft:wooden_pickaxe":10,"minecraft:white_wool":5,"minecraft:glow_berries":5,"minecraft:crafting_table":21,"minecraft:bamboo_block":1,"minecraft:white_bed":12,"minecraft:oak_log":4,"minecraft:diamond_shovel":2,"minecraft:melon_slice":22,"minecraft:iron_pickaxe":38,"minecraft:leather_helmet":1,"minecraft:gravel":6,"minecraft:golden_leggings":3,"minecraft:golden_helmet":3,"minecraft:stone_axe":261,"minecraft:fire_charge":1,"minecraft:cobblestone":6,"minecraft:cooked_porkchop":4,"minecraft:bucket":7,"minecraft:tropical_fish_bucket":1,"minecraft:bone_meal":27,"minecraft:sculk_catalyst":1,"minecraft:experience_bottle":1},"minecraft:killed":{"minecraft:spider":7,"minecraft:skeleton":13,"minecraft:drowned":4,"minecraft:pig":1,"minecraft:zombie_villager":1,"minecraft:creeper":1,"minecraft:sheep":1,"minecraft:pillager":2,"minecraft:zombie":19,"minecraft:cow":2},"minecraft:mined":{"minecraft:white_bed":11,"minecraft:jungle_slab":80,"minecraft:jungle_leaves":404,"minecraft:grass_block":5,"minecraft:jungle_planks":470,"minecraft:jungle_log":352,"minecraft:bamboo_block":1,"minecraft:sculk_catalyst":1,"minecraft:furnace":2,"minecraft:jungle_sapling":1,"minecraft:iron_ore":1,"minecraft:fire":20,"minecraft:pumpkin":4,"minecraft:gold_block":1,"minecraft:vine":119,"minecraft:oak_stairs":1,"minecraft:stripped_jungle_log":5,"minecraft:bamboo_sapling":20,"minecraft:bamboo":400,"minecraft:stone":41,"minecraft:podzol":1,"minecraft:kelp_plant":1,"minecraft:crafting_table":13,"minecraft:short_grass":106,"minecraft:melon":7,"minecraft:chest":1,"minecraft:copper_ore":14,"minecraft:oak_planks":6,"minecraft:bamboo_planks":2,"minecraft:birch_log":7,"minecraft:jungle_fence":12,"minecraft:oak_log":33,"minecraft:dirt":15,"minecraft:oak_leaves":97,"minecraft:fern":34},"minecraft:broken":{"minecraft:golden_boots":1,"minecraft:stone_sword":3,"minecraft:shield":1,"minecraft:golden_sword":1,"minecraft:golden_axe":2,"minecraft:iron_axe":4,"minecraft:stone_axe":2,"minecraft:iron_sword":1},"minecraft:picked_up":{"minecraft:iron_chestplate":1,"minecraft:crafting_table":27,"minecraft:ominous_bottle":1,"minecraft:oak_stairs":2,"minecraft:gold_block":9,"minecraft:golden_shovel":9,"minecraft:shield":25,"minecraft:golden_sword":10,"minecraft:string":54,"minecraft:moss_carpet":2,"minecraft:raw_copper":344,"minecraft:iron_axe":16,"minecraft:flint_and_steel":23,"minecraft:experience_bottle":1,"minecraft:cobbled_deepslate":6,"minecraft:gold_nugget":1,"minecraft:bucket":3,"minecraft:beef":42,"minecraft:jungle_sapling":41,"minecraft:iron_nugget":67,"minecraft:iron_pickaxe":45,"minecraft:melon_slice":66,"minecraft:sugar_cane":3,"minecraft:chest":7,"minecraft:furnace":6,"minecraft:egg":1,"minecraft:golden_helmet":10,"minecraft:stick":253,"minecraft:jungle_door":6,"minecraft:oak_fence":84,"minecraft:porkchop":13,"minecraft:golden_axe":3,"minecraft:golden_chestplate":1,"minecraft:bamboo_block":35,"minecraft:stone_sword":5,"minecraft:arrow":227,"minecraft:rotten_flesh":221,"minecraft:golden_hoe":10,"minecraft:gold_ingot":61,"minecraft:glow_berries":10,"minecraft:mutton":2,"minecraft:white_wool":20,"minecraft:cobblestone":697,"minecraft:birch_log":14,"minecraft:leather_chestplate":13,"minecraft:feather":67,"minecraft:cooked_beef":56,"minecraft:andesite":96,"minecraft:salmon":2,"minecraft:water_bucket":4,"minecraft:jungle_log":1421,"minecraft:leather":27,"minecraft:golden_leggings":11,"minecraft:powder_snow_bucket":4,"minecraft:jungle_fence":172,"minecraft:filled_map":3,"minecraft:birch_planks":123,"minecraft:flint":33,"minecraft:oak_log":52,"minecraft:golden_boots":29,"minecraft:gunpowder":45,"minecraft:wooden_hoe":2,"minecraft:map":4,"minecraft:dirt":902,"minecraft:paper":2,"minecraft:cooked_mutton":8,"minecraft:bone":294,"minecraft:apple":2,"minecraft:bow":12,"minecraft:wheat_seeds":96,"minecraft:heart_of_the_sea":3,"minecraft:iron_ingot":772,"minecraft:stone_pickaxe":2,"minecraft:cooked_chicken":1,"minecraft:bamboo":7803,"minecraft:iron_sword":13,"minecraft:oak_planks":27,"minecraft:sculk_catalyst":1,"minecraft:tropical_fish_bucket":4,"minecraft:bamboo_planks":242,"minecraft:pumpkin":5,"minecraft:axolotl_bucket":3,"minecraft:lava_bucket":2,"minecraft:gravel":239,"minecraft:jungle_planks":2729,"minecraft:white_bed":25,"minecraft:grass_block":1,"minecraft:spectral_arrow":22,"minecraft:jungle_slab":1794,"minecraft:spider_eye":12,"minecraft:leather_helmet":6,"minecraft:stripped_jungle_log":5,"minecraft:diamond_shovel":15,"minecraft:pumpkin_seeds":47,"minecraft:stone_axe":9,"minecraft:bone_meal":52,"minecraft:emerald":72,"minecraft:baked_potato":312,"minecraft:oak_sapling":27,"minecraft:coal":88,"minecraft:diamond_pickaxe":2},"minecraft:custom":{"minecraft:mob_kills":53,"minecraft:animals_bred":1,"minecraft:interact_with_crafting_table":48,"minecraft:leave_game":1,"minecraft:time_since_death":14885,"minecraft:climb_one_cm":66883,"minecraft:sprint_one_cm":801982,"minecraft:walk_one_cm":891564,"minecraft:damage_blocked_by_shield":6624,"minecraft:drop":95,"minecraft:play_time":365903,"minecraft:sneak_time":61494,"minecraft:deaths":40,"minecraft:walk_under_water_one_cm":52206,"minecraft:boat_one_cm":103608,"minecraft:jump":4805,"minecraft:walk_on_water_one_cm":33137,"minecraft:total_world_time":365903,"minecraft:interact_with_furnace":12,"minecraft:sleep_in_bed":16,"minecraft:time_since_rest":14911,"minecraft:damage_taken":15559,"minecraft:damage_dealt":9358,"minecraft:player_kills":3,"minecraft:swim_one_cm":80107,"minecraft:fly_one_cm":735605,"minecraft:open_chest":58,"minecraft:crouch_one_cm":201412,"minecraft:fall_one_cm":167054},"minecraft:crafted":{"minecraft:oak_planks":60,"minecraft:jungle_fence_gate":1,"minecraft:furnace":2,"minecraft:bone_meal":33,"minecraft:bamboo_block":15,"minecraft:iron_axe":6,"minecraft:stone_pickaxe":1,"minecraft:chest":4,"minecraft:jungle_fence":24,"minecraft:cooked_beef":2,"minecraft:golden_axe":1,"minecraft:cooked_porkchop":5,"minecraft:crafting_table":10,"minecraft:wooden_pickaxe":1,"minecraft:iron_sword":3,"minecraft:bucket":1,"minecraft:birch_planks":28,"minecraft:pumpkin_seeds":20,"minecraft:stone_axe":2,"minecraft:jungle_slab":438,"minecraft:air":0,"minecraft:jungle_planks":1380,"minecraft:bamboo_planks":30,"minecraft:iron_chestplate":1,"minecraft:shield":3,"minecraft:stick":44,"minecraft:iron_ingot":1,"minecraft:iron_pickaxe":1,"minecraft:stone_sword":5,"minecraft:gold_ingot":5,"minecraft:white_bed":2}},"DataVersion":3953}