{"stats":{"minecraft:dropped":{"minecraft:iron_sword":1,"minecraft:ominous_bottle":1,"minecraft:cooked_beef":1,"minecraft:baked_potato":8,"minecraft:glass_bottle":2,"minecraft:cooked_porkchop":2,"minecraft:jungle_fence":18,"minecraft:crossbow":5,"minecraft:glow_berries":5,"minecraft:leather":2,"minecraft:jungle_planks":2,"minecraft:fletching_table":1,"minecraft:flint":4,"minecraft:dirt":145,"minecraft:mutton":2,"minecraft:jungle_sapling":1,"minecraft:gold_nugget":1,"minecraft:bone_meal":10,"minecraft:bone_block":1,"minecraft:iron_pickaxe":1,"minecraft:white_wool":16,"minecraft:tropical_fish_bucket":3,"minecraft:bone":15,"minecraft:gravel":32,"minecraft:cooked_chicken":4,"minecraft:iron_nugget":32,"minecraft:wheat":12,"minecraft:rotten_flesh":11,"minecraft:oak_planks":4,"minecraft:bamboo_door":4,"minecraft:jungle_trapdoor":1,"minecraft:carrot":1,"minecraft:poppy":2,"minecraft:gunpowder":7,"minecraft:beetroot_seeds":2,"minecraft:arrow":28,"minecraft:beef":3,"minecraft:water_bucket":3,"minecraft:iron_ingot":5,"minecraft:wheat_seeds":27,"minecraft:dripstone_block":1,"minecraft:iron_helmet":1,"minecraft:spectral_arrow":90,"minecraft:stick":232,"minecraft:pufferfish":2,"minecraft:lava_bucket":1,"minecraft:golden_carrot":17,"minecraft:wooden_hoe":2,"minecraft:map":1,"minecraft:iron_leggings":2,"minecraft:oak_stairs":1,"minecraft:heart_of_the_sea":1,"minecraft:iron_axe":2,"minecraft:jungle_boat":1,"minecraft:string":2,"minecraft:jungle_fence_gate":1,"minecraft:iron_boots":1,"minecraft:pumpkin_seeds":27,"minecraft:flint_and_steel":1,"minecraft:potato":16,"minecraft:powder_snow_bucket":3,"minecraft:iron_chestplate":3,"minecraft:andesite":1,"minecraft:oak_sapling":5,"minecraft:spider_eye":1,"minecraft:bamboo":25,"minecraft:wooden_pickaxe":1},"minecraft:killed_by":{"minecraft:evoker":1,"minecraft:creeper":5,"minecraft:ravager":2,"minecraft:vindicator":2,"minecraft:zombie":10,"minecraft:vex":1,"minecraft:player":4,"minecraft:spider":3,"minecraft:enderman":1,"minecraft:skeleton":18},"minecraft:used":{"minecraft:beetroot":1,"minecraft:poppy":2,"minecraft:chest":11,"minecraft:shield":157,"minecraft:iron_sword":453,"minecraft:rotten_flesh":104,"minecraft:mutton":1,"minecraft:jungle_planks":1400,"minecraft:carrot":48,"minecraft:jungle_slab":320,"minecraft:jungle_sapling":31,"minecraft:lava_bucket":1,"minecraft:grass_block":31,"minecraft:golden_sword":29,"minecraft:bow":51,"minecraft:oak_sapling":26,"minecraft:furnace":5,"minecraft:cooked_cod":1,"minecraft:beetroot_seeds":3,"minecraft:egg":4,"minecraft:potato":137,"minecraft:golden_boots":7,"minecraft:oak_planks":4,"minecraft:stone_pickaxe":19,"minecraft:jungle_fence":16,"minecraft:wooden_pickaxe":10,"minecraft:leather_chestplate":3,"minecraft:composter":4,"minecraft:chainmail_helmet":1,"minecraft:diamond_axe":6,"minecraft:jungle_boat":2,"minecraft:white_wool":5,"minecraft:glow_berries":5,"minecraft:crossbow":29,"minecraft:melon_slice":22,"minecraft:bread":10,"minecraft:gravel":6,"minecraft:golden_helmet":5,"minecraft:fire_charge":1,"minecraft:andesite":16,"minecraft:tropical_fish_bucket":1,"minecraft:bone_meal":53,"minecraft:experience_bottle":1,"minecraft:jungle_leaves":6,"minecraft:stone_sword":260,"minecraft:flint_and_steel":24,"minecraft:stone_shovel":139,"minecraft:cooked_chicken":7,"minecraft:bamboo_door":11,"minecraft:torch":53,"minecraft:dirt":434,"minecraft:jungle_trapdoor":1,"minecraft:iron_hoe":201,"minecraft:bamboo_fence":43,"minecraft:iron_axe":2078,"minecraft:jungle_log":67,"minecraft:iron_boots":2,"minecraft:bamboo":832,"minecraft:diamond_chestplate":3,"minecraft:golden_carrot":4,"minecraft:cooked_beef":38,"minecraft:cobbled_deepslate":6,"minecraft:powder_snow_bucket":1,"minecraft:bamboo_planks":690,"minecraft:golden_axe":72,"minecraft:iron_leggings":2,"minecraft:wheat_seeds":13,"minecraft:cooked_mutton":13,"minecraft:water_bucket":12,"minecraft:birch_planks":20,"minecraft:baked_potato":24,"minecraft:fletching_table":4,"minecraft:crafting_table":26,"minecraft:bamboo_block":35,"minecraft:white_bed":17,"minecraft:campfire":6,"minecraft:oak_log":5,"minecraft:apple":5,"minecraft:diamond_shovel":206,"minecraft:iron_pickaxe":132,"minecraft:leather_helmet":1,"minecraft:bamboo_slab":155,"minecraft:golden_leggings":4,"minecraft:stone_axe":261,"minecraft:fishing_rod":22,"minecraft:cobblestone":88,"minecraft:cooked_porkchop":7,"minecraft:bucket":16,"minecraft:yellow_bed":2,"minecraft:sculk_catalyst":1},"minecraft:killed":{"minecraft:witch":1,"minecraft:spider":11,"minecraft:skeleton":23,"minecraft:pig":1,"minecraft:zombie_villager":2,"minecraft:iron_golem":1,"minecraft:creeper":4,"minecraft:sheep":2,"minecraft:pillager":9,"minecraft:zombie":27,"minecraft:cow":2,"minecraft:evoker":1,"minecraft:vindicator":2,"minecraft:drowned":4},"minecraft:mined":{"minecraft:white_bed":16,"minecraft:oak_sapling":1,"minecraft:farmland":2,"minecraft:jungle_slab":80,"minecraft:jungle_leaves":499,"minecraft:grass_block":73,"minecraft:jungle_log":603,"minecraft:bamboo_block":29,"minecraft:sculk_catalyst":1,"minecraft:iron_ore":1,"minecraft:fire":20,"minecraft:pumpkin":4,"minecraft:dirt_path":1,"minecraft:oak_stairs":1,"minecraft:bamboo_slab":35,"minecraft:kelp_plant":1,"minecraft:torch":1,"minecraft:melon":7,"minecraft:chest":1,"minecraft:cobblestone":8,"minecraft:oak_planks":14,"minecraft:bamboo_planks":76,"minecraft:birch_log":7,"minecraft:wheat":29,"minecraft:oak_log":168,"minecraft:beetroots":2,"minecraft:dirt":145,"minecraft:oak_leaves":202,"minecraft:bamboo_fence":6,"minecraft:bamboo_door":1,"minecraft:jungle_planks":649,"minecraft:hay_block":4,"minecraft:furnace":2,"minecraft:carrots":28,"minecraft:jungle_sapling":3,"minecraft:gold_block":1,"minecraft:potatoes":51,"minecraft:vine":165,"minecraft:stripped_jungle_log":5,"minecraft:bamboo_sapling":21,"minecraft:bamboo":581,"minecraft:stone":117,"minecraft:podzol":1,"minecraft:crafting_table":14,"minecraft:short_grass":197,"minecraft:campfire":1,"minecraft:tall_grass":1,"minecraft:copper_ore":15,"minecraft:jungle_fence":16,"minecraft:yellow_bed":6,"minecraft:coal_ore":1,"minecraft:fern":42},"minecraft:broken":{"minecraft:golden_helmet":1,"minecraft:golden_boots":2,"minecraft:golden_leggings":1,"minecraft:golden_sword":1,"minecraft:stone_axe":2,"minecraft:iron_sword":2,"minecraft:fishing_rod":1,"minecraft:stone_shovel":1,"minecraft:stone_sword":3,"minecraft:leather_chestplate":1,"minecraft:shield":2,"minecraft:golden_axe":2,"minecraft:iron_axe":8},"minecraft:picked_up":{"minecraft:iron_chestplate":1,"minecraft:wheat":26,"minecraft:oak_stairs":2,"minecraft:golden_shovel":9,"minecraft:golden_sword":10,"minecraft:string":90,"minecraft:raw_copper":366,"minecraft:iron_leggings":7,"minecraft:pufferfish":2,"minecraft:experience_bottle":1,"minecraft:beetroot":2,"minecraft:diamond_leggings":2,"minecraft:gold_nugget":1,"minecraft:cobbled_deepslate":6,"minecraft:bucket":4,"minecraft:iron_pickaxe":58,"minecraft:melon_slice":66,"minecraft:furnace":6,"minecraft:iron_boots":12,"minecraft:golden_helmet":13,"minecraft:stick":3316,"minecraft:jungle_door":6,"minecraft:oak_fence":84,"minecraft:torch":77,"minecraft:bamboo_slab":68,"minecraft:porkchop":13,"minecraft:golden_axe":3,"minecraft:bamboo_door":11,"minecraft:golden_chestplate":1,"minecraft:bamboo_block":258,"minecraft:stone_sword":5,"minecraft:rotten_flesh":263,"minecraft:cod":1,"minecraft:cobblestone":859,"minecraft:birch_log":14,"minecraft:leather_chestplate":18,"minecraft:cooked_beef":141,"minecraft:feather":67,"minecraft:water_bucket":5,"minecraft:andesite":128,"minecraft:jungle_log":2339,"minecraft:golden_leggings":12,"minecraft:powder_snow_bucket":4,"minecraft:potato":160,"minecraft:flint":33,"minecraft:map":4,"minecraft:lapis_lazuli":17,"minecraft:dirt":1469,"minecraft:bone":506,"minecraft:bow":20,"minecraft:wheat_seeds":185,"minecraft:glowstone_dust":1,"minecraft:fletching_table":1,"minecraft:diamond_helmet":2,"minecraft:bamboo":9231,"minecraft:oak_planks":45,"minecraft:cooked_porkchop":6,"minecraft:axolotl_bucket":5,"minecraft:jungle_planks":3518,"minecraft:grass_block":1,"minecraft:jungle_slab":1841,"minecraft:spectral_arrow":22,"minecraft:jungle_leaves":6,"minecraft:iron_hoe":8,"minecraft:crossbow":12,"minecraft:bone_meal":52,"minecraft:emerald":75,"minecraft:chainmail_helmet":9,"minecraft:bread":2,"minecraft:oak_sapling":74,"minecraft:diamond_pickaxe":2,"minecraft:fishing_rod":2,"minecraft:charcoal":2,"minecraft:crafting_table":33,"minecraft:ominous_bottle":1,"minecraft:gold_block":9,"minecraft:shield":37,"minecraft:moss_carpet":2,"minecraft:iron_axe":32,"minecraft:flint_and_steel":23,"minecraft:beef":44,"minecraft:oak_boat":2,"minecraft:jungle_sapling":59,"minecraft:iron_nugget":67,"minecraft:poppy":2,"minecraft:sugar_cane":3,"minecraft:chest":7,"minecraft:birch_sapling":2,"minecraft:egg":4,"minecraft:carrot":94,"minecraft:redstone":34,"minecraft:cooked_cod":1,"minecraft:stone_shovel":1,"minecraft:arrow":674,"minecraft:diamond_chestplate":9,"minecraft:beetroot_seeds":7,"minecraft:golden_hoe":10,"minecraft:diamond_boots":2,"minecraft:hay_block":4,"minecraft:totem_of_undying":11,"minecraft:saddle":3,"minecraft:gold_ingot":61,"minecraft:glow_berries":10,"minecraft:mutton":3,"minecraft:white_wool":30,"minecraft:jungle_boat":7,"minecraft:salmon":2,"minecraft:leather":27,"minecraft:jungle_fence":176,"minecraft:filled_map":3,"minecraft:birch_planks":123,"minecraft:oak_log":280,"minecraft:golden_boots":34,"minecraft:yellow_bed":2,"minecraft:gunpowder":62,"minecraft:wooden_hoe":2,"minecraft:paper":2,"minecraft:white_banner":23,"minecraft:cooked_mutton":19,"minecraft:apple":8,"minecraft:heart_of_the_sea":3,"minecraft:iron_ingot":1281,"minecraft:stone_pickaxe":2,"minecraft:cooked_chicken":10,"minecraft:iron_sword":26,"minecraft:tropical_fish_bucket":4,"minecraft:sculk_catalyst":1,"minecraft:bamboo_fence":5,"minecraft:bamboo_planks":340,"minecraft:pumpkin":5,"minecraft:gravel":239,"minecraft:lava_bucket":2,"minecraft:white_bed":31,"minecraft:spider_eye":27,"minecraft:leather_helmet":6,"minecraft:stripped_jungle_log":5,"minecraft:diamond_shovel":21,"minecraft:pumpkin_seeds":47,"minecraft:stone_axe":9,"minecraft:baked_potato":312,"minecraft:coal":267},"minecraft:custom":{"minecraft:animals_bred":3,"minecraft:interact_with_crafting_table":122,"minecraft:bell_ring":8,"minecraft:leave_game":4,"minecraft:time_since_death":31972,"minecraft:sprint_one_cm":1547674,"minecraft:damage_blocked_by_shield":10420,"minecraft:drop":181,"minecraft:talked_to_villager":58,"minecraft:play_time":639163,"minecraft:deaths":56,"minecraft:jump":8418,"minecraft:walk_on_water_one_cm":61200,"minecraft:enchant_item":2,"minecraft:interact_with_furnace":18,"minecraft:traded_with_villager":59,"minecraft:sleep_in_bed":28,"minecraft:damage_dealt":17962,"minecraft:player_kills":3,"minecraft:crouch_one_cm":316820,"minecraft:mob_kills":94,"minecraft:interact_with_anvil":1,"minecraft:interact_with_campfire":34,"minecraft:climb_one_cm":103870,"minecraft:walk_one_cm":1696493,"minecraft:sneak_time":95383,"minecraft:walk_under_water_one_cm":62455,"minecraft:boat_one_cm":113892,"minecraft:interact_with_blast_furnace":3,"minecraft:total_world_time":639163,"minecraft:time_since_rest":9352,"minecraft:damage_taken":23963,"minecraft:swim_one_cm":94168,"minecraft:fly_one_cm":1370962,"minecraft:open_chest":327,"minecraft:fish_caught":3,"minecraft:fall_one_cm":263096},"minecraft:crafted":{"minecraft:oak_planks":60,"minecraft:jungle_fence_gate":1,"minecraft:bamboo_door":6,"minecraft:bamboo_block":414,"minecraft:iron_boots":1,"minecraft:chest":6,"minecraft:golden_axe":1,"minecraft:emerald":57,"minecraft:arrow":32,"minecraft:cooked_porkchop":5,"minecraft:diamond_axe":1,"minecraft:crafting_table":12,"minecraft:jungle_boat":4,"minecraft:wooden_pickaxe":1,"minecraft:birch_planks":28,"minecraft:pumpkin_seeds":20,"minecraft:campfire":6,"minecraft:bamboo_planks":794,"minecraft:iron_chestplate":1,"minecraft:emerald_block":4,"minecraft:shield":5,"minecraft:stick":808,"minecraft:iron_ingot":112,"minecraft:iron_pickaxe":1,"minecraft:iron_block":7,"minecraft:stone_sword":5,"minecraft:gold_ingot":5,"minecraft:composter":4,"minecraft:golden_carrot":33,"minecraft:stone_shovel":1,"minecraft:fishing_rod":4,"minecraft:bamboo_fence":39,"minecraft:furnace":3,"minecraft:jungle_trapdoor":2,"minecraft:bone_meal":33,"minecraft:iron_axe":9,"minecraft:iron_hoe":2,"minecraft:stone_pickaxe":1,"minecraft:jungle_fence":24,"minecraft:wheat":36,"minecraft:cooked_beef":2,"minecraft:iron_sword":4,"minecraft:bucket":3,"minecraft:stone_axe":2,"minecraft:jungle_slab":840,"minecraft:bread":12,"minecraft:air":0,"minecraft:jungle_planks":2276,"minecraft:bamboo_slab":138,"minecraft:gold_nugget":270,"minecraft:iron_leggings":1,"minecraft:white_bed":2,"minecraft:torch":68,"minecraft:lapis_lazuli":18}},"DataVersion":3953}