{"stats":{"minecraft:dropped":{"minecraft:iron_sword":1,"minecraft:ominous_bottle":1,"minecraft:cooked_beef":1,"minecraft:baked_potato":8,"minecraft:glass_bottle":2,"minecraft:jungle_fence":18,"minecraft:crossbow":4,"minecraft:glow_berries":5,"minecraft:leather":2,"minecraft:jungle_planks":2,"minecraft:fletching_table":1,"minecraft:flint":4,"minecraft:dirt":145,"minecraft:mutton":2,"minecraft:jungle_sapling":1,"minecraft:gold_nugget":1,"minecraft:bone_meal":10,"minecraft:bone_block":1,"minecraft:iron_pickaxe":1,"minecraft:white_wool":16,"minecraft:tropical_fish_bucket":3,"minecraft:bone":15,"minecraft:gravel":32,"minecraft:iron_nugget":32,"minecraft:cooked_chicken":4,"minecraft:wheat":12,"minecraft:rotten_flesh":11,"minecraft:oak_planks":4,"minecraft:bamboo_door":4,"minecraft:jungle_trapdoor":1,"minecraft:carrot":1,"minecraft:poppy":2,"minecraft:gunpowder":7,"minecraft:arrow":28,"minecraft:beef":3,"minecraft:water_bucket":3,"minecraft:iron_ingot":5,"minecraft:wheat_seeds":27,"minecraft:dripstone_block":1,"minecraft:iron_helmet":1,"minecraft:stick":2,"minecraft:lava_bucket":1,"minecraft:wooden_hoe":2,"minecraft:map":1,"minecraft:iron_leggings":2,"minecraft:oak_stairs":1,"minecraft:heart_of_the_sea":1,"minecraft:iron_axe":2,"minecraft:jungle_fence_gate":1,"minecraft:iron_boots":1,"minecraft:pumpkin_seeds":27,"minecraft:flint_and_steel":1,"minecraft:powder_snow_bucket":3,"minecraft:iron_chestplate":3,"minecraft:andesite":1,"minecraft:oak_sapling":5,"minecraft:spider_eye":1,"minecraft:bamboo":24,"minecraft:wooden_pickaxe":1},"minecraft:killed_by":{"minecraft:evoker":1,"minecraft:creeper":5,"minecraft:ravager":2,"minecraft:vindicator":2,"minecraft:zombie":10,"minecraft:vex":1,"minecraft:player":3,"minecraft:spider":3,"minecraft:enderman":1,"minecraft:skeleton":18},"minecraft:used":{"minecraft:beetroot":1,"minecraft:poppy":1,"minecraft:chest":11,"minecraft:shield":154,"minecraft:iron_sword":422,"minecraft:rotten_flesh":94,"minecraft:mutton":1,"minecraft:jungle_planks":1400,"minecraft:carrot":15,"minecraft:jungle_slab":306,"minecraft:jungle_sapling":25,"minecraft:lava_bucket":1,"minecraft:grass_block":31,"minecraft:golden_sword":29,"minecraft:bow":44,"minecraft:furnace":4,"minecraft:oak_sapling":26,"minecraft:beetroot_seeds":3,"minecraft:egg":4,"minecraft:potato":50,"minecraft:golden_boots":7,"minecraft:stone_pickaxe":19,"minecraft:jungle_fence":16,"minecraft:oak_planks":4,"minecraft:leather_chestplate":3,"minecraft:wooden_pickaxe":10,"minecraft:composter":4,"minecraft:chainmail_helmet":1,"minecraft:jungle_boat":2,"minecraft:white_wool":5,"minecraft:glow_berries":5,"minecraft:crossbow":23,"minecraft:bread":3,"minecraft:melon_slice":22,"minecraft:gravel":6,"minecraft:golden_helmet":5,"minecraft:fire_charge":1,"minecraft:andesite":16,"minecraft:tropical_fish_bucket":1,"minecraft:bone_meal":53,"minecraft:experience_bottle":1,"minecraft:jungle_leaves":2,"minecraft:stone_sword":260,"minecraft:flint_and_steel":24,"minecraft:stone_shovel":136,"minecraft:bamboo_door":11,"minecraft:cooked_chicken":7,"minecraft:torch":53,"minecraft:dirt":418,"minecraft:jungle_trapdoor":1,"minecraft:iron_hoe":194,"minecraft:bamboo_fence":43,"minecraft:iron_axe":1903,"minecraft:jungle_log":67,"minecraft:iron_boots":2,"minecraft:bamboo":610,"minecraft:diamond_chestplate":3,"minecraft:cooked_beef":38,"minecraft:cobbled_deepslate":6,"minecraft:powder_snow_bucket":1,"minecraft:bamboo_planks":690,"minecraft:golden_axe":72,"minecraft:iron_leggings":2,"minecraft:wheat_seeds":13,"minecraft:cooked_mutton":13,"minecraft:water_bucket":11,"minecraft:birch_planks":20,"minecraft:baked_potato":24,"minecraft:fletching_table":4,"minecraft:crafting_table":25,"minecraft:bamboo_block":35,"minecraft:white_bed":14,"minecraft:oak_log":5,"minecraft:apple":5,"minecraft:diamond_shovel":206,"minecraft:iron_pickaxe":128,"minecraft:leather_helmet":1,"minecraft:bamboo_slab":155,"minecraft:golden_leggings":4,"minecraft:stone_axe":261,"minecraft:fishing_rod":17,"minecraft:cobblestone":85,"minecraft:cooked_porkchop":4,"minecraft:bucket":15,"minecraft:yellow_bed":2,"minecraft:sculk_catalyst":1},"minecraft:killed":{"minecraft:spider":11,"minecraft:skeleton":23,"minecraft:pig":1,"minecraft:zombie_villager":1,"minecraft:creeper":4,"minecraft:sheep":2,"minecraft:pillager":6,"minecraft:zombie":25,"minecraft:cow":2,"minecraft:evoker":1,"minecraft:vindicator":2,"minecraft:drowned":4},"minecraft:mined":{"minecraft:oak_sapling":1,"minecraft:white_bed":14,"minecraft:farmland":2,"minecraft:jungle_slab":80,"minecraft:jungle_leaves":492,"minecraft:grass_block":73,"minecraft:jungle_log":491,"minecraft:bamboo_block":29,"minecraft:sculk_catalyst":1,"minecraft:iron_ore":1,"minecraft:fire":20,"minecraft:pumpkin":4,"minecraft:dirt_path":1,"minecraft:oak_stairs":1,"minecraft:bamboo_slab":35,"minecraft:kelp_plant":1,"minecraft:torch":1,"minecraft:melon":7,"minecraft:chest":1,"minecraft:cobblestone":4,"minecraft:oak_planks":14,"minecraft:bamboo_planks":76,"minecraft:birch_log":7,"minecraft:wheat":6,"minecraft:oak_log":168,"minecraft:beetroots":1,"minecraft:dirt":139,"minecraft:oak_leaves":202,"minecraft:bamboo_fence":6,"minecraft:bamboo_door":1,"minecraft:jungle_planks":641,"minecraft:hay_block":4,"minecraft:furnace":2,"minecraft:carrots":5,"minecraft:jungle_sapling":3,"minecraft:gold_block":1,"minecraft:potatoes":11,"minecraft:vine":158,"minecraft:stripped_jungle_log":5,"minecraft:bamboo_sapling":21,"minecraft:bamboo":551,"minecraft:stone":117,"minecraft:podzol":1,"minecraft:crafting_table":14,"minecraft:short_grass":189,"minecraft:tall_grass":1,"minecraft:copper_ore":15,"minecraft:jungle_fence":16,"minecraft:yellow_bed":4,"minecraft:coal_ore":1,"minecraft:fern":42},"minecraft:broken":{"minecraft:golden_helmet":1,"minecraft:golden_boots":2,"minecraft:golden_leggings":1,"minecraft:golden_sword":1,"minecraft:stone_axe":2,"minecraft:iron_sword":2,"minecraft:stone_shovel":1,"minecraft:stone_sword":3,"minecraft:leather_chestplate":1,"minecraft:shield":2,"minecraft:golden_axe":2,"minecraft:iron_axe":7},"minecraft:picked_up":{"minecraft:iron_chestplate":1,"minecraft:wheat":8,"minecraft:oak_stairs":2,"minecraft:golden_shovel":9,"minecraft:golden_sword":10,"minecraft:string":87,"minecraft:raw_copper":355,"minecraft:iron_leggings":6,"minecraft:pufferfish":1,"minecraft:experience_bottle":1,"minecraft:beetroot":1,"minecraft:gold_nugget":1,"minecraft:cobbled_deepslate":6,"minecraft:bucket":3,"minecraft:iron_pickaxe":57,"minecraft:melon_slice":66,"minecraft:furnace":6,"minecraft:iron_boots":11,"minecraft:golden_helmet":13,"minecraft:stick":295,"minecraft:jungle_door":6,"minecraft:oak_fence":84,"minecraft:torch":59,"minecraft:bamboo_slab":67,"minecraft:porkchop":13,"minecraft:golden_axe":3,"minecraft:bamboo_door":11,"minecraft:golden_chestplate":1,"minecraft:bamboo_block":224,"minecraft:stone_sword":5,"minecraft:rotten_flesh":256,"minecraft:cobblestone":842,"minecraft:birch_log":14,"minecraft:leather_chestplate":18,"minecraft:cooked_beef":141,"minecraft:feather":67,"minecraft:water_bucket":4,"minecraft:andesite":128,"minecraft:jungle_log":2228,"minecraft:golden_leggings":12,"minecraft:powder_snow_bucket":4,"minecraft:potato":40,"minecraft:flint":33,"minecraft:map":4,"minecraft:dirt":1413,"minecraft:bone":506,"minecraft:bow":19,"minecraft:wheat_seeds":133,"minecraft:fletching_table":1,"minecraft:bamboo":9022,"minecraft:oak_planks":45,"minecraft:axolotl_bucket":5,"minecraft:jungle_planks":3450,"minecraft:grass_block":1,"minecraft:jungle_slab":1841,"minecraft:spectral_arrow":22,"minecraft:jungle_leaves":4,"minecraft:iron_hoe":7,"minecraft:crossbow":12,"minecraft:bone_meal":52,"minecraft:emerald":74,"minecraft:chainmail_helmet":8,"minecraft:oak_sapling":74,"minecraft:diamond_pickaxe":2,"minecraft:fishing_rod":2,"minecraft:crafting_table":33,"minecraft:ominous_bottle":1,"minecraft:gold_block":9,"minecraft:shield":36,"minecraft:iron_axe":31,"minecraft:moss_carpet":2,"minecraft:flint_and_steel":23,"minecraft:beef":44,"minecraft:oak_boat":1,"minecraft:jungle_sapling":52,"minecraft:iron_nugget":67,"minecraft:poppy":1,"minecraft:sugar_cane":3,"minecraft:chest":7,"minecraft:birch_sapling":2,"minecraft:egg":4,"minecraft:carrot":15,"minecraft:redstone":28,"minecraft:diamond_chestplate":7,"minecraft:arrow":620,"minecraft:beetroot_seeds":3,"minecraft:golden_hoe":10,"minecraft:hay_block":4,"minecraft:totem_of_undying":11,"minecraft:saddle":3,"minecraft:gold_ingot":61,"minecraft:glow_berries":10,"minecraft:mutton":3,"minecraft:white_wool":30,"minecraft:jungle_boat":6,"minecraft:salmon":2,"minecraft:leather":27,"minecraft:jungle_fence":176,"minecraft:filled_map":3,"minecraft:birch_planks":123,"minecraft:oak_log":280,"minecraft:golden_boots":34,"minecraft:yellow_bed":2,"minecraft:gunpowder":62,"minecraft:wooden_hoe":2,"minecraft:paper":2,"minecraft:white_banner":20,"minecraft:cooked_mutton":19,"minecraft:apple":8,"minecraft:heart_of_the_sea":3,"minecraft:iron_ingot":1277,"minecraft:stone_pickaxe":2,"minecraft:cooked_chicken":10,"minecraft:iron_sword":25,"minecraft:tropical_fish_bucket":4,"minecraft:sculk_catalyst":1,"minecraft:bamboo_fence":5,"minecraft:bamboo_planks":340,"minecraft:pumpkin":5,"minecraft:gravel":239,"minecraft:lava_bucket":2,"minecraft:white_bed":29,"minecraft:spider_eye":27,"minecraft:leather_helmet":6,"minecraft:stripped_jungle_log":5,"minecraft:diamond_shovel":21,"minecraft:pumpkin_seeds":47,"minecraft:stone_axe":9,"minecraft:baked_potato":312,"minecraft:coal":218},"minecraft:custom":{"minecraft:animals_bred":3,"minecraft:interact_with_crafting_table":101,"minecraft:bell_ring":8,"minecraft:leave_game":2,"minecraft:time_since_death":110374,"minecraft:sprint_one_cm":1441886,"minecraft:damage_blocked_by_shield":10185,"minecraft:drop":137,"minecraft:talked_to_villager":14,"minecraft:play_time":575756,"minecraft:deaths":55,"minecraft:jump":7788,"minecraft:walk_on_water_one_cm":55825,"minecraft:interact_with_furnace":16,"minecraft:traded_with_villager":2,"minecraft:sleep_in_bed":25,"minecraft:damage_dealt":14571,"minecraft:player_kills":3,"minecraft:crouch_one_cm":306485,"minecraft:mob_kills":86,"minecraft:climb_one_cm":96240,"minecraft:walk_one_cm":1510436,"minecraft:sneak_time":90878,"minecraft:walk_under_water_one_cm":60236,"minecraft:boat_one_cm":113892,"minecraft:interact_with_blast_furnace":2,"minecraft:total_world_time":575756,"minecraft:time_since_rest":2812,"minecraft:damage_taken":22492,"minecraft:swim_one_cm":94168,"minecraft:fly_one_cm":1280037,"minecraft:open_chest":206,"minecraft:fish_caught":1,"minecraft:fall_one_cm":251164},"minecraft:crafted":{"minecraft:oak_planks":60,"minecraft:jungle_fence_gate":1,"minecraft:bamboo_door":6,"minecraft:bamboo_block":414,"minecraft:iron_boots":1,"minecraft:chest":6,"minecraft:golden_axe":1,"minecraft:emerald":2,"minecraft:cooked_porkchop":5,"minecraft:crafting_table":12,"minecraft:jungle_boat":1,"minecraft:wooden_pickaxe":1,"minecraft:pumpkin_seeds":20,"minecraft:birch_planks":28,"minecraft:bamboo_planks":794,"minecraft:iron_chestplate":1,"minecraft:shield":4,"minecraft:stick":352,"minecraft:iron_ingot":49,"minecraft:iron_pickaxe":1,"minecraft:iron_block":7,"minecraft:stone_sword":5,"minecraft:gold_ingot":5,"minecraft:composter":4,"minecraft:stone_shovel":1,"minecraft:fishing_rod":1,"minecraft:bamboo_fence":39,"minecraft:furnace":2,"minecraft:jungle_trapdoor":2,"minecraft:bone_meal":33,"minecraft:iron_axe":9,"minecraft:iron_hoe":2,"minecraft:stone_pickaxe":1,"minecraft:jungle_fence":24,"minecraft:wheat":36,"minecraft:cooked_beef":2,"minecraft:iron_sword":4,"minecraft:bucket":3,"minecraft:stone_axe":2,"minecraft:jungle_slab":456,"minecraft:bread":12,"minecraft:air":0,"minecraft:jungle_planks":1796,"minecraft:bamboo_slab":138,"minecraft:iron_leggings":1,"minecraft:white_bed":2,"minecraft:torch":68}},"DataVersion":3953}