{"stats":{"minecraft:killed_by":{"minecraft:player":2,"minecraft:creeper":1,"minecraft:zombie":2},"minecraft:used":{"minecraft:cooked_mutton":4,"minecraft:water_bucket":4,"minecraft:stone_sword":21,"minecraft:flint_and_steel":16,"minecraft:birch_planks":20,"minecraft:stone_pickaxe":19,"minecraft:oak_planks":3,"minecraft:shield":26,"minecraft:wooden_pickaxe":10,"minecraft:cooked_chicken":1,"minecraft:white_wool":5,"minecraft:dirt":69,"minecraft:crafting_table":6,"minecraft:bamboo_block":1,"minecraft:jungle_planks":307,"minecraft:white_bed":8,"minecraft:oak_log":1,"minecraft:jungle_sapling":1,"minecraft:lava_bucket":1,"minecraft:melon_slice":12,"minecraft:grass_block":31,"minecraft:jungle_log":9,"minecraft:iron_pickaxe":3,"minecraft:bamboo":8,"minecraft:golden_sword":11,"minecraft:stone_axe":158,"minecraft:fire_charge":1,"minecraft:furnace":2,"minecraft:cooked_porkchop":4,"minecraft:bucket":7,"minecraft:bamboo_planks":2,"minecraft:tropical_fish_bucket":1,"minecraft:bone_meal":27,"minecraft:powder_snow_bucket":1,"minecraft:golden_axe":21},"minecraft:dropped":{"minecraft:water_bucket":3,"minecraft:wheat_seeds":8,"minecraft:iron_nugget":16,"minecraft:wheat":7,"minecraft:leather":2,"minecraft:flint":4,"minecraft:lava_bucket":1,"minecraft:dirt":2,"minecraft:powder_snow_bucket":3,"minecraft:mutton":2,"minecraft:gold_nugget":1,"minecraft:oak_stairs":1,"minecraft:beef":3,"minecraft:wooden_pickaxe":1,"minecraft:white_wool":2,"minecraft:tropical_fish_bucket":3},"minecraft:killed":{"minecraft:pig":1,"minecraft:sheep":1,"minecraft:skeleton":3,"minecraft:zombie":4,"minecraft:drowned":2,"minecraft:cow":1},"minecraft:mined":{"minecraft:white_bed":6,"minecraft:jungle_leaves":7,"minecraft:crafting_table":3,"minecraft:short_grass":18,"minecraft:grass_block":5,"minecraft:melon":6,"minecraft:jungle_planks":74,"minecraft:jungle_log":12,"minecraft:copper_ore":4,"minecraft:bamboo_block":1,"minecraft:oak_planks":1,"minecraft:bamboo_planks":2,"minecraft:furnace":2,"minecraft:birch_log":7,"minecraft:fire":12,"minecraft:vine":4,"minecraft:gold_block":1,"minecraft:oak_log":19,"minecraft:oak_stairs":1,"minecraft:dirt":7,"minecraft:bamboo_sapling":1,"minecraft:bamboo":19,"minecraft:stone":22,"minecraft:oak_leaves":19,"minecraft:fern":3},"minecraft:crafted":{"minecraft:oak_planks":60,"minecraft:cooked_porkchop":5,"minecraft:crafting_table":6,"minecraft:wooden_pickaxe":1,"minecraft:furnace":1,"minecraft:bone_meal":27,"minecraft:birch_planks":28,"minecraft:stone_axe":2,"minecraft:jungle_slab":30,"minecraft:air":0,"minecraft:jungle_planks":340,"minecraft:bamboo_block":15,"minecraft:bamboo_planks":30,"minecraft:shield":1,"minecraft:stick":12,"minecraft:iron_ingot":1,"minecraft:iron_pickaxe":1,"minecraft:stone_pickaxe":1,"minecraft:stone_sword":1,"minecraft:gold_ingot":5,"minecraft:white_bed":2},"minecraft:broken":{"minecraft:stone_axe":1},"minecraft:custom":{"minecraft:interact_with_furnace":9,"minecraft:mob_kills":12,"minecraft:animals_bred":1,"minecraft:interact_with_crafting_table":16,"minecraft:time_since_death":10855,"minecraft:sleep_in_bed":7,"minecraft:climb_one_cm":14742,"minecraft:time_since_rest":1419,"minecraft:sprint_one_cm":190139,"minecraft:damage_taken":3437,"minecraft:walk_one_cm":213093,"minecraft:damage_blocked_by_shield":1553,"minecraft:drop":33,"minecraft:damage_dealt":2783,"minecraft:swim_one_cm":43644,"minecraft:fly_one_cm":203847,"minecraft:player_kills":3,"minecraft:open_chest":4,"minecraft:crouch_one_cm":35701,"minecraft:play_time":99180,"minecraft:deaths":10,"minecraft:sneak_time":10548,"minecraft:walk_under_water_one_cm":34074,"minecraft:boat_one_cm":103608,"minecraft:jump":1565,"minecraft:walk_on_water_one_cm":9525,"minecraft:total_world_time":99180,"minecraft:fall_one_cm":36187},"minecraft:picked_up":{"minecraft:birch_log":14,"minecraft:crafting_table":4,"minecraft:jungle_log":431,"minecraft:water_bucket":4,"minecraft:salmon":2,"minecraft:leather":9,"minecraft:powder_snow_bucket":4,"minecraft:birch_planks":93,"minecraft:oak_stairs":2,"minecraft:filled_map":2,"minecraft:gold_block":2,"minecraft:golden_shovel":5,"minecraft:flint":4,"minecraft:oak_log":16,"minecraft:golden_boots":5,"minecraft:golden_sword":6,"minecraft:shield":6,"minecraft:dirt":102,"minecraft:raw_copper":84,"minecraft:flint_and_steel":6,"minecraft:cooked_mutton":8,"minecraft:bone":14,"minecraft:wheat_seeds":41,"minecraft:gold_nugget":1,"minecraft:iron_ingot":22,"minecraft:beef":7,"minecraft:stone_pickaxe":2,"minecraft:cooked_chicken":1,"minecraft:jungle_sapling":1,"minecraft:iron_nugget":40,"minecraft:iron_pickaxe":5,"minecraft:bamboo":460,"minecraft:melon_slice":63,"minecraft:oak_planks":12,"minecraft:furnace":6,"minecraft:tropical_fish_bucket":4,"minecraft:stick":29,"minecraft:bamboo_planks":32,"minecraft:jungle_planks":190,"minecraft:lava_bucket":2,"minecraft:porkchop":13,"minecraft:golden_axe":2,"minecraft:white_bed":11,"minecraft:jungle_slab":30,"minecraft:bamboo_block":1,"minecraft:spider_eye":2,"minecraft:arrow":17,"minecraft:stone_sword":2,"minecraft:rotten_flesh":49,"minecraft:stone_axe":6,"minecraft:golden_hoe":5,"minecraft:emerald":72,"minecraft:gold_ingot":15,"minecraft:coal":36,"minecraft:mutton":2,"minecraft:white_wool":13,"minecraft:cobblestone":58}},"DataVersion":3953}