{"stats":{"minecraft:dropped":{"minecraft:iron_sword":1,"minecraft:ominous_bottle":1,"minecraft:cooked_beef":1,"minecraft:baked_potato":8,"minecraft:glass_bottle":2,"minecraft:jungle_fence":18,"minecraft:crossbow":4,"minecraft:glow_berries":5,"minecraft:leather":2,"minecraft:jungle_planks":2,"minecraft:flint":4,"minecraft:dirt":145,"minecraft:mutton":2,"minecraft:jungle_sapling":1,"minecraft:gold_nugget":1,"minecraft:bone_meal":10,"minecraft:bone_block":1,"minecraft:iron_pickaxe":1,"minecraft:white_wool":16,"minecraft:tropical_fish_bucket":3,"minecraft:bone":15,"minecraft:gravel":32,"minecraft:iron_nugget":32,"minecraft:cooked_chicken":4,"minecraft:wheat":7,"minecraft:rotten_flesh":11,"minecraft:oak_planks":4,"minecraft:carrot":1,"minecraft:poppy":2,"minecraft:gunpowder":5,"minecraft:arrow":28,"minecraft:beef":3,"minecraft:water_bucket":3,"minecraft:iron_ingot":5,"minecraft:wheat_seeds":25,"minecraft:dripstone_block":1,"minecraft:iron_helmet":1,"minecraft:stick":2,"minecraft:lava_bucket":1,"minecraft:wooden_hoe":2,"minecraft:map":1,"minecraft:iron_leggings":2,"minecraft:oak_stairs":1,"minecraft:heart_of_the_sea":1,"minecraft:iron_axe":2,"minecraft:jungle_fence_gate":1,"minecraft:iron_boots":1,"minecraft:pumpkin_seeds":27,"minecraft:flint_and_steel":1,"minecraft:powder_snow_bucket":3,"minecraft:iron_chestplate":3,"minecraft:andesite":1,"minecraft:oak_sapling":5,"minecraft:spider_eye":1,"minecraft:bamboo":3,"minecraft:wooden_pickaxe":1},"minecraft:killed_by":{"minecraft:evoker":1,"minecraft:creeper":5,"minecraft:ravager":2,"minecraft:vindicator":2,"minecraft:zombie":10,"minecraft:vex":1,"minecraft:player":3,"minecraft:spider":3,"minecraft:enderman":1,"minecraft:skeleton":18},"minecraft:used":{"minecraft:chest":11,"minecraft:shield":131,"minecraft:iron_sword":288,"minecraft:rotten_flesh":84,"minecraft:mutton":1,"minecraft:jungle_planks":1291,"minecraft:jungle_slab":306,"minecraft:jungle_sapling":24,"minecraft:lava_bucket":1,"minecraft:grass_block":31,"minecraft:golden_sword":29,"minecraft:bow":44,"minecraft:furnace":4,"minecraft:oak_sapling":21,"minecraft:egg":1,"minecraft:potato":1,"minecraft:golden_boots":7,"minecraft:stone_pickaxe":19,"minecraft:jungle_fence":16,"minecraft:oak_planks":4,"minecraft:leather_chestplate":3,"minecraft:wooden_pickaxe":10,"minecraft:chainmail_helmet":1,"minecraft:jungle_boat":2,"minecraft:white_wool":5,"minecraft:glow_berries":5,"minecraft:crossbow":13,"minecraft:melon_slice":22,"minecraft:gravel":6,"minecraft:golden_helmet":5,"minecraft:fire_charge":1,"minecraft:andesite":16,"minecraft:tropical_fish_bucket":1,"minecraft:bone_meal":36,"minecraft:experience_bottle":1,"minecraft:stone_sword":260,"minecraft:flint_and_steel":24,"minecraft:bamboo_door":11,"minecraft:cooked_chicken":5,"minecraft:torch":50,"minecraft:dirt":396,"minecraft:iron_hoe":40,"minecraft:bamboo_fence":28,"minecraft:iron_axe":1599,"minecraft:jungle_log":59,"minecraft:iron_boots":2,"minecraft:bamboo":490,"minecraft:diamond_chestplate":3,"minecraft:cooked_beef":30,"minecraft:cobbled_deepslate":6,"minecraft:powder_snow_bucket":1,"minecraft:bamboo_planks":399,"minecraft:golden_axe":72,"minecraft:iron_leggings":2,"minecraft:wheat_seeds":7,"minecraft:cooked_mutton":13,"minecraft:water_bucket":4,"minecraft:birch_planks":20,"minecraft:baked_potato":24,"minecraft:crafting_table":22,"minecraft:bamboo_block":23,"minecraft:white_bed":12,"minecraft:oak_log":5,"minecraft:apple":3,"minecraft:diamond_shovel":206,"minecraft:iron_pickaxe":69,"minecraft:leather_helmet":1,"minecraft:bamboo_slab":129,"minecraft:golden_leggings":4,"minecraft:stone_axe":261,"minecraft:cobblestone":6,"minecraft:cooked_porkchop":4,"minecraft:bucket":7,"minecraft:sculk_catalyst":1},"minecraft:killed":{"minecraft:spider":11,"minecraft:skeleton":20,"minecraft:pig":1,"minecraft:zombie_villager":1,"minecraft:creeper":2,"minecraft:sheep":2,"minecraft:pillager":6,"minecraft:zombie":23,"minecraft:cow":2,"minecraft:evoker":1,"minecraft:vindicator":2,"minecraft:drowned":4},"minecraft:mined":{"minecraft:oak_sapling":1,"minecraft:white_bed":12,"minecraft:farmland":1,"minecraft:jungle_slab":80,"minecraft:jungle_leaves":429,"minecraft:grass_block":40,"minecraft:jungle_log":475,"minecraft:bamboo_block":23,"minecraft:sculk_catalyst":1,"minecraft:iron_ore":1,"minecraft:fire":20,"minecraft:pumpkin":4,"minecraft:dirt_path":1,"minecraft:oak_stairs":1,"minecraft:bamboo_slab":31,"minecraft:kelp_plant":1,"minecraft:melon":7,"minecraft:chest":1,"minecraft:cobblestone":1,"minecraft:oak_planks":14,"minecraft:bamboo_planks":31,"minecraft:birch_log":7,"minecraft:wheat":3,"minecraft:oak_log":144,"minecraft:dirt":32,"minecraft:oak_leaves":157,"minecraft:bamboo_fence":6,"minecraft:bamboo_door":1,"minecraft:jungle_planks":544,"minecraft:furnace":2,"minecraft:jungle_sapling":3,"minecraft:gold_block":1,"minecraft:potatoes":1,"minecraft:vine":148,"minecraft:stripped_jungle_log":5,"minecraft:bamboo_sapling":20,"minecraft:bamboo":400,"minecraft:stone":65,"minecraft:podzol":1,"minecraft:crafting_table":14,"minecraft:short_grass":109,"minecraft:tall_grass":1,"minecraft:copper_ore":14,"minecraft:jungle_fence":16,"minecraft:coal_ore":1,"minecraft:fern":36},"minecraft:broken":{"minecraft:golden_helmet":1,"minecraft:golden_boots":2,"minecraft:golden_leggings":1,"minecraft:golden_sword":1,"minecraft:stone_axe":2,"minecraft:iron_sword":1,"minecraft:stone_sword":3,"minecraft:leather_chestplate":1,"minecraft:shield":2,"minecraft:golden_axe":2,"minecraft:iron_axe":6},"minecraft:picked_up":{"minecraft:iron_chestplate":1,"minecraft:wheat":2,"minecraft:oak_stairs":2,"minecraft:golden_shovel":9,"minecraft:golden_sword":10,"minecraft:string":87,"minecraft:raw_copper":344,"minecraft:iron_leggings":6,"minecraft:experience_bottle":1,"minecraft:gold_nugget":1,"minecraft:cobbled_deepslate":6,"minecraft:bucket":3,"minecraft:iron_pickaxe":57,"minecraft:melon_slice":66,"minecraft:furnace":6,"minecraft:iron_boots":11,"minecraft:golden_helmet":13,"minecraft:stick":280,"minecraft:jungle_door":6,"minecraft:oak_fence":84,"minecraft:torch":58,"minecraft:bamboo_slab":63,"minecraft:porkchop":13,"minecraft:golden_axe":3,"minecraft:bamboo_door":11,"minecraft:golden_chestplate":1,"minecraft:bamboo_block":219,"minecraft:stone_sword":5,"minecraft:rotten_flesh":250,"minecraft:cobblestone":745,"minecraft:birch_log":14,"minecraft:leather_chestplate":18,"minecraft:cooked_beef":133,"minecraft:feather":67,"minecraft:water_bucket":4,"minecraft:andesite":128,"minecraft:jungle_log":2209,"minecraft:golden_leggings":12,"minecraft:powder_snow_bucket":4,"minecraft:flint":33,"minecraft:map":4,"minecraft:dirt":1259,"minecraft:bone":504,"minecraft:bow":19,"minecraft:wheat_seeds":116,"minecraft:bamboo":7823,"minecraft:oak_planks":45,"minecraft:axolotl_bucket":5,"minecraft:jungle_planks":3379,"minecraft:grass_block":1,"minecraft:jungle_slab":1841,"minecraft:spectral_arrow":22,"minecraft:iron_hoe":7,"minecraft:crossbow":12,"minecraft:bone_meal":52,"minecraft:emerald":74,"minecraft:chainmail_helmet":8,"minecraft:oak_sapling":52,"minecraft:diamond_pickaxe":2,"minecraft:fishing_rod":2,"minecraft:crafting_table":32,"minecraft:ominous_bottle":1,"minecraft:gold_block":9,"minecraft:shield":36,"minecraft:iron_axe":31,"minecraft:moss_carpet":2,"minecraft:flint_and_steel":23,"minecraft:beef":44,"minecraft:jungle_sapling":49,"minecraft:iron_nugget":67,"minecraft:sugar_cane":3,"minecraft:chest":7,"minecraft:egg":1,"minecraft:redstone":28,"minecraft:diamond_chestplate":7,"minecraft:arrow":614,"minecraft:golden_hoe":10,"minecraft:totem_of_undying":11,"minecraft:saddle":3,"minecraft:gold_ingot":61,"minecraft:glow_berries":10,"minecraft:mutton":3,"minecraft:white_wool":30,"minecraft:jungle_boat":6,"minecraft:salmon":2,"minecraft:leather":27,"minecraft:jungle_fence":176,"minecraft:filled_map":3,"minecraft:birch_planks":123,"minecraft:oak_log":256,"minecraft:golden_boots":34,"minecraft:gunpowder":56,"minecraft:wooden_hoe":2,"minecraft:paper":2,"minecraft:white_banner":20,"minecraft:cooked_mutton":19,"minecraft:apple":6,"minecraft:heart_of_the_sea":3,"minecraft:iron_ingot":1271,"minecraft:stone_pickaxe":2,"minecraft:cooked_chicken":10,"minecraft:iron_sword":25,"minecraft:tropical_fish_bucket":4,"minecraft:sculk_catalyst":1,"minecraft:bamboo_fence":5,"minecraft:bamboo_planks":304,"minecraft:pumpkin":5,"minecraft:gravel":239,"minecraft:lava_bucket":2,"minecraft:white_bed":26,"minecraft:spider_eye":27,"minecraft:leather_helmet":6,"minecraft:stripped_jungle_log":5,"minecraft:diamond_shovel":21,"minecraft:pumpkin_seeds":47,"minecraft:stone_axe":9,"minecraft:baked_potato":312,"minecraft:coal":218},"minecraft:custom":{"minecraft:animals_bred":1,"minecraft:interact_with_crafting_table":79,"minecraft:bell_ring":5,"minecraft:leave_game":2,"minecraft:time_since_death":20374,"minecraft:sprint_one_cm":1180581,"minecraft:damage_blocked_by_shield":8765,"minecraft:drop":125,"minecraft:play_time":485756,"minecraft:deaths":55,"minecraft:jump":6779,"minecraft:walk_on_water_one_cm":50020,"minecraft:interact_with_furnace":15,"minecraft:sleep_in_bed":21,"minecraft:damage_dealt":12839,"minecraft:player_kills":3,"minecraft:crouch_one_cm":257557,"minecraft:mob_kills":78,"minecraft:climb_one_cm":85197,"minecraft:walk_one_cm":1234543,"minecraft:sneak_time":78007,"minecraft:walk_under_water_one_cm":56542,"minecraft:boat_one_cm":103608,"minecraft:total_world_time":485756,"minecraft:time_since_rest":20406,"minecraft:damage_taken":21657,"minecraft:swim_one_cm":85188,"minecraft:fly_one_cm":1099450,"minecraft:open_chest":156,"minecraft:fall_one_cm":225488},"minecraft:crafted":{"minecraft:oak_planks":60,"minecraft:jungle_fence_gate":1,"minecraft:bamboo_door":6,"minecraft:bamboo_block":270,"minecraft:iron_boots":1,"minecraft:chest":6,"minecraft:golden_axe":1,"minecraft:cooked_porkchop":5,"minecraft:crafting_table":10,"minecraft:jungle_boat":1,"minecraft:wooden_pickaxe":1,"minecraft:pumpkin_seeds":20,"minecraft:birch_planks":28,"minecraft:bamboo_planks":520,"minecraft:iron_chestplate":1,"minecraft:shield":4,"minecraft:stick":84,"minecraft:iron_ingot":49,"minecraft:iron_pickaxe":1,"minecraft:iron_block":7,"minecraft:stone_sword":5,"minecraft:gold_ingot":5,"minecraft:fishing_rod":1,"minecraft:bamboo_fence":24,"minecraft:furnace":2,"minecraft:bone_meal":33,"minecraft:iron_axe":8,"minecraft:iron_hoe":1,"minecraft:stone_pickaxe":1,"minecraft:jungle_fence":24,"minecraft:cooked_beef":2,"minecraft:iron_sword":3,"minecraft:bucket":1,"minecraft:stone_axe":2,"minecraft:jungle_slab":438,"minecraft:air":0,"minecraft:jungle_planks":1444,"minecraft:bamboo_slab":114,"minecraft:iron_leggings":1,"minecraft:white_bed":2,"minecraft:torch":68}},"DataVersion":3953}