{"stats":{"minecraft:broken":{"minecraft:shield":1,"minecraft:leather_boots":1},"minecraft:mined":{"minecraft:tuff":22,"minecraft:spruce_planks":6,"iceandfire:silver_ore":3,"minecraft:mossy_cobblestone":3,"minecraft:black_banner":1,"minecraft:grass_block":2,"born_in_chaos_v1:black_argillite":2,"ecologics:coconut_leaves":1,"minecraft:coal_block":1,"luminousworld:blackberrybush":1,"ecologics:coconut_log":9,"minecraft:spruce_leaves":4,"luminousworld:groundpebbles_3":3,"minecraft:spawner":2,"luminousworld:sunset_petunias":3,"undead_revamp2:bostroxore":1,"minecraft:furnace":1,"luminousworld:yellow_grassflowers":1,"minecraft:cobbled_deepslate":17,"minecraft:fire":8,"minecraft:andesite":2,"minecraft:nether_brick_stairs":1,"minecraft:cave_vines":1,"minecraft:bookshelf":8,"minecraft:smooth_quartz_stairs":1,"minecraft:stripped_mangrove_wood":5,"minecraft:stone":86,"minecraft:player_head":2,"minecraft:cake":1,"minecraft:spruce_slab":7,"minecraft:tripwire":1,"minecraft:oak_slab":1,"minecraft:yellow_banner":1,"minecraft:oak_fence":1,"iceandfire:dragon_ice_spikes":5,"minecraft:crafting_table":10,"minecraft:blast_furnace":6,"minecraft:calcite":1,"minecraft:tall_grass":1,"minecraft:cobblestone":5,"minecraft:lapis_ore":1,"minecraft:oak_planks":6,"minecraft:amethyst_block":8,"supplementaries:urn":5,"placeablesmod:gold_apple_block":1,"minecraft:sweet_berry_bush":2,"ecologics:seashell":2,"minecraft:ice":2,"minecraft:birch_leaves":1,"minecraft:wither_rose":1,"luminousworld:ishstone":12,"minecraft:grass":3,"iceandfire:silver_pile":32,"minecraft:coal_ore":6,"ecologics:hanging_coconut":1,"minecraft:gravel":2,"minecraft:sand":7,"luminousworld:grassvariant_3":1,"minecraft:cobweb":4,"minecraft:smooth_basalt":1,"minecraft:deepslate":312,"minecraft:oak_leaves":1,"minecraft:fern":2},"minecraft:dropped":{"minecraft:iron_ingot":1,"luminousworld:sunset_petunias":3,"minecraft:wheat_seeds":3,"minecraft:glass_bottle":1,"minecraft:crafting_table":1,"minecraft:pitcher_pod":1,"minecraft:mushroom_stew":1,"minecraft:stick":4,"minecraft:emerald":3,"iceandfire:silver_sword":1,"tombstone:grave_dust":1,"minecraft:gold_nugget":25,"minecraft:bone_meal":1,"minecraft:iron_pickaxe":2,"minecraft:sugar":4,"iceandfire:armor_silver_metal_helmet":1,"minecraft:string":3,"minecraft:cobbled_deepslate":362,"minecraft:stone_sword":2,"minecraft:tuff":12,"undead_revamp2:arapholia":1,"born_in_chaos_v1:ethereal_spirit":3,"minecraft:rotten_flesh":1,"aether:leather_gloves":1,"minecraft:glowstone_dust":2,"minecraft:flint_and_steel":1,"luminousworld:yellow_grassflowers":1,"supplementaries:flax_seeds":1,"supplementaries:ash":5,"minecraft:stone":1,"minecraft:bundle":2,"iceandfire:armor_silver_boots":1,"luminousworld:groundpebbles_1":6,"minecraft:melon_seeds":1,"born_in_chaos_v1:corpse_maggot":5,"minecraft:spider_eye":1,"minecraft:stone_pickaxe":3},"minecraft:picked_up":{"luminousworld:groundpebbles_1":6,"minecraft:crafting_table":9,"illagerinvasion:platinum_chunk":5,"ecologics:seashell":2,"minecraft:wither_rose":1,"minecraft:potion":1,"ecologics:coconut_boat":1,"minecraft:amethyst_block":8,"born_in_chaos_v1:black_argillite":1,"minecraft:polished_deepslate":2,"iceandfire:manuscript":2,"minecraft:string":8,"minecraft:raw_copper":19,"minecraft:gold_nugget":25,"minecraft:cobbled_deepslate":537,"minecraft:calcite":1,"minecraft:spruce_planks":5,"minecraft:player_head":2,"minecraft:iron_nugget":29,"minecraft:iron_pickaxe":1,"minecraft:spruce_slab":7,"minecraft:coal_block":1,"minecraft:smooth_quartz_stairs":1,"minecraft:furnace":2,"iceandfire:ice_dragon_heart":1,"minecraft:stick":4,"minecraft:stripped_mangrove_wood":5,"iceandfire:dragonbone":10,"minecraft:stone":2,"minecraft:oak_fence":1,"ecologics:coconut_slice":2,"minecraft:torch":5,"ecologics:coconut_seedling":2,"minecraft:acacia_log":1,"minecraft:spruce_stairs":1,"minecraft:porkchop":1,"tombstone:grave_dust":8,"minecraft:diorite":40,"iceandfire:dragon_skull_ice":1,"minecraft:yellow_banner":1,"minecraft:arrow":2,"iceandfire:silver_ingot":13,"minecraft:stone_sword":1,"minecraft:rotten_flesh":37,"luminousworld:yellow_grassflowers":2,"iceandfire:dragonscales_silver":22,"ecologics:coconut_log":7,"minecraft:black_banner":1,"supplementaries:ash":5,"minecraft:obsidian":1,"undead_revamp2:arapholia":1,"minecraft:white_wool":2,"minecraft:cobblestone":226,"born_in_chaos_v1:corpse_maggot":25,"minecraft:air":0,"minecraft:andesite":53,"minecraft:salmon":2,"luminousworld:ishstone":13,"ecologics:coconut_planks":77,"minecraft:potato":3,"minecraft:tuff":22,"iceandfire:ectoplasm":2,"minecraft:gunpowder":2,"minecraft:dirt":2,"minecraft:cooked_mutton":10,"naturalist:bass":4,"minecraft:bone":8,"minecraft:apple":1,"minecraft:gray_carpet":1,"minecraft:wheat_seeds":3,"minecraft:stone_pickaxe":1,"minecraft:cobweb":1,"minecraft:glass_bottle":1,"minecraft:glowstone_dust":2,"alexsmobs:blobfish":1,"minecraft:iron_sword":1,"minecraft:oak_planks":4,"minecraft:book":18,"minecraft:oak_slab":1,"minecraft:smooth_basalt":1,"minecraft:sweet_berries":25,"born_in_chaos_v1:ethereal_spirit":3,"minecraft:gravel":1,"luminousworld:sunset_petunias":3,"minecraft:sand":6,"ecologics:coconut_husk":12,"minecraft:blast_furnace":9,"minecraft:nether_brick_stairs":1,"minecraft:spruce_sapling":1,"sophisticatedbackpacks:iron_backpack":1,"minecraft:spruce_log":3,"minecraft:spider_eye":1,"minecraft:bundle":4,"minecraft:polished_andesite":2,"minecraft:purple_bed":2,"minecraft:sugar":7,"minecraft:granite":22,"minecraft:bone_meal":2,"minecraft:golden_apple":2,"iceandfire:ice_dragon_flesh":2,"minecraft:bread":2,"minecraft:emerald":7,"iceandfire:silver_nugget":428,"minecraft:dark_oak_fence":2,"minecraft:coal":18,"iceandfire:raw_silver":6},"minecraft:used":{"minecraft:oak_fence":1,"minecraft:flint_and_steel":9,"born_in_chaos_v1:ethereal_spirit":2,"minecraft:spruce_slab":9,"born_in_chaos_v1:black_argillite":1,"minecraft:spruce_planks":46,"minecraft:shield":45,"minecraft:stone":1,"minecraft:iron_sword":151,"vanillaplustools:stone_hammer":49,"minecraft:cooked_salmon":1,"ecologics:coconut_planks":22,"born_in_chaos_v1:fried_maggot":1,"minecraft:rotten_flesh":18,"minecraft:torch":49,"minecraft:dirt":2,"minecraft:spruce_stairs":1,"naturalist:cooked_bass":4,"minecraft:nether_brick_stairs":1,"born_in_chaos_v1:corpse_maggot":1,"quark:spruce_chest":1,"minecraft:sweet_berries":33,"minecraft:furnace":3,"ecologics:coconut_boat":3,"tombstone:gift":5,"minecraft:cobbled_deepslate":69,"minecraft:cooked_beef":1,"minecraft:acacia_planks":4,"naturalist:bass":1,"minecraft:cooked_mutton":6,"alexsmobs:cooked_catfish":1,"minecraft:gray_carpet":1,"minecraft:bundle":1,"minecraft:stone_pickaxe":3,"minecraft:oak_planks":4,"luminousworld:yellow_grassflowers":1,"minecraft:smooth_quartz_stairs":1,"minecraft:salmon":1,"minecraft:white_wool":2,"minecraft:golden_apple":1,"minecraft:stripped_mangrove_wood":5,"minecraft:sand":25,"minecraft:oak_slab":1,"minecraft:crafting_table":13,"minecraft:blast_furnace":2,"minecraft:cake":1,"tombstone:bag_of_seeds":2,"minecraft:apple":1,"iceandfire:graveyard_soil":1,"minecraft:bread":6,"minecraft:string":1,"minecraft:iron_pickaxe":164,"minecraft:gravel":1,"minecraft:spruce_sapling":1,"minecraft:stone_axe":59,"ecologics:coconut_slice":2,"minecraft:potion":2,"minecraft:cobblestone":106,"born_in_chaos_v1:rotten_fish":1,"minecraft:purple_bed":2,"minecraft:cooked_porkchop":2,"minecraft:bucket":1,"minecraft:andesite":3,"minecraft:chain":1,"minecraft:pumpkin_pie":1,"alexsmobs:animal_dictionary":3,"minecraft:cobweb":17},"minecraft:killed":{"minecraft:witch":1,"undead_revamp2:theimmortal":3,"born_in_chaos_v1:zombie_lumberjack":1,"luminousworld:sunken_skeleton":1,"undead_revamp2:thesmoker":1,"undead_revamp2:bomber":1,"enemyexpansion:direwolf":1,"minecraft:skeleton":1,"minecraft:husk":1,"creeperoverhaul:spruce_creeper":1,"undead_revamp2:the_moonflower":3,"born_in_chaos_v1:decrepit_skeleton":1,"minecraft:pillager":2,"minecraft:zombie":1,"iceandfire:ghost":2,"born_in_chaos_v1:corpse_fly":10},"minecraft:crafted":{"minecraft:coal":9,"vanillaplustools:stone_hammer":1,"iceandfire:armor_silver_boots":1,"ecologics:coconut_planks":28,"minecraft:furnace":1,"naturalist:cooked_bass":4,"minecraft:leather":6,"iceandfire:armor_silver_metal_leggings":1,"born_in_chaos_v1:fried_maggot":1,"minecraft:stone_pickaxe":12,"alexsmobs:cooked_catfish":1,"quark:spruce_chest":2,"ecologics:coconut_boat":1,"sophisticatedbackpacks:iron_backpack":1,"minecraft:cooked_beef":1,"sophisticatedbackpacks:backpack":1,"iceandfire:silver_ingot":53,"minecraft:cooked_porkchop":2,"minecraft:crafting_table":6,"minecraft:spruce_planks":100,"minecraft:cooked_salmon":1,"minecraft:bucket":1,"minecraft:stone_axe":1,"minecraft:air":0,"minecraft:iron_chestplate":1,"minecraft:shield":1,"minecraft:stick":48,"minecraft:iron_ingot":1,"minecraft:iron_pickaxe":1,"minecraft:stone_sword":1,"minecraft:acacia_planks":4,"minecraft:torch":44,"iceandfire:silver_sword":1},"minecraft:killed_by":{"minecraft:husk":2,"minecraft:player":2,"born_in_chaos_v1:decaying_zombie":1,"minecraft:vindicator":1,"iceandfire:ice_dragon":14,"born_in_chaos_v1:corpse_fish":1,"iceandfire:ghost":3},"minecraft:custom":{"minecraft:mob_kills":33,"minecraft:interact_with_crafting_table":54,"minecraft:open_barrel":16,"minecraft:eat_cake_slice":2,"minecraft:leave_game":3,"minecraft:time_since_death":5892,"minecraft:climb_one_cm":2409,"minecraft:sprint_one_cm":264594,"minecraft:walk_one_cm":330015,"minecraft:damage_blocked_by_shield":2145,"minecraft:drop":65,"minecraft:talked_to_villager":1,"minecraft:play_time":156642,"minecraft:deaths":25,"minecraft:sneak_time":5404,"minecraft:walk_under_water_one_cm":38150,"minecraft:boat_one_cm":141366,"minecraft:jump":1604,"minecraft:interact_with_blast_furnace":16,"minecraft:walk_on_water_one_cm":61006,"minecraft:total_world_time":156642,"minecraft:interact_with_furnace":21,"tombstone:raider_killed":3,"minecraft:interact_with_stonecutter":1,"minecraft:sleep_in_bed":3,"minecraft:time_since_rest":5717,"minecraft:damage_taken":9121,"minecraft:damage_absorbed":40,"minecraft:trigger_trapped_chest":4,"minecraft:damage_dealt":8223,"minecraft:player_kills":1,"minecraft:swim_one_cm":39855,"minecraft:fly_one_cm":225941,"minecraft:open_chest":59,"minecraft:crouch_one_cm":16387,"tombstone:undead_killed":15,"minecraft:fall_one_cm":29985}},"DataVersion":3465}