{"stats":{"minecraft:killed_by":{"minecraft:player":2,"minecraft:creeper":1,"minecraft:enderman":1,"minecraft:skeleton":2,"minecraft:zombie":5},"minecraft:used":{"minecraft:stone_sword":21,"minecraft:flint_and_steel":18,"minecraft:shield":32,"minecraft:cooked_chicken":1,"minecraft:dirt":84,"minecraft:jungle_planks":534,"minecraft:jungle_slab":115,"minecraft:jungle_sapling":1,"minecraft:lava_bucket":1,"minecraft:iron_axe":29,"minecraft:grass_block":31,"minecraft:jungle_log":10,"minecraft:bamboo":8,"minecraft:golden_sword":27,"minecraft:furnace":3,"minecraft:powder_snow_bucket":1,"minecraft:bamboo_planks":2,"minecraft:golden_axe":21,"minecraft:cooked_mutton":4,"minecraft:water_bucket":4,"minecraft:birch_planks":20,"minecraft:stone_pickaxe":19,"minecraft:jungle_fence":16,"minecraft:oak_planks":3,"minecraft:wooden_pickaxe":10,"minecraft:white_wool":5,"minecraft:crafting_table":10,"minecraft:bamboo_block":1,"minecraft:white_bed":10,"minecraft:oak_log":1,"minecraft:melon_slice":19,"minecraft:iron_pickaxe":3,"minecraft:stone_axe":261,"minecraft:fire_charge":1,"minecraft:cobblestone":5,"minecraft:cooked_porkchop":4,"minecraft:bucket":7,"minecraft:tropical_fish_bucket":1,"minecraft:bone_meal":27},"minecraft:dropped":{"minecraft:water_bucket":3,"minecraft:wheat_seeds":8,"minecraft:leather":2,"minecraft:flint":4,"minecraft:lava_bucket":1,"minecraft:dirt":2,"minecraft:mutton":2,"minecraft:oak_stairs":1,"minecraft:gold_nugget":1,"minecraft:white_wool":2,"minecraft:tropical_fish_bucket":3,"minecraft:iron_nugget":16,"minecraft:wheat":7,"minecraft:powder_snow_bucket":3,"minecraft:wooden_pickaxe":1,"minecraft:beef":3},"minecraft:killed":{"minecraft:skeleton":4,"minecraft:drowned":2,"minecraft:pig":1,"minecraft:sheep":1,"minecraft:zombie":6,"minecraft:cow":1},"minecraft:crafted":{"minecraft:oak_planks":60,"minecraft:furnace":1,"minecraft:bone_meal":27,"minecraft:bamboo_block":15,"minecraft:iron_axe":1,"minecraft:stone_pickaxe":1,"minecraft:jungle_fence":24,"minecraft:cooked_porkchop":5,"minecraft:crafting_table":7,"minecraft:wooden_pickaxe":1,"minecraft:birch_planks":28,"minecraft:stone_axe":2,"minecraft:jungle_slab":192,"minecraft:air":0,"minecraft:jungle_planks":732,"minecraft:bamboo_planks":30,"minecraft:shield":1,"minecraft:stick":32,"minecraft:iron_ingot":1,"minecraft:iron_pickaxe":1,"minecraft:stone_sword":1,"minecraft:gold_ingot":5,"minecraft:white_bed":2},"minecraft:mined":{"minecraft:white_bed":9,"minecraft:jungle_slab":19,"minecraft:jungle_leaves":49,"minecraft:grass_block":5,"minecraft:jungle_planks":108,"minecraft:jungle_log":26,"minecraft:bamboo_block":1,"minecraft:furnace":2,"minecraft:fire":14,"minecraft:gold_block":1,"minecraft:vine":40,"minecraft:oak_stairs":1,"minecraft:bamboo_sapling":1,"minecraft:bamboo":19,"minecraft:stone":22,"minecraft:crafting_table":6,"minecraft:short_grass":22,"minecraft:melon":6,"minecraft:copper_ore":4,"minecraft:oak_planks":1,"minecraft:bamboo_planks":2,"minecraft:birch_log":7,"minecraft:jungle_fence":12,"minecraft:oak_log":19,"minecraft:dirt":7,"minecraft:oak_leaves":19,"minecraft:fern":3},"minecraft:broken":{"minecraft:stone_axe":2},"minecraft:custom":{"minecraft:mob_kills":15,"minecraft:animals_bred":1,"minecraft:interact_with_crafting_table":19,"minecraft:time_since_death":4369,"minecraft:climb_one_cm":25045,"minecraft:sprint_one_cm":242021,"minecraft:walk_one_cm":280217,"minecraft:damage_blocked_by_shield":1868,"minecraft:drop":33,"minecraft:play_time":135180,"minecraft:deaths":16,"minecraft:sneak_time":22722,"minecraft:walk_under_water_one_cm":41548,"minecraft:boat_one_cm":103608,"minecraft:jump":1909,"minecraft:walk_on_water_one_cm":18975,"minecraft:total_world_time":135180,"minecraft:interact_with_furnace":9,"minecraft:sleep_in_bed":8,"minecraft:time_since_rest":4395,"minecraft:damage_taken":5032,"minecraft:damage_dealt":3363,"minecraft:player_kills":3,"minecraft:swim_one_cm":51908,"minecraft:fly_one_cm":252190,"minecraft:open_chest":5,"minecraft:crouch_one_cm":72369,"minecraft:fall_one_cm":47885},"minecraft:picked_up":{"minecraft:crafting_table":8,"minecraft:oak_stairs":2,"minecraft:gold_block":2,"minecraft:golden_shovel":9,"minecraft:shield":8,"minecraft:golden_sword":10,"minecraft:raw_copper":132,"minecraft:iron_axe":1,"minecraft:flint_and_steel":10,"minecraft:gold_nugget":1,"minecraft:beef":7,"minecraft:jungle_sapling":6,"minecraft:iron_nugget":40,"minecraft:iron_pickaxe":9,"minecraft:melon_slice":63,"minecraft:furnace":6,"minecraft:stick":36,"minecraft:porkchop":13,"minecraft:golden_axe":2,"minecraft:rotten_flesh":58,"minecraft:bamboo_block":1,"minecraft:stone_sword":2,"minecraft:arrow":35,"minecraft:golden_hoe":8,"minecraft:gold_ingot":15,"minecraft:mutton":2,"minecraft:white_wool":13,"minecraft:cobblestone":74,"minecraft:birch_log":14,"minecraft:salmon":2,"minecraft:water_bucket":4,"minecraft:jungle_log":540,"minecraft:leather":13,"minecraft:jungle_fence":82,"minecraft:powder_snow_bucket":4,"minecraft:filled_map":2,"minecraft:birch_planks":93,"minecraft:flint":4,"minecraft:oak_log":16,"minecraft:golden_boots":10,"minecraft:dirt":141,"minecraft:cooked_mutton":8,"minecraft:bone":20,"minecraft:wheat_seeds":54,"minecraft:cooked_chicken":1,"minecraft:stone_pickaxe":2,"minecraft:iron_ingot":31,"minecraft:bamboo":466,"minecraft:oak_planks":12,"minecraft:tropical_fish_bucket":4,"minecraft:bamboo_planks":152,"minecraft:lava_bucket":2,"minecraft:jungle_planks":349,"minecraft:white_bed":21,"minecraft:jungle_slab":635,"minecraft:spider_eye":2,"minecraft:stone_axe":9,"minecraft:emerald":72,"minecraft:coal":52}},"DataVersion":3953}