{"stats":{"minecraft:broken":{"minecraft:iron_chestplate":1,"iceandfire:armor_silver_metal_boots":1,"iceandfire:armor_silver_metal_helmet":1,"minecraft:shield":1,"minecraft:leather_boots":1},"minecraft:mined":{"minecraft:spruce_planks":6,"minecraft:grass_block":2,"ecologics:coconut_leaves":1,"minecraft:coal_block":1,"minecraft:spawner":2,"undead_revamp2:bostroxore":1,"minecraft:fire":8,"minecraft:cobbled_deepslate":31,"minecraft:nether_brick_stairs":1,"minecraft:cave_vines":1,"minecraft:stripped_mangrove_wood":5,"minecraft:player_head":2,"minecraft:spruce_slab":9,"minecraft:tripwire":1,"minecraft:kelp_plant":1,"minecraft:yellow_banner":1,"iceandfire:dragon_ice_spikes":5,"minecraft:torch":3,"minecraft:blast_furnace":6,"minecraft:calcite":1,"minecraft:cobblestone":17,"minecraft:oak_planks":6,"minecraft:amethyst_block":8,"placeablesmod:gold_apple_block":1,"ecologics:seashell":2,"minecraft:wither_rose":1,"minecraft:grass":4,"minecraft:sand":7,"minecraft:dirt":3,"luminousworld:grassvariant_3":1,"minecraft:smooth_basalt":1,"minecraft:oak_leaves":1,"minecraft:deepslate":312,"minecraft:tuff":22,"minecraft:mossy_cobblestone":3,"iceandfire:silver_ore":3,"minecraft:dark_oak_fence":6,"luminousworld:mossbuds_2":1,"minecraft:black_banner":1,"born_in_chaos_v1:black_argillite":2,"luminousworld:blackberrybush":1,"ecologics:coconut_log":18,"minecraft:spruce_leaves":4,"luminousworld:groundpebbles_3":3,"luminousworld:sunset_petunias":3,"minecraft:furnace":1,"luminousworld:yellow_grassflowers":1,"minecraft:andesite":2,"luminousworld:mossbuds_3":2,"minecraft:bookshelf":8,"minecraft:smooth_quartz_stairs":1,"minecraft:stone":191,"minecraft:cake":1,"minecraft:oak_slab":1,"luminousworld:blueberrybush":1,"minecraft:oak_fence":2,"minecraft:crafting_table":13,"minecraft:tall_grass":1,"minecraft:copper_ore":1,"minecraft:lapis_ore":1,"supplementaries:urn":8,"minecraft:sweet_berry_bush":10,"minecraft:ice":2,"minecraft:birch_leaves":1,"ecologics:hanging_coconut":1,"minecraft:coal_ore":6,"iceandfire:silver_pile":32,"luminousworld:ishstone":12,"minecraft:gravel":2,"minecraft:cobweb":4,"minecraft:stone_bricks":3,"minecraft:fern":2},"minecraft:dropped":{"minecraft:glass_bottle":1,"minecraft:crafting_table":1,"minecraft:pitcher_pod":1,"minecraft:emerald":3,"minecraft:dark_oak_fence":2,"minecraft:gold_nugget":25,"minecraft:bone_meal":1,"minecraft:sugar":4,"minecraft:iron_pickaxe":2,"iceandfire:armor_silver_metal_helmet":1,"minecraft:stone_axe":1,"minecraft:iron_nugget":6,"minecraft:cobbled_deepslate":362,"born_in_chaos_v1:ethereal_spirit":3,"undead_revamp2:arapholia":1,"minecraft:rotten_flesh":1,"aether:leather_gloves":1,"minecraft:glowstone_dust":2,"minecraft:chiseled_stone_bricks":2,"supplementaries:flax_seeds":1,"supplementaries:ash":5,"iceandfire:armor_silver_boots":1,"minecraft:melon_seeds":1,"born_in_chaos_v1:corpse_maggot":7,"minecraft:spruce_slab":2,"minecraft:iron_ingot":1,"luminousworld:sunset_petunias":3,"minecraft:wheat_seeds":4,"luminousworld:ishstone":13,"minecraft:oak_fence":1,"minecraft:granite":22,"minecraft:mushroom_stew":1,"minecraft:polished_andesite":1,"minecraft:stick":4,"minecraft:diorite":40,"iceandfire:silver_sword":1,"tombstone:grave_dust":1,"minecraft:string":3,"minecraft:kelp":1,"minecraft:stone_sword":2,"minecraft:tuff":22,"minecraft:flint_and_steel":1,"luminousworld:yellow_grassflowers":1,"minecraft:stone":1,"minecraft:bundle":2,"luminousworld:groundpebbles_1":6,"minecraft:andesite":50,"minecraft:stone_bricks":2,"minecraft:spider_eye":1,"minecraft:stone_pickaxe":3},"minecraft:used":{"minecraft:spruce_slab":9,"minecraft:shield":45,"minecraft:stone":1,"minecraft:iron_sword":224,"ecologics:coconut_planks":22,"minecraft:rotten_flesh":30,"naturalist:cooked_bass":4,"born_in_chaos_v1:corpse_maggot":1,"minecraft:sweet_berries":37,"minecraft:furnace":3,"minecraft:stone_pickaxe":3,"minecraft:gray_carpet":1,"minecraft:oak_planks":4,"minecraft:smooth_quartz_stairs":1,"minecraft:white_wool":2,"minecraft:golden_apple":1,"minecraft:stripped_mangrove_wood":5,"minecraft:sand":25,"minecraft:blast_furnace":2,"minecraft:bread":27,"minecraft:string":1,"minecraft:gravel":1,"ecologics:coconut_slice":4,"born_in_chaos_v1:rotten_fish":1,"minecraft:andesite":3,"minecraft:chain":1,"minecraft:cobweb":17,"minecraft:oak_fence":1,"minecraft:flint_and_steel":9,"born_in_chaos_v1:ethereal_spirit":2,"minecraft:spruce_planks":46,"born_in_chaos_v1:black_argillite":1,"vanillaplustools:stone_hammer":66,"born_in_chaos_v1:fried_maggot":1,"minecraft:cooked_salmon":1,"minecraft:torch":57,"minecraft:dirt":2,"minecraft:spruce_stairs":1,"minecraft:nether_brick_stairs":1,"quark:spruce_chest":1,"ecologics:coconut_boat":3,"tombstone:gift":5,"minecraft:cooked_beef":1,"minecraft:acacia_planks":4,"minecraft:cobbled_deepslate":194,"naturalist:bass":1,"minecraft:cooked_mutton":7,"alexsmobs:cooked_catfish":1,"minecraft:bundle":1,"luminousworld:yellow_grassflowers":1,"minecraft:salmon":1,"minecraft:oak_slab":1,"minecraft:crafting_table":16,"minecraft:cake":1,"tombstone:bag_of_seeds":2,"minecraft:apple":1,"minecraft:iron_pickaxe":180,"iceandfire:graveyard_soil":1,"minecraft:spruce_sapling":1,"minecraft:stone_axe":84,"minecraft:cobblestone":131,"minecraft:potion":2,"minecraft:purple_bed":2,"minecraft:cooked_porkchop":2,"minecraft:bucket":1,"minecraft:pumpkin_pie":1,"alexsmobs:animal_dictionary":3},"minecraft:picked_up":{"illagerinvasion:platinum_chunk":5,"minecraft:potion":1,"minecraft:wither_rose":1,"minecraft:amethyst_block":8,"born_in_chaos_v1:black_argillite":1,"minecraft:polished_deepslate":2,"iceandfire:manuscript":2,"minecraft:string":8,"minecraft:raw_copper":26,"minecraft:gold_nugget":25,"minecraft:cobbled_deepslate":549,"minecraft:spruce_planks":5,"minecraft:calcite":1,"minecraft:iron_pickaxe":1,"minecraft:coal_block":1,"minecraft:smooth_quartz_stairs":1,"minecraft:furnace":2,"minecraft:stick":4,"minecraft:acacia_log":1,"minecraft:oak_fence":2,"ecologics:coconut_seedling":2,"minecraft:torch":13,"minecraft:spruce_stairs":1,"minecraft:porkchop":1,"tombstone:grave_dust":8,"minecraft:diorite":40,"minecraft:yellow_banner":1,"minecraft:stone_sword":1,"minecraft:rotten_flesh":37,"luminousworld:yellow_grassflowers":2,"ecologics:coconut_log":16,"supplementaries:ash":5,"minecraft:obsidian":1,"undead_revamp2:arapholia":1,"minecraft:cobblestone":281,"minecraft:cooked_beef":1,"minecraft:andesite":53,"ecologics:coconut_planks":77,"minecraft:potato":3,"minecraft:tuff":22,"minecraft:dirt":2,"minecraft:bone":8,"minecraft:wheat_seeds":4,"minecraft:raw_gold":6,"minecraft:glowstone_dust":4,"alexsmobs:blobfish":1,"minecraft:oak_planks":4,"minecraft:sand":6,"ecologics:coconut_husk":12,"sophisticatedbackpacks:iron_backpack":1,"minecraft:nether_brick_stairs":1,"minecraft:bundle":4,"minecraft:polished_andesite":3,"minecraft:sugar":7,"minecraft:bone_meal":2,"minecraft:granite":22,"minecraft:golden_apple":2,"minecraft:emerald":13,"minecraft:bread":2,"minecraft:dark_oak_fence":4,"iceandfire:silver_nugget":428,"iceandfire:raw_silver":6,"luminousworld:groundpebbles_1":6,"minecraft:crafting_table":12,"ecologics:seashell":2,"ecologics:coconut_boat":1,"iceandfire:armor_silver_metal_leggings":1,"minecraft:player_head":2,"minecraft:iron_nugget":33,"minecraft:spruce_slab":9,"iceandfire:ice_dragon_heart":1,"iceandfire:dragonbone":10,"minecraft:stripped_mangrove_wood":5,"minecraft:stone":2,"ecologics:coconut_slice":4,"iceandfire:dragon_skull_ice":1,"iceandfire:silver_ingot":13,"minecraft:arrow":4,"iceandfire:dragonscales_silver":22,"minecraft:black_banner":1,"minecraft:white_wool":2,"born_in_chaos_v1:corpse_maggot":29,"minecraft:air":0,"minecraft:salmon":2,"luminousworld:ishstone":13,"minecraft:oak_log":1,"iceandfire:ectoplasm":4,"minecraft:gunpowder":2,"vanillaplustools:iron_hammer":1,"naturalist:bass":4,"minecraft:cooked_mutton":10,"minecraft:stone_bricks":2,"minecraft:apple":1,"minecraft:gray_carpet":1,"minecraft:kelp":1,"minecraft:stone_pickaxe":1,"minecraft:cobweb":1,"minecraft:glass_bottle":1,"minecraft:iron_sword":4,"minecraft:book":21,"minecraft:oak_slab":1,"minecraft:smooth_basalt":1,"minecraft:sweet_berries":45,"minecraft:chiseled_stone_bricks":2,"born_in_chaos_v1:ethereal_spirit":3,"luminousworld:sunset_petunias":3,"minecraft:gravel":1,"minecraft:spruce_sapling":1,"minecraft:blast_furnace":9,"minecraft:spruce_log":3,"minecraft:spider_eye":1,"minecraft:purple_bed":2,"minecraft:stone_axe":1,"iceandfire:ice_dragon_flesh":2,"minecraft:coal":18},"minecraft:killed":{"minecraft:witch":1,"born_in_chaos_v1:zombie_lumberjack":1,"undead_revamp2:thesmoker":1,"illagerinvasion:basher":1,"minecraft:skeleton":1,"illagerinvasion:provoker":1,"minecraft:pillager":2,"minecraft:zombie":1,"born_in_chaos_v1:corpse_fly":15,"undead_revamp2:theimmortal":3,"minecraft:vindicator":1,"luminousworld:sunken_skeleton":1,"undead_revamp2:bomber":1,"enemyexpansion:direwolf":1,"minecraft:husk":1,"creeperoverhaul:spruce_creeper":1,"undead_revamp2:the_moonflower":3,"born_in_chaos_v1:decrepit_skeleton":1,"iceandfire:ghost":4},"minecraft:crafted":{"minecraft:oak_planks":4,"iceandfire:armor_silver_boots":1,"naturalist:cooked_bass":4,"iceandfire:armor_silver_metal_chestplate":1,"iceandfire:armor_silver_metal_leggings":2,"alexsmobs:cooked_catfish":1,"sophisticatedbackpacks:backpack":1,"minecraft:cooked_porkchop":2,"minecraft:crafting_table":6,"minecraft:spruce_planks":100,"minecraft:iron_chestplate":1,"minecraft:shield":1,"minecraft:stick":56,"minecraft:iron_pickaxe":1,"minecraft:iron_ingot":4,"minecraft:stone_sword":1,"iceandfire:silver_sword":1,"minecraft:coal":9,"vanillaplustools:stone_hammer":1,"ecologics:coconut_planks":28,"minecraft:furnace":1,"minecraft:leather":6,"born_in_chaos_v1:fried_maggot":1,"minecraft:stone_pickaxe":12,"quark:spruce_chest":2,"ecologics:coconut_boat":1,"sophisticatedbackpacks:iron_backpack":1,"minecraft:cooked_beef":1,"iceandfire:silver_ingot":53,"minecraft:cooked_salmon":1,"minecraft:bucket":1,"minecraft:stone_axe":1,"minecraft:air":0,"iceandfire:armor_silver_metal_helmet":1,"minecraft:acacia_planks":4,"minecraft:torch":44},"minecraft:killed_by":{"minecraft:vindicator":1,"iceandfire:ice_dragon":14,"minecraft:husk":2,"minecraft:player":3,"born_in_chaos_v1:decaying_zombie":1,"born_in_chaos_v1:corpse_fish":1,"iceandfire:ghost":4},"minecraft:custom":{"minecraft:interact_with_crafting_table":60,"minecraft:open_barrel":16,"minecraft:eat_cake_slice":2,"minecraft:leave_game":3,"minecraft:time_since_death":14808,"minecraft:sprint_one_cm":318114,"minecraft:damage_blocked_by_shield":2145,"minecraft:drop":84,"minecraft:talked_to_villager":1,"minecraft:play_time":192642,"minecraft:deaths":28,"minecraft:jump":1989,"minecraft:walk_on_water_one_cm":79351,"minecraft:interact_with_furnace":21,"minecraft:sleep_in_bed":3,"minecraft:damage_dealt":11498,"minecraft:player_kills":2,"minecraft:crouch_one_cm":22364,"tombstone:undead_killed":17,"minecraft:mob_kills":43,"minecraft:climb_one_cm":2409,"minecraft:walk_one_cm":387963,"minecraft:sneak_time":7154,"minecraft:walk_under_water_one_cm":60426,"minecraft:boat_one_cm":141366,"minecraft:interact_with_blast_furnace":16,"minecraft:total_world_time":192642,"tombstone:raider_killed":6,"minecraft:interact_with_stonecutter":1,"minecraft:time_since_rest":14653,"minecraft:damage_taken":11277,"minecraft:damage_absorbed":40,"minecraft:trigger_trapped_chest":5,"minecraft:swim_one_cm":63373,"minecraft:fly_one_cm":276382,"minecraft:open_chest":63,"minecraft:fall_one_cm":38078}},"DataVersion":3465}