{"stats":{"minecraft:broken":{"minecraft:shield":1,"minecraft:leather_boots":1},"minecraft:mined":{"minecraft:mossy_cobblestone":3,"minecraft:grass_block":2,"ecologics:coconut_leaves":1,"luminousworld:blackberrybush":1,"ecologics:coconut_log":9,"minecraft:spruce_leaves":4,"luminousworld:groundpebbles_3":3,"luminousworld:sunset_petunias":3,"luminousworld:yellow_grassflowers":1,"minecraft:fire":8,"minecraft:nether_brick_stairs":1,"minecraft:stone":5,"minecraft:spruce_slab":7,"minecraft:tripwire":1,"minecraft:oak_slab":1,"iceandfire:dragon_ice_spikes":5,"minecraft:crafting_table":5,"minecraft:blast_furnace":1,"minecraft:tall_grass":1,"minecraft:cobblestone":4,"minecraft:oak_planks":6,"supplementaries:urn":1,"ecologics:seashell":2,"minecraft:ice":2,"minecraft:birch_leaves":1,"minecraft:wither_rose":1,"minecraft:grass":2,"iceandfire:silver_pile":32,"minecraft:coal_ore":1,"ecologics:hanging_coconut":1,"minecraft:sand":7,"luminousworld:grassvariant_3":1,"minecraft:cobweb":4,"minecraft:oak_leaves":1,"minecraft:fern":2},"minecraft:dropped":{"minecraft:iron_ingot":1,"luminousworld:sunset_petunias":3,"minecraft:wheat_seeds":3,"minecraft:crafting_table":1,"minecraft:pitcher_pod":1,"minecraft:emerald":3,"iceandfire:silver_sword":1,"tombstone:grave_dust":1,"minecraft:bone_meal":1,"minecraft:sugar":4,"iceandfire:armor_silver_metal_helmet":1,"minecraft:string":1,"minecraft:stone_sword":2,"born_in_chaos_v1:ethereal_spirit":3,"minecraft:rotten_flesh":1,"aether:leather_gloves":1,"minecraft:glowstone_dust":2,"minecraft:flint_and_steel":1,"luminousworld:yellow_grassflowers":1,"supplementaries:flax_seeds":1,"minecraft:stone":1,"minecraft:bundle":2,"luminousworld:groundpebbles_1":3,"minecraft:melon_seeds":1},"minecraft:used":{"minecraft:flint_and_steel":9,"born_in_chaos_v1:ethereal_spirit":2,"minecraft:spruce_slab":9,"minecraft:spruce_planks":6,"minecraft:shield":45,"minecraft:stone":1,"minecraft:iron_sword":97,"ecologics:coconut_planks":22,"born_in_chaos_v1:fried_maggot":1,"minecraft:rotten_flesh":9,"minecraft:torch":8,"minecraft:dirt":2,"minecraft:spruce_stairs":1,"naturalist:cooked_bass":3,"minecraft:nether_brick_stairs":1,"born_in_chaos_v1:corpse_maggot":1,"quark:spruce_chest":1,"minecraft:furnace":1,"ecologics:coconut_boat":3,"tombstone:gift":5,"minecraft:cooked_beef":1,"minecraft:acacia_planks":4,"naturalist:bass":1,"alexsmobs:cooked_catfish":1,"minecraft:bundle":1,"minecraft:stone_pickaxe":3,"minecraft:oak_planks":4,"luminousworld:yellow_grassflowers":1,"minecraft:salmon":1,"minecraft:white_wool":2,"minecraft:sand":25,"minecraft:oak_slab":1,"minecraft:crafting_table":8,"tombstone:bag_of_seeds":2,"minecraft:apple":1,"minecraft:bread":6,"minecraft:string":1,"minecraft:iron_pickaxe":52,"minecraft:gravel":1,"minecraft:spruce_sapling":1,"minecraft:stone_axe":32,"ecologics:coconut_slice":2,"minecraft:cobblestone":78,"born_in_chaos_v1:rotten_fish":1,"minecraft:purple_bed":2,"minecraft:cooked_porkchop":2,"minecraft:chain":1,"minecraft:pumpkin_pie":1,"alexsmobs:animal_dictionary":3,"minecraft:cobweb":17},"minecraft:picked_up":{"luminousworld:groundpebbles_1":6,"minecraft:crafting_table":6,"illagerinvasion:platinum_chunk":5,"ecologics:seashell":2,"minecraft:wither_rose":1,"ecologics:coconut_boat":1,"iceandfire:manuscript":2,"minecraft:string":7,"minecraft:spruce_slab":7,"minecraft:furnace":1,"iceandfire:ice_dragon_heart":1,"minecraft:stick":2,"iceandfire:dragonbone":10,"minecraft:stone":2,"ecologics:coconut_slice":2,"minecraft:torch":4,"ecologics:coconut_seedling":2,"minecraft:acacia_log":1,"minecraft:spruce_stairs":1,"tombstone:grave_dust":7,"iceandfire:dragon_skull_ice":1,"iceandfire:silver_ingot":13,"minecraft:stone_sword":1,"minecraft:rotten_flesh":16,"luminousworld:yellow_grassflowers":2,"iceandfire:dragonscales_silver":22,"ecologics:coconut_log":7,"minecraft:obsidian":1,"minecraft:white_wool":2,"minecraft:cobblestone":86,"born_in_chaos_v1:corpse_maggot":9,"minecraft:salmon":2,"ecologics:coconut_planks":77,"iceandfire:ectoplasm":2,"minecraft:gunpowder":2,"minecraft:dirt":2,"minecraft:cooked_mutton":8,"naturalist:bass":4,"minecraft:bone":5,"minecraft:apple":1,"minecraft:wheat_seeds":3,"minecraft:cobweb":1,"minecraft:glowstone_dust":2,"alexsmobs:blobfish":1,"minecraft:oak_planks":4,"minecraft:oak_slab":1,"minecraft:sweet_berries":5,"born_in_chaos_v1:ethereal_spirit":3,"minecraft:gravel":1,"luminousworld:sunset_petunias":3,"minecraft:sand":6,"ecologics:coconut_husk":12,"minecraft:blast_furnace":1,"minecraft:nether_brick_stairs":1,"minecraft:spruce_sapling":1,"sophisticatedbackpacks:iron_backpack":1,"minecraft:spruce_log":3,"minecraft:bundle":3,"minecraft:polished_andesite":2,"minecraft:purple_bed":2,"minecraft:sugar":7,"minecraft:bone_meal":2,"iceandfire:ice_dragon_flesh":2,"minecraft:emerald":7,"iceandfire:silver_nugget":428,"minecraft:dark_oak_fence":2,"minecraft:coal":11,"iceandfire:raw_silver":3},"minecraft:crafted":{"ecologics:coconut_planks":28,"naturalist:cooked_bass":4,"iceandfire:armor_silver_metal_leggings":1,"born_in_chaos_v1:fried_maggot":1,"minecraft:stone_pickaxe":1,"alexsmobs:cooked_catfish":1,"quark:spruce_chest":2,"ecologics:coconut_boat":1,"minecraft:cooked_beef":1,"sophisticatedbackpacks:backpack":1,"iceandfire:silver_ingot":50,"minecraft:cooked_porkchop":2,"minecraft:crafting_table":3,"minecraft:spruce_planks":100,"minecraft:stone_axe":1,"minecraft:air":0,"minecraft:iron_chestplate":1,"minecraft:shield":1,"minecraft:stick":16,"minecraft:iron_ingot":1,"minecraft:iron_pickaxe":1,"minecraft:stone_sword":1,"minecraft:acacia_planks":4,"minecraft:torch":4,"iceandfire:silver_sword":1},"minecraft:killed":{"minecraft:witch":1,"undead_revamp2:theimmortal":3,"born_in_chaos_v1:zombie_lumberjack":1,"undead_revamp2:bomber":1,"enemyexpansion:direwolf":1,"creeperoverhaul:spruce_creeper":1,"undead_revamp2:the_moonflower":2,"born_in_chaos_v1:decrepit_skeleton":1,"minecraft:pillager":2,"iceandfire:ghost":2,"born_in_chaos_v1:corpse_fly":4},"minecraft:killed_by":{"minecraft:player":1,"born_in_chaos_v1:decaying_zombie":1,"minecraft:vindicator":1,"iceandfire:ice_dragon":14,"born_in_chaos_v1:corpse_fish":1,"iceandfire:ghost":3},"minecraft:custom":{"minecraft:mob_kills":21,"minecraft:interact_with_crafting_table":34,"minecraft:open_barrel":9,"minecraft:leave_game":3,"minecraft:time_since_death":9948,"minecraft:climb_one_cm":776,"minecraft:sprint_one_cm":207842,"minecraft:walk_one_cm":200544,"minecraft:damage_blocked_by_shield":2145,"minecraft:drop":33,"minecraft:talked_to_villager":1,"minecraft:play_time":90642,"minecraft:deaths":22,"minecraft:sneak_time":2854,"minecraft:walk_under_water_one_cm":33182,"minecraft:boat_one_cm":141366,"minecraft:jump":1150,"minecraft:interact_with_blast_furnace":1,"minecraft:walk_on_water_one_cm":57775,"minecraft:total_world_time":90642,"minecraft:interact_with_furnace":12,"tombstone:raider_killed":3,"minecraft:interact_with_stonecutter":1,"minecraft:sleep_in_bed":3,"minecraft:time_since_rest":9395,"minecraft:damage_taken":7085,"minecraft:trigger_trapped_chest":4,"minecraft:damage_dealt":5630,"minecraft:player_kills":1,"minecraft:swim_one_cm":39855,"minecraft:fly_one_cm":206912,"minecraft:open_chest":56,"minecraft:crouch_one_cm":10785,"tombstone:undead_killed":10,"minecraft:fall_one_cm":19643}},"DataVersion":3465}