{"stats":{"minecraft:killed_by":{"minecraft:player":2,"minecraft:creeper":2,"minecraft:enderman":1,"minecraft:skeleton":7,"minecraft:zombie":6},"minecraft:used":{"minecraft:stone_sword":260,"minecraft:flint_and_steel":18,"minecraft:chest":3,"minecraft:shield":68,"minecraft:iron_sword":161,"minecraft:rotten_flesh":29,"minecraft:cooked_chicken":1,"minecraft:dirt":85,"minecraft:jungle_planks":845,"minecraft:jungle_slab":149,"minecraft:jungle_sapling":10,"minecraft:lava_bucket":1,"minecraft:iron_axe":525,"minecraft:grass_block":31,"minecraft:jungle_log":11,"minecraft:bamboo":13,"minecraft:golden_sword":29,"minecraft:bow":10,"minecraft:oak_sapling":2,"minecraft:furnace":4,"minecraft:cooked_beef":13,"minecraft:powder_snow_bucket":1,"minecraft:bamboo_planks":2,"minecraft:golden_axe":40,"minecraft:golden_boots":1,"minecraft:cooked_mutton":4,"minecraft:water_bucket":4,"minecraft:birch_planks":20,"minecraft:stone_pickaxe":19,"minecraft:jungle_fence":16,"minecraft:oak_planks":3,"minecraft:wooden_pickaxe":10,"minecraft:white_wool":5,"minecraft:crafting_table":16,"minecraft:bamboo_block":1,"minecraft:white_bed":12,"minecraft:oak_log":4,"minecraft:melon_slice":22,"minecraft:iron_pickaxe":24,"minecraft:gravel":6,"minecraft:stone_axe":261,"minecraft:fire_charge":1,"minecraft:cobblestone":5,"minecraft:cooked_porkchop":4,"minecraft:bucket":7,"minecraft:tropical_fish_bucket":1,"minecraft:bone_meal":27,"minecraft:experience_bottle":1},"minecraft:dropped":{"minecraft:water_bucket":3,"minecraft:wheat_seeds":16,"minecraft:jungle_fence":18,"minecraft:leather":2,"minecraft:jungle_planks":2,"minecraft:stick":2,"minecraft:flint":4,"minecraft:lava_bucket":1,"minecraft:dirt":107,"minecraft:wooden_hoe":2,"minecraft:mutton":2,"minecraft:map":1,"minecraft:jungle_sapling":1,"minecraft:oak_stairs":1,"minecraft:gold_nugget":1,"minecraft:iron_pickaxe":1,"minecraft:white_wool":2,"minecraft:tropical_fish_bucket":3,"minecraft:gravel":32,"minecraft:jungle_fence_gate":1,"minecraft:iron_nugget":32,"minecraft:wheat":7,"minecraft:oak_planks":4,"minecraft:pumpkin_seeds":27,"minecraft:flint_and_steel":1,"minecraft:powder_snow_bucket":3,"minecraft:oak_sapling":5,"minecraft:spider_eye":1,"minecraft:bamboo":3,"minecraft:wooden_pickaxe":1,"minecraft:beef":3},"minecraft:killed":{"minecraft:spider":1,"minecraft:skeleton":8,"minecraft:drowned":2,"minecraft:pig":1,"minecraft:zombie_villager":1,"minecraft:creeper":1,"minecraft:sheep":1,"minecraft:zombie":16,"minecraft:cow":2},"minecraft:crafted":{"minecraft:oak_planks":60,"minecraft:jungle_fence_gate":1,"minecraft:furnace":2,"minecraft:bone_meal":33,"minecraft:bamboo_block":15,"minecraft:iron_axe":3,"minecraft:stone_pickaxe":1,"minecraft:chest":2,"minecraft:jungle_fence":24,"minecraft:cooked_beef":2,"minecraft:cooked_porkchop":5,"minecraft:crafting_table":8,"minecraft:wooden_pickaxe":1,"minecraft:iron_sword":1,"minecraft:pumpkin_seeds":20,"minecraft:birch_planks":28,"minecraft:stone_axe":2,"minecraft:jungle_slab":408,"minecraft:air":0,"minecraft:jungle_planks":1088,"minecraft:bamboo_planks":30,"minecraft:shield":2,"minecraft:stick":40,"minecraft:iron_ingot":1,"minecraft:iron_pickaxe":1,"minecraft:stone_sword":5,"minecraft:gold_ingot":5,"minecraft:white_bed":2},"minecraft:mined":{"minecraft:white_bed":11,"minecraft:jungle_slab":24,"minecraft:jungle_leaves":245,"minecraft:grass_block":5,"minecraft:jungle_planks":143,"minecraft:jungle_log":251,"minecraft:bamboo_block":1,"minecraft:furnace":2,"minecraft:jungle_sapling":1,"minecraft:fire":14,"minecraft:pumpkin":4,"minecraft:gold_block":1,"minecraft:vine":98,"minecraft:oak_stairs":1,"minecraft:stripped_jungle_log":2,"minecraft:bamboo_sapling":1,"minecraft:bamboo":389,"minecraft:stone":40,"minecraft:podzol":1,"minecraft:kelp_plant":1,"minecraft:crafting_table":9,"minecraft:short_grass":81,"minecraft:melon":7,"minecraft:chest":1,"minecraft:copper_ore":4,"minecraft:oak_planks":1,"minecraft:bamboo_planks":2,"minecraft:birch_log":7,"minecraft:jungle_fence":12,"minecraft:oak_log":22,"minecraft:dirt":8,"minecraft:oak_leaves":62,"minecraft:fern":29},"minecraft:broken":{"minecraft:golden_boots":1,"minecraft:stone_sword":3,"minecraft:shield":1,"minecraft:golden_sword":1,"minecraft:golden_axe":1,"minecraft:iron_axe":1,"minecraft:stone_axe":2},"minecraft:custom":{"minecraft:mob_kills":34,"minecraft:animals_bred":1,"minecraft:interact_with_crafting_table":36,"minecraft:time_since_death":11710,"minecraft:climb_one_cm":49251,"minecraft:sprint_one_cm":514452,"minecraft:walk_one_cm":539398,"minecraft:damage_blocked_by_shield":4859,"minecraft:drop":70,"minecraft:play_time":243180,"minecraft:deaths":24,"minecraft:sneak_time":38906,"minecraft:walk_under_water_one_cm":48812,"minecraft:boat_one_cm":103608,"minecraft:jump":3335,"minecraft:walk_on_water_one_cm":27587,"minecraft:total_world_time":243180,"minecraft:interact_with_furnace":12,"minecraft:sleep_in_bed":13,"minecraft:time_since_rest":11738,"minecraft:damage_taken":9271,"minecraft:damage_dealt":6523,"minecraft:player_kills":3,"minecraft:swim_one_cm":67083,"minecraft:fly_one_cm":489761,"minecraft:open_chest":26,"minecraft:crouch_one_cm":128809,"minecraft:fall_one_cm":100823},"minecraft:picked_up":{"minecraft:crafting_table":21,"minecraft:oak_stairs":2,"minecraft:gold_block":8,"minecraft:golden_shovel":9,"minecraft:shield":15,"minecraft:golden_sword":10,"minecraft:string":16,"minecraft:raw_copper":180,"minecraft:iron_axe":7,"minecraft:flint_and_steel":18,"minecraft:experience_bottle":1,"minecraft:gold_nugget":1,"minecraft:beef":21,"minecraft:jungle_sapling":16,"minecraft:iron_nugget":64,"minecraft:iron_pickaxe":27,"minecraft:melon_slice":66,"minecraft:chest":1,"minecraft:furnace":6,"minecraft:stick":80,"minecraft:oak_fence":48,"minecraft:porkchop":13,"minecraft:golden_axe":3,"minecraft:rotten_flesh":112,"minecraft:bamboo_block":35,"minecraft:stone_sword":5,"minecraft:arrow":65,"minecraft:golden_hoe":10,"minecraft:gold_ingot":45,"minecraft:mutton":2,"minecraft:white_wool":20,"minecraft:cobblestone":139,"minecraft:birch_log":14,"minecraft:feather":65,"minecraft:cooked_beef":56,"minecraft:salmon":2,"minecraft:water_bucket":4,"minecraft:jungle_log":939,"minecraft:leather":15,"minecraft:jungle_fence":172,"minecraft:powder_snow_bucket":4,"minecraft:filled_map":3,"minecraft:birch_planks":123,"minecraft:flint":8,"minecraft:oak_log":19,"minecraft:golden_boots":17,"minecraft:gunpowder":12,"minecraft:wooden_hoe":2,"minecraft:map":4,"minecraft:dirt":400,"minecraft:cooked_mutton":8,"minecraft:bone":47,"minecraft:bow":6,"minecraft:wheat_seeds":87,"minecraft:cooked_chicken":1,"minecraft:stone_pickaxe":2,"minecraft:iron_ingot":349,"minecraft:bamboo":4378,"minecraft:iron_sword":8,"minecraft:oak_planks":20,"minecraft:tropical_fish_bucket":4,"minecraft:bamboo_planks":242,"minecraft:pumpkin":5,"minecraft:gravel":121,"minecraft:lava_bucket":2,"minecraft:jungle_planks":935,"minecraft:white_bed":25,"minecraft:jungle_slab":1273,"minecraft:spider_eye":5,"minecraft:stripped_jungle_log":2,"minecraft:diamond_shovel":9,"minecraft:pumpkin_seeds":47,"minecraft:stone_axe":9,"minecraft:bone_meal":52,"minecraft:emerald":72,"minecraft:oak_sapling":7,"minecraft:coal":84}},"DataVersion":3953}