{"stats":{"minecraft:killed_by":{"minecraft:player":1,"minecraft:creeper":1,"minecraft:zombie":2},"minecraft:used":{"minecraft:cooked_mutton":4,"minecraft:water_bucket":4,"minecraft:stone_sword":21,"minecraft:flint_and_steel":13,"minecraft:birch_planks":3,"minecraft:stone_pickaxe":19,"minecraft:oak_planks":3,"minecraft:shield":25,"minecraft:wooden_pickaxe":10,"minecraft:cooked_chicken":1,"minecraft:white_wool":5,"minecraft:dirt":30,"minecraft:crafting_table":4,"minecraft:white_bed":5,"minecraft:oak_log":1,"minecraft:jungle_sapling":1,"minecraft:lava_bucket":1,"minecraft:melon_slice":10,"minecraft:grass_block":31,"minecraft:jungle_log":8,"minecraft:iron_pickaxe":1,"minecraft:bamboo":5,"minecraft:golden_sword":10,"minecraft:stone_axe":70,"minecraft:fire_charge":1,"minecraft:furnace":2,"minecraft:cooked_porkchop":3,"minecraft:bucket":7,"minecraft:tropical_fish_bucket":1,"minecraft:bone_meal":27,"minecraft:powder_snow_bucket":1,"minecraft:golden_axe":21},"minecraft:dropped":{"minecraft:water_bucket":3,"minecraft:wheat_seeds":8,"minecraft:iron_nugget":16,"minecraft:wheat":7,"minecraft:leather":2,"minecraft:flint":4,"minecraft:lava_bucket":1,"minecraft:dirt":2,"minecraft:powder_snow_bucket":3,"minecraft:mutton":2,"minecraft:gold_nugget":1,"minecraft:oak_stairs":1,"minecraft:beef":3,"minecraft:wooden_pickaxe":1,"minecraft:white_wool":2,"minecraft:tropical_fish_bucket":3},"minecraft:killed":{"minecraft:pig":1,"minecraft:sheep":1,"minecraft:skeleton":3,"minecraft:zombie":4,"minecraft:drowned":2,"minecraft:cow":1},"minecraft:mined":{"minecraft:white_bed":3,"minecraft:jungle_leaves":1,"minecraft:crafting_table":2,"minecraft:short_grass":17,"minecraft:grass_block":5,"minecraft:melon":6,"minecraft:jungle_log":11,"minecraft:copper_ore":4,"minecraft:oak_planks":1,"minecraft:furnace":1,"minecraft:birch_log":7,"minecraft:fire":10,"minecraft:vine":1,"minecraft:gold_block":1,"minecraft:oak_log":19,"minecraft:oak_stairs":1,"minecraft:dirt":4,"minecraft:bamboo_sapling":1,"minecraft:bamboo":15,"minecraft:stone":22,"minecraft:oak_leaves":19,"minecraft:fern":3},"minecraft:crafted":{"minecraft:oak_planks":60,"minecraft:cooked_porkchop":3,"minecraft:crafting_table":4,"minecraft:wooden_pickaxe":1,"minecraft:furnace":1,"minecraft:bone_meal":27,"minecraft:birch_planks":28,"minecraft:stone_axe":1,"minecraft:air":0,"minecraft:shield":1,"minecraft:stick":12,"minecraft:iron_ingot":1,"minecraft:iron_pickaxe":1,"minecraft:stone_pickaxe":1,"minecraft:stone_sword":1,"minecraft:gold_ingot":5,"minecraft:white_bed":2},"minecraft:custom":{"minecraft:interact_with_furnace":7,"minecraft:mob_kills":12,"minecraft:animals_bred":1,"minecraft:interact_with_crafting_table":11,"minecraft:time_since_death":21034,"minecraft:sleep_in_bed":4,"minecraft:climb_one_cm":1185,"minecraft:time_since_rest":6380,"minecraft:sprint_one_cm":129339,"minecraft:damage_taken":2667,"minecraft:walk_one_cm":143148,"minecraft:damage_blocked_by_shield":1364,"minecraft:drop":33,"minecraft:damage_dealt":2783,"minecraft:swim_one_cm":43644,"minecraft:fly_one_cm":148929,"minecraft:player_kills":3,"minecraft:open_chest":4,"minecraft:crouch_one_cm":3798,"minecraft:play_time":63180,"minecraft:deaths":7,"minecraft:sneak_time":1888,"minecraft:walk_under_water_one_cm":34074,"minecraft:boat_one_cm":103608,"minecraft:jump":1103,"minecraft:walk_on_water_one_cm":9525,"minecraft:total_world_time":63180,"minecraft:fall_one_cm":19679},"minecraft:picked_up":{"minecraft:birch_log":14,"minecraft:crafting_table":3,"minecraft:jungle_log":62,"minecraft:water_bucket":4,"minecraft:salmon":2,"minecraft:leather":7,"minecraft:powder_snow_bucket":4,"minecraft:birch_planks":75,"minecraft:oak_stairs":2,"minecraft:filled_map":2,"minecraft:gold_block":2,"minecraft:golden_shovel":3,"minecraft:flint":4,"minecraft:oak_log":16,"minecraft:golden_boots":3,"minecraft:golden_sword":4,"minecraft:shield":4,"minecraft:dirt":67,"minecraft:raw_copper":60,"minecraft:flint_and_steel":4,"minecraft:cooked_mutton":8,"minecraft:bone":14,"minecraft:wheat_seeds":23,"minecraft:gold_nugget":1,"minecraft:iron_ingot":16,"minecraft:beef":7,"minecraft:stone_pickaxe":2,"minecraft:cooked_chicken":1,"minecraft:jungle_sapling":1,"minecraft:iron_nugget":40,"minecraft:iron_pickaxe":3,"minecraft:bamboo":303,"minecraft:melon_slice":49,"minecraft:oak_planks":12,"minecraft:furnace":4,"minecraft:tropical_fish_bucket":4,"minecraft:stick":25,"minecraft:lava_bucket":2,"minecraft:porkchop":13,"minecraft:golden_axe":2,"minecraft:white_bed":7,"minecraft:spider_eye":2,"minecraft:arrow":9,"minecraft:stone_sword":2,"minecraft:rotten_flesh":36,"minecraft:stone_axe":4,"minecraft:golden_hoe":3,"minecraft:emerald":48,"minecraft:gold_ingot":15,"minecraft:coal":28,"minecraft:mutton":2,"minecraft:white_wool":13,"minecraft:cobblestone":44}},"DataVersion":3953}