{"stats":{"minecraft:used":{"minecraft:beetroot":1,"minecraft:poppy":2,"minecraft:chest":12,"minecraft:shield":175,"minecraft:iron_sword":624,"minecraft:rotten_flesh":104,"minecraft:mutton":1,"minecraft:jungle_planks":1567,"minecraft:carrot":61,"minecraft:jungle_slab":366,"minecraft:tuff":2,"minecraft:jungle_sapling":31,"minecraft:lava_bucket":1,"minecraft:grass_block":31,"minecraft:golden_sword":29,"minecraft:bow":92,"minecraft:oak_sapling":26,"minecraft:furnace":5,"minecraft:cooked_cod":1,"minecraft:beetroot_seeds":3,"minecraft:egg":5,"minecraft:potato":145,"minecraft:golden_boots":7,"minecraft:diorite":3,"minecraft:bamboo_mosaic":27,"minecraft:chorus_fruit":4,"minecraft:oak_planks":4,"minecraft:stone_pickaxe":19,"minecraft:jungle_fence":16,"minecraft:ender_pearl":4,"minecraft:leather_chestplate":3,"minecraft:wooden_pickaxe":10,"minecraft:composter":4,"minecraft:chainmail_helmet":1,"minecraft:diamond_axe":191,"minecraft:jungle_boat":2,"minecraft:glow_berries":5,"minecraft:white_wool":5,"minecraft:golden_apple":3,"minecraft:crossbow":29,"minecraft:melon_slice":22,"minecraft:bread":16,"minecraft:gravel":14,"minecraft:golden_helmet":5,"minecraft:fire_charge":1,"minecraft:andesite":16,"minecraft:tropical_fish_bucket":1,"minecraft:bone_meal":53,"minecraft:experience_bottle":1,"minecraft:jungle_leaves":6,"minecraft:stone_sword":260,"minecraft:flint_and_steel":24,"minecraft:stone_shovel":150,"minecraft:bamboo_door":11,"minecraft:cooked_chicken":7,"minecraft:torch":54,"minecraft:dirt":507,"minecraft:diamond_helmet":2,"minecraft:jungle_trapdoor":1,"minecraft:granite":10,"minecraft:iron_hoe":202,"minecraft:bamboo_fence":58,"minecraft:iron_axe":2078,"minecraft:jungle_log":74,"minecraft:iron_boots":2,"minecraft:totem_of_undying":1,"minecraft:bamboo":919,"minecraft:diamond_chestplate":4,"minecraft:golden_carrot":16,"minecraft:cooked_beef":41,"minecraft:cobbled_deepslate":91,"minecraft:powder_snow_bucket":1,"minecraft:brown_bed":2,"minecraft:bamboo_planks":848,"minecraft:golden_axe":72,"minecraft:iron_leggings":2,"minecraft:wheat_seeds":18,"minecraft:cooked_mutton":13,"minecraft:water_bucket":23,"minecraft:birch_planks":20,"minecraft:glass_bottle":14,"minecraft:baked_potato":27,"minecraft:fletching_table":4,"minecraft:crafting_table":28,"minecraft:red_bed":1,"minecraft:bamboo_block":35,"minecraft:white_bed":17,"minecraft:campfire":6,"minecraft:oak_log":5,"minecraft:ender_eye":1,"minecraft:apple":5,"minecraft:diamond_shovel":206,"minecraft:iron_pickaxe":453,"minecraft:leather_helmet":1,"minecraft:bamboo_slab":155,"minecraft:golden_leggings":4,"minecraft:stone_axe":261,"minecraft:fishing_rod":22,"minecraft:cobblestone":203,"minecraft:white_banner":2,"minecraft:cooked_porkchop":7,"minecraft:bucket":27,"minecraft:yellow_bed":2,"minecraft:diamond_leggings":2,"minecraft:sculk_catalyst":1},"minecraft:killed":{"minecraft:witch":1,"minecraft:spider":11,"minecraft:skeleton":24,"minecraft:pig":1,"minecraft:zombie_villager":2,"minecraft:iron_golem":1,"minecraft:creeper":5,"minecraft:sheep":2,"minecraft:pillager":9,"minecraft:zombie":29,"minecraft:cow":2,"minecraft:evoker":1,"minecraft:vindicator":2,"minecraft:drowned":4,"minecraft:enderman":22},"minecraft:broken":{"minecraft:golden_helmet":1,"minecraft:golden_boots":2,"minecraft:golden_leggings":1,"minecraft:diamond_boots":1,"minecraft:golden_sword":1,"minecraft:stone_axe":2,"minecraft:iron_sword":3,"minecraft:fishing_rod":1,"minecraft:stone_shovel":1,"minecraft:stone_sword":3,"minecraft:leather_chestplate":1,"minecraft:shield":3,"minecraft:golden_axe":2,"minecraft:iron_axe":8,"minecraft:iron_pickaxe":2},"minecraft:mined":{"minecraft:white_bed":16,"minecraft:oak_sapling":1,"minecraft:farmland":2,"minecraft:jungle_slab":87,"minecraft:jungle_leaves":548,"minecraft:granite":12,"minecraft:grass_block":75,"minecraft:jungle_log":621,"minecraft:bamboo_block":29,"minecraft:sculk_catalyst":1,"minecraft:iron_ore":4,"minecraft:fire":42,"minecraft:pumpkin":4,"minecraft:deepslate_lapis_ore":7,"minecraft:brown_bed":1,"minecraft:dirt_path":1,"minecraft:oak_stairs":1,"minecraft:white_banner":2,"minecraft:bamboo_slab":35,"minecraft:kelp_plant":1,"minecraft:torch":2,"minecraft:melon":7,"minecraft:chest":2,"minecraft:cobblestone":16,"minecraft:bamboo_mosaic":27,"minecraft:oak_planks":14,"minecraft:deepslate_copper_ore":3,"minecraft:bamboo_planks":109,"minecraft:birch_log":7,"minecraft:wheat":33,"minecraft:oak_log":168,"minecraft:beetroots":2,"minecraft:dirt":156,"minecraft:oak_leaves":202,"minecraft:deepslate":130,"minecraft:tuff":2,"minecraft:bamboo_fence":8,"minecraft:bamboo_door":1,"minecraft:jungle_planks":673,"minecraft:hay_block":4,"minecraft:furnace":2,"minecraft:carrots":28,"minecraft:jungle_sapling":3,"minecraft:gold_block":1,"minecraft:potatoes":54,"minecraft:deepslate_iron_ore":3,"minecraft:vine":173,"minecraft:stripped_jungle_log":5,"minecraft:bamboo_sapling":21,"minecraft:bamboo":658,"minecraft:stone":249,"minecraft:podzol":1,"minecraft:crafting_table":16,"minecraft:short_grass":199,"minecraft:campfire":1,"minecraft:tall_grass":1,"minecraft:copper_ore":21,"minecraft:diorite":4,"minecraft:jungle_fence":16,"minecraft:yellow_bed":6,"minecraft:coal_ore":1,"minecraft:gravel":12,"minecraft:stone_bricks":1,"minecraft:fern":42},"minecraft:picked_up":{"minecraft:iron_chestplate":1,"minecraft:wheat":30,"minecraft:diamond_sword":2,"minecraft:oak_stairs":2,"minecraft:brown_bed":3,"minecraft:golden_shovel":9,"minecraft:golden_sword":10,"minecraft:string":92,"minecraft:raw_copper":394,"minecraft:iron_leggings":7,"minecraft:pufferfish":2,"minecraft:experience_bottle":1,"minecraft:beetroot":2,"minecraft:diamond_leggings":4,"minecraft:gold_nugget":1,"minecraft:cobbled_deepslate":369,"minecraft:bucket":6,"minecraft:ender_eye":1,"minecraft:iron_pickaxe":60,"minecraft:melon_slice":66,"minecraft:furnace":6,"minecraft:iron_boots":12,"minecraft:golden_helmet":13,"minecraft:stick":3318,"minecraft:jungle_door":6,"minecraft:oak_fence":84,"minecraft:torch":78,"minecraft:bamboo_slab":68,"minecraft:porkchop":13,"minecraft:golden_axe":3,"minecraft:diorite":4,"minecraft:bamboo_door":11,"minecraft:golden_chestplate":1,"minecraft:orange_bed":2,"minecraft:bamboo_block":258,"minecraft:stone_sword":5,"minecraft:rotten_flesh":263,"minecraft:iron_block":86,"minecraft:obsidian":31,"minecraft:cod":1,"minecraft:cobblestone":1078,"minecraft:birch_log":14,"minecraft:leather_chestplate":18,"minecraft:feather":67,"minecraft:cooked_beef":141,"minecraft:water_bucket":6,"minecraft:andesite":128,"minecraft:jungle_log":2353,"minecraft:golden_leggings":12,"minecraft:powder_snow_bucket":4,"minecraft:potato":171,"minecraft:flint":36,"minecraft:tuff":130,"minecraft:map":4,"minecraft:lapis_lazuli":63,"minecraft:dirt":1596,"minecraft:bone":508,"minecraft:bow":21,"minecraft:wheat_seeds":197,"minecraft:fletching_table":1,"minecraft:diamond_helmet":5,"minecraft:glowstone_dust":1,"minecraft:bamboo":10215,"minecraft:oak_planks":68,"minecraft:cooked_porkchop":6,"minecraft:axolotl_bucket":5,"minecraft:jungle_planks":3539,"minecraft:grass_block":1,"minecraft:jungle_slab":1906,"minecraft:spectral_arrow":83,"minecraft:jungle_leaves":6,"minecraft:iron_hoe":8,"minecraft:crossbow":12,"minecraft:granite":14,"minecraft:bone_meal":52,"minecraft:golden_apple":84,"minecraft:emerald":75,"minecraft:chainmail_helmet":9,"minecraft:bread":8,"minecraft:oak_sapling":74,"minecraft:chorus_fruit":8,"minecraft:diamond_pickaxe":3,"minecraft:fishing_rod":2,"minecraft:charcoal":2,"minecraft:crafting_table":33,"minecraft:ominous_bottle":1,"minecraft:gold_block":9,"minecraft:shield":39,"minecraft:dragon_breath":28,"minecraft:red_bed":2,"minecraft:moss_carpet":2,"minecraft:iron_axe":32,"minecraft:flint_and_steel":23,"minecraft:beef":44,"minecraft:oak_boat":2,"minecraft:jungle_sapling":59,"minecraft:iron_nugget":67,"minecraft:poppy":2,"minecraft:sugar_cane":3,"minecraft:chest":8,"minecraft:birch_sapling":2,"minecraft:egg":5,"minecraft:raw_iron":6,"minecraft:end_stone":3,"minecraft:carrot":94,"minecraft:redstone":34,"minecraft:stone_shovel":4,"minecraft:arrow":741,"minecraft:diamond_chestplate":13,"minecraft:cooked_cod":1,"minecraft:beetroot_seeds":7,"minecraft:golden_hoe":10,"minecraft:diamond_boots":4,"minecraft:hay_block":4,"minecraft:totem_of_undying":14,"minecraft:saddle":3,"minecraft:gold_ingot":61,"minecraft:glow_berries":10,"minecraft:mutton":3,"minecraft:white_wool":30,"minecraft:jungle_boat":8,"minecraft:golden_carrot":41,"minecraft:salmon":2,"minecraft:leather":27,"minecraft:jungle_fence":176,"minecraft:filled_map":3,"minecraft:birch_planks":123,"minecraft:oak_log":280,"minecraft:golden_boots":34,"minecraft:yellow_bed":2,"minecraft:gunpowder":66,"minecraft:wooden_hoe":2,"minecraft:paper":2,"minecraft:white_banner":25,"minecraft:cooked_mutton":19,"minecraft:apple":8,"minecraft:heart_of_the_sea":3,"minecraft:iron_ingot":1348,"minecraft:stone_pickaxe":2,"minecraft:cooked_chicken":10,"minecraft:glass_bottle":50,"minecraft:iron_sword":30,"minecraft:sculk_catalyst":1,"minecraft:tropical_fish_bucket":4,"minecraft:bamboo_fence":9,"minecraft:bamboo_planks":369,"minecraft:pumpkin":5,"minecraft:gravel":263,"minecraft:lava_bucket":2,"minecraft:white_bed":31,"minecraft:spider_eye":27,"minecraft:leather_helmet":6,"minecraft:bamboo_mosaic":27,"minecraft:stripped_jungle_log":5,"minecraft:diamond_shovel":21,"minecraft:pumpkin_seeds":47,"minecraft:stone_axe":9,"minecraft:iron_helmet":6,"minecraft:diamond_axe":1,"minecraft:baked_potato":313,"minecraft:coal":267,"minecraft:ender_pearl":39},"minecraft:crafted":{"minecraft:oak_planks":60,"minecraft:jungle_fence_gate":1,"minecraft:bamboo_door":6,"minecraft:bamboo_block":633,"minecraft:iron_boots":1,"minecraft:chest":6,"minecraft:golden_axe":1,"minecraft:arrow":32,"minecraft:emerald":57,"minecraft:cooked_porkchop":5,"minecraft:diamond_axe":1,"minecraft:crafting_table":14,"minecraft:jungle_boat":4,"minecraft:wooden_pickaxe":1,"minecraft:baked_potato":3,"minecraft:birch_planks":28,"minecraft:pumpkin_seeds":20,"minecraft:campfire":6,"minecraft:bamboo_planks":1104,"minecraft:iron_chestplate":1,"minecraft:emerald_block":4,"minecraft:shield":6,"minecraft:stick":828,"minecraft:iron_ingot":112,"minecraft:iron_pickaxe":2,"minecraft:iron_block":7,"minecraft:stone_sword":5,"minecraft:gold_ingot":5,"minecraft:composter":4,"minecraft:golden_carrot":33,"minecraft:stone_shovel":1,"minecraft:fishing_rod":4,"minecraft:bamboo_mosaic":54,"minecraft:bamboo_fence":54,"minecraft:furnace":3,"minecraft:jungle_trapdoor":2,"minecraft:bone_meal":33,"minecraft:iron_axe":9,"minecraft:iron_hoe":2,"minecraft:stone_pickaxe":1,"minecraft:jungle_fence":24,"minecraft:wheat":36,"minecraft:cooked_beef":5,"minecraft:iron_sword":4,"minecraft:bucket":3,"minecraft:stone_axe":2,"minecraft:jungle_slab":1096,"minecraft:bread":12,"minecraft:air":0,"minecraft:jungle_planks":2276,"minecraft:bamboo_slab":246,"minecraft:gold_nugget":270,"minecraft:iron_leggings":1,"minecraft:white_bed":2,"minecraft:torch":68,"minecraft:lapis_lazuli":18},"minecraft:killed_by":{"minecraft:evoker":1,"minecraft:creeper":5,"minecraft:ravager":2,"minecraft:vindicator":2,"minecraft:zombie":10,"minecraft:vex":1,"minecraft:player":4,"minecraft:spider":3,"minecraft:enderman":2,"minecraft:skeleton":18},"minecraft:custom":{"minecraft:animals_bred":3,"minecraft:interact_with_crafting_table":133,"minecraft:bell_ring":8,"minecraft:leave_game":5,"minecraft:time_since_death":5688,"minecraft:sprint_one_cm":1727533,"minecraft:damage_blocked_by_shield":11570,"minecraft:drop":226,"minecraft:talked_to_villager":58,"minecraft:play_time":722577,"minecraft:deaths":58,"minecraft:jump":9676,"minecraft:walk_on_water_one_cm":82836,"minecraft:enchant_item":2,"minecraft:interact_with_furnace":25,"minecraft:traded_with_villager":59,"minecraft:sleep_in_bed":28,"minecraft:damage_dealt":25669,"minecraft:player_kills":3,"minecraft:crouch_one_cm":343982,"minecraft:interact_with_anvil":1,"minecraft:mob_kills":120,"minecraft:interact_with_campfire":34,"minecraft:climb_one_cm":113210,"minecraft:walk_one_cm":1893296,"minecraft:sneak_time":106586,"minecraft:walk_under_water_one_cm":62555,"minecraft:boat_one_cm":113892,"minecraft:interact_with_blast_furnace":3,"minecraft:total_world_time":722577,"minecraft:time_since_rest":5715,"minecraft:damage_absorbed":138,"minecraft:damage_taken":26994,"minecraft:swim_one_cm":94168,"minecraft:fly_one_cm":1538690,"minecraft:open_chest":405,"minecraft:fish_caught":3,"minecraft:fall_one_cm":284570},"minecraft:dropped":{"minecraft:iron_sword":3,"minecraft:ominous_bottle":1,"minecraft:cooked_beef":1,"minecraft:baked_potato":8,"minecraft:ender_pearl":48,"minecraft:glass_bottle":2,"minecraft:cooked_porkchop":2,"minecraft:jungle_fence":18,"minecraft:crossbow":5,"minecraft:glow_berries":5,"minecraft:leather":2,"minecraft:jungle_planks":2,"minecraft:fletching_table":1,"minecraft:flint":4,"minecraft:dirt":145,"minecraft:mutton":2,"minecraft:jungle_sapling":1,"minecraft:gold_nugget":1,"minecraft:bone_meal":10,"minecraft:bone_block":1,"minecraft:iron_pickaxe":1,"minecraft:white_wool":16,"minecraft:tropical_fish_bucket":3,"minecraft:bone":16,"minecraft:gravel":48,"minecraft:cooked_chicken":4,"minecraft:iron_nugget":32,"minecraft:cobbled_deepslate":205,"minecraft:wheat":12,"minecraft:rotten_flesh":11,"minecraft:oak_planks":4,"minecraft:bamboo_door":4,"minecraft:jungle_trapdoor":1,"minecraft:carrot":1,"minecraft:poppy":2,"minecraft:gunpowder":9,"minecraft:beetroot_seeds":2,"minecraft:arrow":28,"minecraft:beef":3,"minecraft:water_bucket":3,"minecraft:iron_ingot":5,"minecraft:wheat_seeds":27,"minecraft:dripstone_block":1,"minecraft:diamond_leggings":2,"minecraft:iron_helmet":1,"minecraft:spectral_arrow":90,"minecraft:granite":4,"minecraft:golden_apple":20,"minecraft:stick":236,"minecraft:pufferfish":2,"minecraft:lava_bucket":1,"minecraft:iron_block":64,"minecraft:jungle_slab":64,"minecraft:golden_carrot":17,"minecraft:wooden_hoe":2,"minecraft:map":1,"minecraft:diamond_helmet":3,"minecraft:iron_leggings":2,"minecraft:oak_stairs":1,"minecraft:heart_of_the_sea":1,"minecraft:iron_axe":2,"minecraft:jungle_boat":1,"minecraft:string":2,"minecraft:jungle_fence_gate":1,"minecraft:tuff":192,"minecraft:stone_shovel":1,"minecraft:iron_boots":1,"minecraft:totem_of_undying":2,"minecraft:pumpkin_seeds":27,"minecraft:flint_and_steel":1,"minecraft:diamond_sword":2,"minecraft:bamboo_fence":2,"minecraft:potato":16,"minecraft:powder_snow_bucket":3,"minecraft:diamond_chestplate":4,"minecraft:diamond_pickaxe":1,"minecraft:iron_chestplate":3,"minecraft:andesite":1,"minecraft:oak_sapling":5,"minecraft:spider_eye":1,"minecraft:bamboo":31,"minecraft:diamond_boots":2,"minecraft:wooden_pickaxe":1}},"DataVersion":3953}