{"stats":{"minecraft:dropped":{"minecraft:water_bucket":3,"minecraft:wheat_seeds":16,"minecraft:ominous_bottle":1,"minecraft:cooked_beef":1,"minecraft:baked_potato":8,"minecraft:jungle_fence":18,"minecraft:glow_berries":5,"minecraft:leather":2,"minecraft:jungle_planks":2,"minecraft:flint":4,"minecraft:stick":2,"minecraft:lava_bucket":1,"minecraft:dirt":123,"minecraft:wooden_hoe":2,"minecraft:mutton":2,"minecraft:map":1,"minecraft:jungle_sapling":1,"minecraft:oak_stairs":1,"minecraft:gold_nugget":1,"minecraft:bone_meal":10,"minecraft:heart_of_the_sea":1,"minecraft:iron_pickaxe":1,"minecraft:white_wool":2,"minecraft:tropical_fish_bucket":3,"minecraft:bone":15,"minecraft:gravel":32,"minecraft:jungle_fence_gate":1,"minecraft:iron_nugget":32,"minecraft:wheat":7,"minecraft:rotten_flesh":4,"minecraft:oak_planks":4,"minecraft:pumpkin_seeds":27,"minecraft:flint_and_steel":1,"minecraft:powder_snow_bucket":3,"minecraft:iron_chestplate":2,"minecraft:oak_sapling":5,"minecraft:spider_eye":1,"minecraft:bamboo":3,"minecraft:wooden_pickaxe":1,"minecraft:beef":3},"minecraft:killed_by":{"minecraft:player":3,"minecraft:creeper":5,"minecraft:spider":3,"minecraft:enderman":1,"minecraft:skeleton":18,"minecraft:zombie":8},"minecraft:used":{"minecraft:stone_sword":260,"minecraft:flint_and_steel":24,"minecraft:chest":8,"minecraft:shield":122,"minecraft:iron_sword":262,"minecraft:bamboo_door":5,"minecraft:cooked_chicken":1,"minecraft:rotten_flesh":62,"minecraft:torch":50,"minecraft:dirt":341,"minecraft:mutton":1,"minecraft:jungle_planks":1284,"minecraft:jungle_slab":306,"minecraft:jungle_sapling":24,"minecraft:iron_hoe":40,"minecraft:lava_bucket":1,"minecraft:bamboo_fence":7,"minecraft:iron_axe":1531,"minecraft:grass_block":31,"minecraft:jungle_log":55,"minecraft:golden_sword":29,"minecraft:bamboo":426,"minecraft:bow":21,"minecraft:oak_sapling":18,"minecraft:furnace":4,"minecraft:egg":1,"minecraft:potato":1,"minecraft:cooked_beef":27,"minecraft:cobbled_deepslate":6,"minecraft:powder_snow_bucket":1,"minecraft:golden_axe":72,"minecraft:bamboo_planks":148,"minecraft:golden_boots":7,"minecraft:wheat_seeds":3,"minecraft:cooked_mutton":13,"minecraft:water_bucket":4,"minecraft:baked_potato":24,"minecraft:birch_planks":20,"minecraft:oak_planks":4,"minecraft:stone_pickaxe":19,"minecraft:jungle_fence":16,"minecraft:leather_chestplate":3,"minecraft:wooden_pickaxe":10,"minecraft:white_wool":5,"minecraft:glow_berries":5,"minecraft:crafting_table":22,"minecraft:bamboo_block":23,"minecraft:white_bed":12,"minecraft:oak_log":5,"minecraft:apple":3,"minecraft:diamond_shovel":206,"minecraft:melon_slice":22,"minecraft:iron_pickaxe":69,"minecraft:leather_helmet":1,"minecraft:bamboo_slab":37,"minecraft:gravel":6,"minecraft:golden_leggings":4,"minecraft:golden_helmet":5,"minecraft:stone_axe":261,"minecraft:fire_charge":1,"minecraft:cobblestone":6,"minecraft:cooked_porkchop":4,"minecraft:andesite":16,"minecraft:bucket":7,"minecraft:tropical_fish_bucket":1,"minecraft:bone_meal":27,"minecraft:sculk_catalyst":1,"minecraft:experience_bottle":1},"minecraft:killed":{"minecraft:spider":10,"minecraft:skeleton":18,"minecraft:drowned":4,"minecraft:pig":1,"minecraft:zombie_villager":1,"minecraft:creeper":2,"minecraft:sheep":2,"minecraft:pillager":2,"minecraft:zombie":20,"minecraft:cow":2},"minecraft:mined":{"minecraft:farmland":1,"minecraft:white_bed":11,"minecraft:oak_sapling":1,"minecraft:bamboo_fence":1,"minecraft:jungle_slab":80,"minecraft:jungle_leaves":421,"minecraft:bamboo_door":1,"minecraft:grass_block":40,"minecraft:jungle_planks":526,"minecraft:jungle_log":470,"minecraft:bamboo_block":23,"minecraft:sculk_catalyst":1,"minecraft:furnace":2,"minecraft:jungle_sapling":3,"minecraft:iron_ore":1,"minecraft:fire":20,"minecraft:pumpkin":4,"minecraft:gold_block":1,"minecraft:dirt_path":1,"minecraft:vine":147,"minecraft:oak_stairs":1,"minecraft:stripped_jungle_log":5,"minecraft:bamboo_sapling":20,"minecraft:bamboo":400,"minecraft:stone":65,"minecraft:bamboo_slab":12,"minecraft:podzol":1,"minecraft:kelp_plant":1,"minecraft:crafting_table":14,"minecraft:short_grass":108,"minecraft:melon":7,"minecraft:chest":1,"minecraft:cobblestone":1,"minecraft:copper_ore":14,"minecraft:oak_planks":14,"minecraft:bamboo_planks":24,"minecraft:birch_log":7,"minecraft:jungle_fence":16,"minecraft:coal_ore":1,"minecraft:oak_log":144,"minecraft:dirt":31,"minecraft:oak_leaves":157,"minecraft:fern":36},"minecraft:broken":{"minecraft:golden_helmet":1,"minecraft:golden_boots":2,"minecraft:stone_sword":3,"minecraft:leather_chestplate":1,"minecraft:golden_leggings":1,"minecraft:shield":2,"minecraft:golden_sword":1,"minecraft:golden_axe":2,"minecraft:iron_axe":5,"minecraft:stone_axe":2,"minecraft:iron_sword":1},"minecraft:picked_up":{"minecraft:fishing_rod":1,"minecraft:iron_chestplate":1,"minecraft:crafting_table":32,"minecraft:ominous_bottle":1,"minecraft:oak_stairs":2,"minecraft:gold_block":9,"minecraft:golden_shovel":9,"minecraft:shield":30,"minecraft:golden_sword":10,"minecraft:string":87,"minecraft:moss_carpet":2,"minecraft:raw_copper":344,"minecraft:iron_axe":21,"minecraft:flint_and_steel":23,"minecraft:experience_bottle":1,"minecraft:cobbled_deepslate":6,"minecraft:gold_nugget":1,"minecraft:bucket":3,"minecraft:beef":42,"minecraft:jungle_sapling":49,"minecraft:iron_nugget":67,"minecraft:iron_pickaxe":51,"minecraft:melon_slice":66,"minecraft:sugar_cane":3,"minecraft:chest":7,"minecraft:furnace":6,"minecraft:egg":1,"minecraft:golden_helmet":13,"minecraft:stick":274,"minecraft:jungle_door":6,"minecraft:oak_fence":84,"minecraft:torch":38,"minecraft:bamboo_slab":16,"minecraft:porkchop":13,"minecraft:golden_axe":3,"minecraft:bamboo_door":1,"minecraft:golden_chestplate":1,"minecraft:diamond_chestplate":1,"minecraft:bamboo_block":47,"minecraft:stone_sword":5,"minecraft:arrow":248,"minecraft:rotten_flesh":226,"minecraft:golden_hoe":10,"minecraft:gold_ingot":61,"minecraft:glow_berries":10,"minecraft:mutton":3,"minecraft:white_wool":23,"minecraft:cobblestone":745,"minecraft:birch_log":14,"minecraft:leather_chestplate":18,"minecraft:feather":67,"minecraft:cooked_beef":77,"minecraft:andesite":128,"minecraft:salmon":2,"minecraft:water_bucket":4,"minecraft:jungle_log":1672,"minecraft:leather":27,"minecraft:golden_leggings":12,"minecraft:powder_snow_bucket":4,"minecraft:jungle_fence":176,"minecraft:filled_map":3,"minecraft:birch_planks":123,"minecraft:flint":33,"minecraft:oak_log":256,"minecraft:golden_boots":34,"minecraft:gunpowder":56,"minecraft:wooden_hoe":2,"minecraft:map":4,"minecraft:dirt":1086,"minecraft:paper":2,"minecraft:cooked_mutton":19,"minecraft:bone":475,"minecraft:apple":6,"minecraft:bow":14,"minecraft:wheat_seeds":110,"minecraft:heart_of_the_sea":3,"minecraft:iron_ingot":1171,"minecraft:stone_pickaxe":2,"minecraft:cooked_chicken":1,"minecraft:bamboo":7803,"minecraft:iron_sword":19,"minecraft:oak_planks":45,"minecraft:sculk_catalyst":1,"minecraft:tropical_fish_bucket":4,"minecraft:bamboo_fence":1,"minecraft:bamboo_planks":259,"minecraft:pumpkin":5,"minecraft:axolotl_bucket":3,"minecraft:lava_bucket":2,"minecraft:gravel":239,"minecraft:jungle_planks":3013,"minecraft:white_bed":25,"minecraft:grass_block":1,"minecraft:spectral_arrow":22,"minecraft:jungle_slab":1841,"minecraft:spider_eye":19,"minecraft:leather_helmet":6,"minecraft:iron_hoe":1,"minecraft:stripped_jungle_log":5,"minecraft:diamond_shovel":20,"minecraft:pumpkin_seeds":47,"minecraft:stone_axe":9,"minecraft:bone_meal":52,"minecraft:chainmail_helmet":1,"minecraft:emerald":72,"minecraft:baked_potato":312,"minecraft:oak_sapling":49,"minecraft:coal":218,"minecraft:diamond_pickaxe":2},"minecraft:custom":{"minecraft:mob_kills":64,"minecraft:animals_bred":1,"minecraft:interact_with_crafting_table":68,"minecraft:bell_ring":4,"minecraft:leave_game":1,"minecraft:time_since_death":36752,"minecraft:climb_one_cm":81341,"minecraft:sprint_one_cm":1018193,"minecraft:walk_one_cm":1094770,"minecraft:damage_blocked_by_shield":8169,"minecraft:drop":95,"minecraft:play_time":437903,"minecraft:sneak_time":71339,"minecraft:deaths":47,"minecraft:walk_under_water_one_cm":53957,"minecraft:boat_one_cm":103608,"minecraft:jump":6013,"minecraft:walk_on_water_one_cm":37161,"minecraft:total_world_time":437903,"minecraft:interact_with_furnace":15,"minecraft:sleep_in_bed":21,"minecraft:time_since_rest":13168,"minecraft:damage_taken":18564,"minecraft:damage_dealt":11084,"minecraft:player_kills":3,"minecraft:swim_one_cm":80107,"minecraft:fly_one_cm":930181,"minecraft:open_chest":97,"minecraft:crouch_one_cm":230388,"minecraft:fall_one_cm":202031},"minecraft:crafted":{"minecraft:oak_planks":60,"minecraft:jungle_fence_gate":1,"minecraft:fishing_rod":1,"minecraft:bamboo_fence":9,"minecraft:furnace":2,"minecraft:bone_meal":33,"minecraft:bamboo_door":6,"minecraft:bamboo_block":270,"minecraft:iron_boots":1,"minecraft:iron_axe":7,"minecraft:iron_hoe":1,"minecraft:stone_pickaxe":1,"minecraft:chest":4,"minecraft:jungle_fence":24,"minecraft:cooked_beef":2,"minecraft:golden_axe":1,"minecraft:cooked_porkchop":5,"minecraft:crafting_table":10,"minecraft:jungle_boat":1,"minecraft:wooden_pickaxe":1,"minecraft:iron_sword":3,"minecraft:bucket":1,"minecraft:birch_planks":28,"minecraft:pumpkin_seeds":20,"minecraft:stone_axe":2,"minecraft:jungle_slab":438,"minecraft:air":0,"minecraft:jungle_planks":1444,"minecraft:bamboo_slab":30,"minecraft:bamboo_planks":284,"minecraft:iron_chestplate":1,"minecraft:shield":4,"minecraft:iron_leggings":1,"minecraft:stick":72,"minecraft:iron_ingot":49,"minecraft:iron_pickaxe":1,"minecraft:stone_sword":5,"minecraft:gold_ingot":5,"minecraft:white_bed":2,"minecraft:torch":68}},"DataVersion":3953}