{"stats":{"minecraft:killed_by":{"minecraft:player":2,"minecraft:creeper":1,"minecraft:zombie":2},"minecraft:used":{"minecraft:stone_sword":21,"minecraft:flint_and_steel":18,"minecraft:shield":26,"minecraft:cooked_chicken":1,"minecraft:dirt":69,"minecraft:jungle_planks":421,"minecraft:jungle_sapling":1,"minecraft:lava_bucket":1,"minecraft:grass_block":31,"minecraft:jungle_log":9,"minecraft:bamboo":8,"minecraft:golden_sword":11,"minecraft:furnace":3,"minecraft:powder_snow_bucket":1,"minecraft:bamboo_planks":2,"minecraft:golden_axe":21,"minecraft:cooked_mutton":4,"minecraft:water_bucket":4,"minecraft:birch_planks":20,"minecraft:stone_pickaxe":19,"minecraft:jungle_fence":7,"minecraft:oak_planks":3,"minecraft:wooden_pickaxe":10,"minecraft:white_wool":5,"minecraft:crafting_table":8,"minecraft:bamboo_block":1,"minecraft:white_bed":8,"minecraft:oak_log":1,"minecraft:melon_slice":19,"minecraft:iron_pickaxe":3,"minecraft:stone_axe":210,"minecraft:fire_charge":1,"minecraft:cooked_porkchop":4,"minecraft:bucket":7,"minecraft:tropical_fish_bucket":1,"minecraft:bone_meal":27},"minecraft:dropped":{"minecraft:water_bucket":3,"minecraft:wheat_seeds":8,"minecraft:leather":2,"minecraft:flint":4,"minecraft:lava_bucket":1,"minecraft:dirt":2,"minecraft:mutton":2,"minecraft:oak_stairs":1,"minecraft:gold_nugget":1,"minecraft:white_wool":2,"minecraft:tropical_fish_bucket":3,"minecraft:iron_nugget":16,"minecraft:wheat":7,"minecraft:powder_snow_bucket":3,"minecraft:wooden_pickaxe":1,"minecraft:beef":3},"minecraft:killed":{"minecraft:skeleton":3,"minecraft:drowned":2,"minecraft:pig":1,"minecraft:sheep":1,"minecraft:zombie":4,"minecraft:cow":1},"minecraft:crafted":{"minecraft:oak_planks":60,"minecraft:furnace":1,"minecraft:bone_meal":27,"minecraft:bamboo_block":15,"minecraft:stone_pickaxe":1,"minecraft:jungle_fence":24,"minecraft:cooked_porkchop":5,"minecraft:crafting_table":6,"minecraft:wooden_pickaxe":1,"minecraft:birch_planks":28,"minecraft:stone_axe":2,"minecraft:jungle_slab":30,"minecraft:air":0,"minecraft:jungle_planks":464,"minecraft:bamboo_planks":30,"minecraft:shield":1,"minecraft:stick":28,"minecraft:iron_ingot":1,"minecraft:iron_pickaxe":1,"minecraft:stone_sword":1,"minecraft:gold_ingot":5,"minecraft:white_bed":2},"minecraft:mined":{"minecraft:white_bed":8,"minecraft:jungle_leaves":16,"minecraft:grass_block":5,"minecraft:jungle_planks":95,"minecraft:jungle_log":16,"minecraft:bamboo_block":1,"minecraft:furnace":2,"minecraft:fire":14,"minecraft:gold_block":1,"minecraft:vine":20,"minecraft:oak_stairs":1,"minecraft:bamboo_sapling":1,"minecraft:bamboo":19,"minecraft:stone":22,"minecraft:crafting_table":4,"minecraft:short_grass":18,"minecraft:melon":6,"minecraft:copper_ore":4,"minecraft:oak_planks":1,"minecraft:bamboo_planks":2,"minecraft:birch_log":7,"minecraft:jungle_fence":7,"minecraft:oak_log":19,"minecraft:dirt":7,"minecraft:oak_leaves":19,"minecraft:fern":3},"minecraft:broken":{"minecraft:stone_axe":1},"minecraft:custom":{"minecraft:mob_kills":12,"minecraft:animals_bred":1,"minecraft:interact_with_crafting_table":17,"minecraft:time_since_death":22855,"minecraft:climb_one_cm":16796,"minecraft:sprint_one_cm":208698,"minecraft:walk_one_cm":229669,"minecraft:damage_blocked_by_shield":1553,"minecraft:drop":33,"minecraft:play_time":111180,"minecraft:deaths":10,"minecraft:sneak_time":15401,"minecraft:walk_under_water_one_cm":34074,"minecraft:boat_one_cm":103608,"minecraft:jump":1668,"minecraft:walk_on_water_one_cm":9525,"minecraft:total_world_time":111180,"minecraft:interact_with_furnace":9,"minecraft:sleep_in_bed":7,"minecraft:time_since_rest":13419,"minecraft:damage_taken":3577,"minecraft:damage_dealt":2783,"minecraft:player_kills":3,"minecraft:swim_one_cm":43644,"minecraft:fly_one_cm":225197,"minecraft:open_chest":5,"minecraft:crouch_one_cm":52252,"minecraft:fall_one_cm":39382},"minecraft:picked_up":{"minecraft:crafting_table":5,"minecraft:oak_stairs":2,"minecraft:gold_block":2,"minecraft:golden_shovel":5,"minecraft:shield":6,"minecraft:golden_sword":6,"minecraft:raw_copper":84,"minecraft:flint_and_steel":6,"minecraft:gold_nugget":1,"minecraft:beef":7,"minecraft:jungle_sapling":1,"minecraft:iron_nugget":40,"minecraft:iron_pickaxe":5,"minecraft:melon_slice":63,"minecraft:furnace":6,"minecraft:stick":29,"minecraft:porkchop":13,"minecraft:golden_axe":2,"minecraft:rotten_flesh":49,"minecraft:bamboo_block":1,"minecraft:stone_sword":2,"minecraft:arrow":17,"minecraft:golden_hoe":5,"minecraft:gold_ingot":15,"minecraft:mutton":2,"minecraft:white_wool":13,"minecraft:cobblestone":58,"minecraft:birch_log":14,"minecraft:salmon":2,"minecraft:water_bucket":4,"minecraft:jungle_log":432,"minecraft:leather":9,"minecraft:jungle_fence":5,"minecraft:powder_snow_bucket":4,"minecraft:filled_map":2,"minecraft:birch_planks":93,"minecraft:flint":4,"minecraft:oak_log":16,"minecraft:golden_boots":5,"minecraft:dirt":102,"minecraft:cooked_mutton":8,"minecraft:bone":14,"minecraft:wheat_seeds":41,"minecraft:cooked_chicken":1,"minecraft:stone_pickaxe":2,"minecraft:iron_ingot":22,"minecraft:bamboo":460,"minecraft:oak_planks":12,"minecraft:tropical_fish_bucket":4,"minecraft:bamboo_planks":32,"minecraft:lava_bucket":2,"minecraft:jungle_planks":205,"minecraft:white_bed":13,"minecraft:jungle_slab":30,"minecraft:spider_eye":2,"minecraft:stone_axe":6,"minecraft:emerald":72,"minecraft:coal":36}},"DataVersion":3953}