{"stats":{"minecraft:broken":{"minecraft:iron_chestplate":1,"minecraft:stone_axe":1,"iceandfire:armor_silver_metal_boots":1,"iceandfire:armor_silver_metal_leggings":1,"iceandfire:armor_silver_metal_helmet":1,"minecraft:shield":2,"minecraft:leather_boots":1},"minecraft:mined":{"minecraft:spruce_planks":6,"alexsmobs:leafcutter_anthill":1,"minecraft:brewing_stand":1,"minecraft:grass_block":2,"ecologics:coconut_leaves":1,"minecraft:coal_block":1,"minecraft:spawner":3,"undead_revamp2:bostroxore":1,"minecraft:cobbled_deepslate":31,"minecraft:fire":8,"minecraft:nether_brick_stairs":1,"minecraft:cave_vines":1,"minecraft:stripped_mangrove_wood":5,"minecraft:player_head":2,"minecraft:spruce_slab":9,"minecraft:tripwire":1,"luminousworld:creepbush":13,"minecraft:kelp_plant":2,"minecraft:yellow_banner":1,"iceandfire:dragon_ice_spikes":5,"minecraft:torch":3,"minecraft:blast_furnace":6,"minecraft:calcite":1,"quark:blossom_log":17,"minecraft:cobblestone":17,"minecraft:sugar_cane":2,"minecraft:oak_planks":6,"minecraft:amethyst_block":8,"placeablesmod:gold_apple_block":1,"ecologics:seashell":2,"minecraft:mud":2,"minecraft:wither_rose":1,"minecraft:grass":11,"minecraft:sand":7,"minecraft:dirt":4,"luminousworld:grassvariant_3":2,"minecraft:smooth_basalt":1,"minecraft:oak_leaves":2,"minecraft:deepslate":312,"minecraft:tuff":22,"iceandfire:silver_ore":6,"minecraft:mossy_cobblestone":3,"minecraft:dark_oak_fence":6,"luminousworld:mossbuds_2":1,"minecraft:black_banner":1,"minecraft:spruce_fence":1,"born_in_chaos_v1:black_argillite":2,"alexsmobs:leafcutter_ant_chamber":4,"luminousworld:blackberrybush":3,"ecologics:coconut_log":18,"minecraft:spruce_leaves":4,"luminousworld:groundpebbles_3":3,"luminousworld:sunset_petunias":3,"minecraft:furnace":1,"luminousworld:yellow_grassflowers":1,"minecraft:andesite":2,"luminousworld:mossbuds_3":2,"minecraft:bookshelf":8,"minecraft:vine":1,"minecraft:smooth_quartz_stairs":1,"minecraft:stone":191,"minecraft:cake":1,"luminousworld:soft_birch_log":3,"minecraft:oak_slab":1,"luminousworld:blueberrybush":3,"quark:lavender_blossom_leaves":9,"minecraft:oak_fence":2,"minecraft:crafting_table":18,"minecraft:tall_grass":2,"minecraft:copper_ore":1,"minecraft:lapis_ore":1,"supplementaries:urn":8,"minecraft:sweet_berry_bush":10,"minecraft:ice":2,"minecraft:birch_leaves":1,"luminousworld:ishstone":12,"minecraft:coal_ore":6,"iceandfire:silver_pile":32,"ecologics:hanging_coconut":1,"minecraft:gravel":2,"minecraft:cobweb":5,"minecraft:stone_bricks":3,"minecraft:fern":3},"minecraft:dropped":{"minecraft:iron_sword":1,"minecraft:brown_mushroom":5,"minecraft:glass_bottle":1,"minecraft:crafting_table":1,"minecraft:pitcher_pod":1,"minecraft:cod":1,"minecraft:emerald":3,"minecraft:dirt":8,"minecraft:dark_oak_fence":2,"minecraft:gold_nugget":25,"minecraft:bone_meal":2,"minecraft:sugar":4,"minecraft:iron_pickaxe":2,"iceandfire:armor_silver_metal_helmet":3,"minecraft:bone":5,"minecraft:stone_axe":1,"minecraft:iron_nugget":6,"minecraft:cobbled_deepslate":424,"born_in_chaos_v1:ethereal_spirit":3,"undead_revamp2:arapholia":1,"minecraft:rotten_flesh":1,"aether:leather_gloves":1,"minecraft:glowstone_dust":2,"minecraft:chiseled_stone_bricks":2,"supplementaries:flax_seeds":1,"supplementaries:ash":6,"iceandfire:armor_silver_boots":1,"minecraft:melon_seeds":1,"born_in_chaos_v1:corpse_maggot":7,"minecraft:spruce_slab":2,"minecraft:iron_ingot":1,"luminousworld:sunset_petunias":3,"minecraft:wheat_seeds":5,"luminousworld:ishstone":13,"minecraft:oak_fence":1,"minecraft:granite":22,"minecraft:mushroom_stew":1,"minecraft:polished_andesite":1,"minecraft:stick":4,"minecraft:pufferfish":1,"minecraft:diorite":40,"minecraft:ink_sac":1,"iceandfire:silver_sword":1,"tombstone:grave_dust":1,"minecraft:string":3,"minecraft:polished_deepslate":2,"minecraft:smooth_basalt":1,"iceandfire:earplugs":1,"minecraft:kelp":7,"minecraft:stone_sword":2,"luminousworld:soft_birch_log":3,"minecraft:bowl":2,"minecraft:tuff":22,"minecraft:flint_and_steel":1,"luminousworld:yellow_grassflowers":1,"minecraft:stone":1,"minecraft:bundle":5,"luminousworld:groundpebbles_1":6,"minecraft:andesite":50,"minecraft:stone_bricks":2,"minecraft:spider_eye":1,"minecraft:stone_pickaxe":4,"minecraft:calcite":1},"minecraft:used":{"minecraft:iron_shovel":1,"minecraft:spruce_slab":9,"minecraft:shield":158,"minecraft:stone":1,"minecraft:iron_sword":379,"ecologics:coconut_planks":25,"minecraft:rotten_flesh":42,"luminousworld:decorative_brown_2":1,"naturalist:cooked_bass":4,"born_in_chaos_v1:corpse_maggot":14,"minecraft:bow":9,"minecraft:sweet_berries":58,"minecraft:furnace":3,"minecraft:stone_pickaxe":3,"minecraft:gray_carpet":1,"minecraft:oak_planks":4,"luminousworld:groundpebbles_1":2,"naturalist:duck_egg":1,"minecraft:smooth_quartz_stairs":1,"minecraft:white_wool":2,"minecraft:golden_apple":1,"minecraft:stripped_mangrove_wood":5,"minecraft:sand":25,"minecraft:mushroom_stew":1,"minecraft:blast_furnace":2,"iceandfire:silver_axe":8,"luminousworld:creepberries":1,"minecraft:bread":36,"minecraft:string":1,"minecraft:gravel":1,"ecologics:coconut_slice":23,"born_in_chaos_v1:rotten_fish":1,"minecraft:andesite":3,"minecraft:chain":1,"minecraft:cobweb":17,"minecraft:oak_fence":1,"iceandfire:silver_sword":2,"minecraft:flint_and_steel":9,"born_in_chaos_v1:ethereal_spirit":2,"minecraft:spruce_planks":51,"born_in_chaos_v1:black_argillite":1,"vanillaplustools:stone_hammer":68,"minecraft:cooked_salmon":1,"born_in_chaos_v1:fried_maggot":1,"minecraft:torch":57,"minecraft:dirt":2,"minecraft:spruce_stairs":1,"minecraft:nether_brick_stairs":1,"quark:spruce_chest":1,"minecraft:golden_carrot":2,"ecologics:coconut_boat":3,"tombstone:gift":8,"minecraft:cooked_beef":7,"minecraft:acacia_planks":4,"minecraft:cobbled_deepslate":243,"naturalist:bass":1,"minecraft:cooked_mutton":7,"alexsmobs:cooked_catfish":1,"minecraft:bundle":1,"luminousworld:yellow_grassflowers":1,"minecraft:salmon":1,"minecraft:oak_slab":1,"minecraft:crafting_table":22,"minecraft:cake":1,"tombstone:bag_of_seeds":4,"minecraft:mud":1,"minecraft:apple":1,"minecraft:iron_pickaxe":192,"iceandfire:graveyard_soil":1,"minecraft:spruce_sapling":1,"minecraft:stone_axe":123,"minecraft:cobblestone":196,"minecraft:potion":3,"minecraft:purple_bed":2,"minecraft:cooked_porkchop":2,"minecraft:bucket":1,"minecraft:pumpkin_pie":5,"alexsmobs:animal_dictionary":3},"minecraft:picked_up":{"illagerinvasion:platinum_chunk":8,"minecraft:turtle_egg":1,"minecraft:potion":5,"minecraft:wither_rose":1,"minecraft:brewing_stand":1,"minecraft:amethyst_block":8,"born_in_chaos_v1:black_argillite":1,"minecraft:polished_deepslate":2,"iceandfire:manuscript":2,"minecraft:string":9,"minecraft:raw_copper":26,"minecraft:pufferfish":1,"minecraft:gold_nugget":27,"minecraft:cobbled_deepslate":564,"minecraft:spruce_planks":5,"minecraft:calcite":1,"minecraft:iron_pickaxe":1,"minecraft:coal_block":1,"alexsmobs:leafcutter_ant_chamber":14,"minecraft:smooth_quartz_stairs":1,"minecraft:iron_boots":1,"minecraft:furnace":2,"minecraft:stick":5,"minecraft:acacia_log":1,"minecraft:oak_fence":2,"ecologics:coconut_seedling":2,"minecraft:torch":13,"minecraft:spruce_stairs":1,"quark:blossom_log":15,"minecraft:porkchop":1,"tombstone:grave_dust":12,"minecraft:diorite":40,"quark:lavender_blossom_sapling":1,"minecraft:yellow_banner":1,"minecraft:stone_sword":1,"minecraft:rotten_flesh":44,"luminousworld:soft_birch_log":3,"luminousworld:yellow_grassflowers":2,"ecologics:coconut_log":16,"supplementaries:ash":5,"minecraft:obsidian":1,"minecraft:cod":1,"undead_revamp2:arapholia":1,"minecraft:cobblestone":281,"minecraft:cooked_beef":11,"minecraft:andesite":53,"ecologics:coconut_planks":84,"minecraft:potato":3,"minecraft:tuff":22,"minecraft:dirt":13,"minecraft:bone":13,"supplementaries:cartographers_quill":1,"minecraft:wheat_seeds":6,"minecraft:raw_gold":6,"minecraft:glowstone_dust":4,"alexsmobs:blobfish":1,"minecraft:honeycomb":1,"minecraft:oak_planks":4,"luminousworld:creepberries":11,"minecraft:sand":6,"ecologics:coconut_husk":12,"iceandfire:stymphalian_bird_feather":8,"minecraft:nether_brick_stairs":1,"sophisticatedbackpacks:iron_backpack":1,"minecraft:ink_sac":1,"naturalist:duck_egg":1,"minecraft:bundle":6,"minecraft:polished_andesite":3,"minecraft:sugar":7,"minecraft:granite":22,"minecraft:bone_meal":2,"minecraft:golden_apple":2,"minecraft:chainmail_helmet":1,"minecraft:bread":2,"minecraft:emerald":19,"minecraft:dark_oak_fence":4,"iceandfire:silver_nugget":428,"iceandfire:raw_silver":7,"minecraft:mud":1,"luminousworld:groundpebbles_1":8,"minecraft:crafting_table":17,"luminousworld:decorative_brown_2":1,"naturalist:venison":2,"minecraft:brown_mushroom":5,"ecologics:seashell":2,"ecologics:coconut_boat":1,"iceandfire:armor_silver_metal_leggings":1,"minecraft:player_head":2,"minecraft:iron_nugget":33,"minecraft:spruce_slab":9,"minecraft:sugar_cane":3,"iceandfire:ice_dragon_heart":1,"iceandfire:dragonbone":10,"minecraft:stripped_mangrove_wood":5,"minecraft:stone":2,"ecologics:coconut_slice":26,"minecraft:bowl":1,"alexsmobs:leafcutter_ant_pupa":2,"iceandfire:dragon_skull_ice":1,"iceandfire:silver_ingot":13,"minecraft:arrow":9,"iceandfire:dragonscales_silver":22,"born_in_chaos_v1:spiny_shell":1,"minecraft:black_banner":1,"minecraft:white_wool":2,"born_in_chaos_v1:fused_bone":2,"born_in_chaos_v1:corpse_maggot":29,"minecraft:air":0,"minecraft:golden_carrot":2,"minecraft:salmon":2,"luminousworld:ishstone":13,"minecraft:oak_log":1,"iceandfire:ectoplasm":4,"minecraft:gunpowder":2,"vanillaplustools:iron_hammer":1,"naturalist:bass":4,"minecraft:cooked_mutton":10,"minecraft:stone_bricks":2,"minecraft:apple":1,"minecraft:gray_carpet":1,"minecraft:kelp":7,"iceandfire:armor_silver_metal_helmet":1,"minecraft:stone_pickaxe":1,"minecraft:cobweb":1,"tombstone:bag_of_seeds":1,"minecraft:glass_bottle":1,"minecraft:iron_sword":5,"minecraft:book":21,"minecraft:oak_slab":1,"minecraft:smooth_basalt":1,"minecraft:sweet_berries":45,"minecraft:chiseled_stone_bricks":2,"born_in_chaos_v1:ethereal_spirit":3,"luminousworld:sunset_petunias":3,"minecraft:gravel":1,"minecraft:blast_furnace":9,"minecraft:spruce_sapling":1,"minecraft:spruce_log":3,"minecraft:spider_eye":1,"minecraft:purple_bed":2,"minecraft:slime_ball":15,"minecraft:stone_axe":1,"iceandfire:ice_dragon_flesh":2,"tombstone:magic_scroll":1,"minecraft:coal":18},"minecraft:killed":{"minecraft:witch":1,"born_in_chaos_v1:zombie_lumberjack":1,"undead_revamp2:thesmoker":1,"illagerinvasion:basher":1,"minecraft:skeleton":6,"luminousworld:dark_oak_skeleton":2,"alexsmobs:leafcutter_ant":2,"illagerinvasion:provoker":1,"earthmobsmod:zombified_rabbit":1,"minecraft:pillager":6,"minecraft:zombie":3,"born_in_chaos_v1:corpse_fly":17,"luminousworld:dark_oak_zombie":1,"born_in_chaos_v1:siamese_skeletonsleft":1,"undead_revamp2:theimmortal":3,"minecraft:vindicator":1,"luminousworld:sunken_skeleton":1,"undead_revamp2:bomber":1,"enemyexpansion:direwolf":2,"born_in_chaos_v1:zombie_bruiser":1,"naturalist:deer":1,"luminousworld:swamp_skeleton":1,"born_in_chaos_v1:barrel_zombie":2,"minecraft:husk":1,"creeperoverhaul:spruce_creeper":1,"undead_revamp2:the_moonflower":4,"born_in_chaos_v1:decrepit_skeleton":2,"iceandfire:ghost":8},"minecraft:crafted":{"minecraft:oak_planks":4,"iceandfire:armor_silver_boots":1,"naturalist:cooked_bass":4,"iceandfire:armor_silver_metal_chestplate":1,"iceandfire:armor_silver_metal_leggings":2,"alexsmobs:cooked_catfish":1,"iceandfire:silver_axe":1,"sophisticatedbackpacks:backpack":1,"minecraft:cooked_porkchop":2,"minecraft:crafting_table":7,"minecraft:spruce_planks":100,"iceandfire:earplugs":2,"minecraft:iron_chestplate":1,"minecraft:shield":3,"minecraft:stick":56,"minecraft:iron_ingot":4,"minecraft:iron_pickaxe":1,"minecraft:stone_sword":1,"iceandfire:silver_sword":1,"minecraft:coal":9,"vanillaplustools:stone_hammer":1,"ecologics:coconut_planks":28,"minecraft:furnace":1,"minecraft:leather":6,"born_in_chaos_v1:fried_maggot":1,"minecraft:stone_pickaxe":12,"iceandfire:armor_silver_metal_boots":1,"quark:spruce_chest":2,"ecologics:coconut_boat":1,"sophisticatedbackpacks:iron_backpack":1,"minecraft:cooked_beef":1,"iceandfire:silver_ingot":53,"minecraft:cooked_salmon":1,"sophisticatedbackpacks:gold_backpack":1,"minecraft:bucket":1,"minecraft:stone_axe":1,"minecraft:air":0,"iceandfire:armor_silver_metal_helmet":1,"minecraft:acacia_planks":4,"minecraft:torch":44},"minecraft:killed_by":{"minecraft:creeper":1,"iceandfire:siren":1,"born_in_chaos_v1:corpse_fly":1,"minecraft:vindicator":2,"iceandfire:ice_dragon":14,"minecraft:zombie":1,"minecraft:husk":2,"minecraft:player":4,"born_in_chaos_v1:decaying_zombie":1,"minecraft:skeleton":4,"enemyexpansion:wasp":1,"earthmobsmod:lobber_zombie":1,"born_in_chaos_v1:corpse_fish":1,"iceandfire:ghost":4,"undead_revamp2:thebeartamer":3},"minecraft:custom":{"minecraft:interact_with_crafting_table":70,"minecraft:open_barrel":30,"minecraft:eat_cake_slice":2,"minecraft:leave_game":5,"minecraft:time_since_death":10573,"minecraft:sprint_one_cm":470621,"minecraft:damage_blocked_by_shield":3675,"minecraft:drop":116,"minecraft:talked_to_villager":1,"minecraft:play_time":266045,"minecraft:deaths":43,"minecraft:jump":2808,"minecraft:walk_on_water_one_cm":113929,"minecraft:interact_with_furnace":22,"minecraft:sleep_in_bed":3,"minecraft:damage_dealt":20906,"minecraft:player_kills":2,"minecraft:crouch_one_cm":26277,"tombstone:undead_killed":39,"minecraft:mob_kills":76,"minecraft:climb_one_cm":5184,"minecraft:walk_one_cm":537332,"minecraft:sneak_time":8593,"minecraft:walk_under_water_one_cm":92688,"minecraft:boat_one_cm":186914,"minecraft:interact_with_blast_furnace":16,"minecraft:total_world_time":266045,"tombstone:raider_killed":10,"minecraft:interact_with_stonecutter":1,"minecraft:time_since_rest":10353,"minecraft:damage_taken":17615,"minecraft:damage_absorbed":40,"minecraft:trigger_trapped_chest":7,"tombstone:cast_on_ally":1,"minecraft:swim_one_cm":95439,"minecraft:fly_one_cm":424417,"minecraft:open_chest":69,"minecraft:fall_one_cm":54554}},"DataVersion":3465}