{"stats":{"minecraft:killed_by":{"minecraft:player":2,"minecraft:creeper":1,"minecraft:enderman":1,"minecraft:skeleton":7,"minecraft:zombie":6},"minecraft:used":{"minecraft:stone_sword":260,"minecraft:flint_and_steel":18,"minecraft:chest":3,"minecraft:shield":67,"minecraft:iron_sword":160,"minecraft:rotten_flesh":29,"minecraft:cooked_chicken":1,"minecraft:dirt":84,"minecraft:jungle_planks":613,"minecraft:jungle_slab":149,"minecraft:jungle_sapling":9,"minecraft:lava_bucket":1,"minecraft:iron_axe":401,"minecraft:grass_block":31,"minecraft:jungle_log":11,"minecraft:bamboo":13,"minecraft:golden_sword":29,"minecraft:bow":10,"minecraft:oak_sapling":2,"minecraft:furnace":4,"minecraft:cooked_beef":13,"minecraft:powder_snow_bucket":1,"minecraft:bamboo_planks":2,"minecraft:golden_axe":40,"minecraft:golden_boots":1,"minecraft:cooked_mutton":4,"minecraft:water_bucket":4,"minecraft:birch_planks":20,"minecraft:stone_pickaxe":19,"minecraft:jungle_fence":16,"minecraft:oak_planks":3,"minecraft:wooden_pickaxe":10,"minecraft:white_wool":5,"minecraft:crafting_table":12,"minecraft:bamboo_block":1,"minecraft:white_bed":10,"minecraft:oak_log":4,"minecraft:melon_slice":22,"minecraft:iron_pickaxe":24,"minecraft:gravel":6,"minecraft:stone_axe":261,"minecraft:fire_charge":1,"minecraft:cobblestone":5,"minecraft:cooked_porkchop":4,"minecraft:bucket":7,"minecraft:tropical_fish_bucket":1,"minecraft:bone_meal":27,"minecraft:experience_bottle":1},"minecraft:dropped":{"minecraft:water_bucket":3,"minecraft:wheat_seeds":11,"minecraft:jungle_fence":18,"minecraft:leather":2,"minecraft:jungle_planks":2,"minecraft:stick":2,"minecraft:flint":4,"minecraft:lava_bucket":1,"minecraft:dirt":93,"minecraft:wooden_hoe":2,"minecraft:mutton":2,"minecraft:map":1,"minecraft:oak_stairs":1,"minecraft:gold_nugget":1,"minecraft:iron_pickaxe":1,"minecraft:white_wool":2,"minecraft:tropical_fish_bucket":3,"minecraft:gravel":6,"minecraft:jungle_fence_gate":1,"minecraft:iron_nugget":32,"minecraft:wheat":7,"minecraft:oak_planks":4,"minecraft:pumpkin_seeds":27,"minecraft:flint_and_steel":1,"minecraft:powder_snow_bucket":3,"minecraft:spider_eye":1,"minecraft:bamboo":3,"minecraft:wooden_pickaxe":1,"minecraft:beef":3},"minecraft:killed":{"minecraft:spider":1,"minecraft:skeleton":8,"minecraft:drowned":2,"minecraft:pig":1,"minecraft:zombie_villager":1,"minecraft:creeper":1,"minecraft:sheep":1,"minecraft:zombie":16,"minecraft:cow":2},"minecraft:crafted":{"minecraft:oak_planks":60,"minecraft:jungle_fence_gate":1,"minecraft:furnace":2,"minecraft:bone_meal":33,"minecraft:bamboo_block":15,"minecraft:iron_axe":3,"minecraft:stone_pickaxe":1,"minecraft:chest":2,"minecraft:jungle_fence":24,"minecraft:cooked_beef":2,"minecraft:cooked_porkchop":5,"minecraft:crafting_table":8,"minecraft:wooden_pickaxe":1,"minecraft:iron_sword":1,"minecraft:pumpkin_seeds":20,"minecraft:birch_planks":28,"minecraft:stone_axe":2,"minecraft:jungle_slab":408,"minecraft:air":0,"minecraft:jungle_planks":756,"minecraft:bamboo_planks":30,"minecraft:shield":2,"minecraft:stick":40,"minecraft:iron_ingot":1,"minecraft:iron_pickaxe":1,"minecraft:stone_sword":5,"minecraft:gold_ingot":5,"minecraft:white_bed":2},"minecraft:mined":{"minecraft:white_bed":9,"minecraft:jungle_slab":24,"minecraft:jungle_leaves":151,"minecraft:grass_block":5,"minecraft:jungle_planks":125,"minecraft:jungle_log":181,"minecraft:bamboo_block":1,"minecraft:furnace":2,"minecraft:jungle_sapling":1,"minecraft:fire":14,"minecraft:pumpkin":4,"minecraft:gold_block":1,"minecraft:vine":91,"minecraft:oak_stairs":1,"minecraft:bamboo_sapling":1,"minecraft:bamboo":389,"minecraft:stone":40,"minecraft:podzol":1,"minecraft:kelp_plant":1,"minecraft:crafting_table":7,"minecraft:short_grass":81,"minecraft:melon":7,"minecraft:chest":1,"minecraft:copper_ore":4,"minecraft:oak_planks":1,"minecraft:bamboo_planks":2,"minecraft:birch_log":7,"minecraft:jungle_fence":12,"minecraft:oak_log":22,"minecraft:dirt":7,"minecraft:oak_leaves":59,"minecraft:fern":29},"minecraft:broken":{"minecraft:stone_sword":3,"minecraft:golden_sword":1,"minecraft:golden_axe":1,"minecraft:iron_axe":1,"minecraft:stone_axe":2},"minecraft:custom":{"minecraft:mob_kills":34,"minecraft:animals_bred":1,"minecraft:interact_with_crafting_table":34,"minecraft:time_since_death":10686,"minecraft:climb_one_cm":46518,"minecraft:sprint_one_cm":473459,"minecraft:walk_one_cm":495769,"minecraft:damage_blocked_by_shield":4799,"minecraft:drop":61,"minecraft:play_time":219180,"minecraft:deaths":23,"minecraft:sneak_time":32691,"minecraft:walk_under_water_one_cm":48812,"minecraft:boat_one_cm":103608,"minecraft:jump":3131,"minecraft:walk_on_water_one_cm":27145,"minecraft:total_world_time":219180,"minecraft:interact_with_furnace":12,"minecraft:sleep_in_bed":11,"minecraft:time_since_rest":10713,"minecraft:damage_taken":8697,"minecraft:damage_dealt":6523,"minecraft:player_kills":3,"minecraft:swim_one_cm":67083,"minecraft:fly_one_cm":456945,"minecraft:open_chest":26,"minecraft:crouch_one_cm":101203,"minecraft:fall_one_cm":94888},"minecraft:picked_up":{"minecraft:crafting_table":19,"minecraft:oak_stairs":2,"minecraft:gold_block":7,"minecraft:golden_shovel":9,"minecraft:shield":15,"minecraft:golden_sword":10,"minecraft:string":14,"minecraft:raw_copper":180,"minecraft:iron_axe":6,"minecraft:flint_and_steel":17,"minecraft:experience_bottle":1,"minecraft:gold_nugget":1,"minecraft:beef":18,"minecraft:jungle_sapling":14,"minecraft:iron_nugget":64,"minecraft:iron_pickaxe":25,"minecraft:melon_slice":66,"minecraft:chest":1,"minecraft:furnace":6,"minecraft:stick":66,"minecraft:oak_fence":36,"minecraft:porkchop":13,"minecraft:golden_axe":3,"minecraft:rotten_flesh":110,"minecraft:bamboo_block":35,"minecraft:stone_sword":5,"minecraft:arrow":63,"minecraft:golden_hoe":10,"minecraft:gold_ingot":40,"minecraft:mutton":2,"minecraft:white_wool":20,"minecraft:cobblestone":127,"minecraft:birch_log":14,"minecraft:feather":65,"minecraft:cooked_beef":46,"minecraft:salmon":2,"minecraft:water_bucket":4,"minecraft:jungle_log":742,"minecraft:leather":15,"minecraft:jungle_fence":172,"minecraft:powder_snow_bucket":4,"minecraft:filled_map":3,"minecraft:birch_planks":123,"minecraft:flint":7,"minecraft:oak_log":19,"minecraft:golden_boots":17,"minecraft:gunpowder":9,"minecraft:wooden_hoe":2,"minecraft:map":4,"minecraft:dirt":385,"minecraft:cooked_mutton":8,"minecraft:bone":40,"minecraft:bow":5,"minecraft:wheat_seeds":82,"minecraft:cooked_chicken":1,"minecraft:stone_pickaxe":2,"minecraft:iron_ingot":315,"minecraft:bamboo":4378,"minecraft:iron_sword":7,"minecraft:oak_planks":20,"minecraft:tropical_fish_bucket":4,"minecraft:bamboo_planks":242,"minecraft:pumpkin":5,"minecraft:gravel":95,"minecraft:lava_bucket":2,"minecraft:jungle_planks":861,"minecraft:white_bed":23,"minecraft:jungle_slab":1081,"minecraft:spider_eye":5,"minecraft:diamond_shovel":8,"minecraft:pumpkin_seeds":47,"minecraft:stone_axe":9,"minecraft:bone_meal":42,"minecraft:emerald":72,"minecraft:oak_sapling":7,"minecraft:coal":80}},"DataVersion":3953}