{"stats":{"minecraft:used":{"minecraft:oak_log":1,"minecraft:lava_bucket":1,"minecraft:dirt":1,"minecraft:bucket":7,"minecraft:tropical_fish_bucket":1,"minecraft:golden_axe":13,"minecraft:powder_snow_bucket":1,"minecraft:water_bucket":4},"minecraft:dropped":{"minecraft:water_bucket":3,"minecraft:wheat_seeds":1,"minecraft:powder_snow_bucket":3,"minecraft:tropical_fish_bucket":3,"minecraft:lava_bucket":1},"minecraft:mined":{"minecraft:grass_block":4,"minecraft:oak_log":5,"minecraft:oak_leaves":10},"minecraft:custom":{"minecraft:time_since_rest":3921,"minecraft:crouch_one_cm":695,"minecraft:walk_one_cm":23415,"minecraft:play_time":9180,"minecraft:sprint_one_cm":13906,"minecraft:damage_taken":502,"minecraft:deaths":2,"minecraft:sneak_time":322,"minecraft:walk_under_water_one_cm":2709,"minecraft:drop":11,"minecraft:jump":213,"minecraft:damage_dealt":572,"minecraft:time_since_death":3855,"minecraft:walk_on_water_one_cm":2914,"minecraft:total_world_time":9180,"minecraft:swim_one_cm":4595,"minecraft:fall_one_cm":5633,"minecraft:fly_one_cm":17576,"minecraft:player_kills":3},"minecraft:picked_up":{"minecraft:tropical_fish_bucket":4,"minecraft:crafting_table":1,"minecraft:stick":18,"minecraft:salmon":1,"minecraft:water_bucket":4,"minecraft:wheat_seeds":1,"minecraft:powder_snow_bucket":4,"minecraft:lava_bucket":2,"minecraft:golden_axe":2,"minecraft:oak_log":5,"minecraft:oak_planks":12,"minecraft:dirt":12}},"DataVersion":3953}