{"stats":{"minecraft:killed_by":{"minecraft:player":2,"minecraft:creeper":1,"minecraft:enderman":1,"minecraft:skeleton":5,"minecraft:zombie":6},"minecraft:used":{"minecraft:stone_sword":260,"minecraft:flint_and_steel":18,"minecraft:chest":3,"minecraft:shield":41,"minecraft:iron_sword":125,"minecraft:rotten_flesh":8,"minecraft:cooked_chicken":1,"minecraft:dirt":84,"minecraft:jungle_planks":598,"minecraft:jungle_slab":142,"minecraft:jungle_sapling":1,"minecraft:lava_bucket":1,"minecraft:iron_axe":167,"minecraft:grass_block":31,"minecraft:jungle_log":10,"minecraft:bamboo":8,"minecraft:golden_sword":29,"minecraft:bow":3,"minecraft:furnace":3,"minecraft:powder_snow_bucket":1,"minecraft:bamboo_planks":2,"minecraft:golden_axe":21,"minecraft:cooked_mutton":4,"minecraft:water_bucket":4,"minecraft:birch_planks":20,"minecraft:stone_pickaxe":19,"minecraft:jungle_fence":16,"minecraft:oak_planks":3,"minecraft:wooden_pickaxe":10,"minecraft:white_wool":5,"minecraft:crafting_table":11,"minecraft:bamboo_block":1,"minecraft:white_bed":10,"minecraft:oak_log":1,"minecraft:melon_slice":22,"minecraft:iron_pickaxe":6,"minecraft:stone_axe":261,"minecraft:fire_charge":1,"minecraft:cobblestone":5,"minecraft:cooked_porkchop":4,"minecraft:bucket":7,"minecraft:tropical_fish_bucket":1,"minecraft:bone_meal":27,"minecraft:experience_bottle":1},"minecraft:dropped":{"minecraft:water_bucket":3,"minecraft:wheat_seeds":11,"minecraft:leather":2,"minecraft:jungle_planks":2,"minecraft:stick":2,"minecraft:flint":4,"minecraft:lava_bucket":1,"minecraft:dirt":93,"minecraft:mutton":2,"minecraft:map":1,"minecraft:oak_stairs":1,"minecraft:gold_nugget":1,"minecraft:white_wool":2,"minecraft:tropical_fish_bucket":3,"minecraft:gravel":6,"minecraft:iron_nugget":32,"minecraft:wheat":7,"minecraft:oak_planks":4,"minecraft:flint_and_steel":1,"minecraft:powder_snow_bucket":3,"minecraft:spider_eye":1,"minecraft:bamboo":2,"minecraft:wooden_pickaxe":1,"minecraft:beef":3},"minecraft:killed":{"minecraft:skeleton":5,"minecraft:drowned":2,"minecraft:pig":1,"minecraft:zombie_villager":1,"minecraft:sheep":1,"minecraft:zombie":11,"minecraft:cow":1},"minecraft:crafted":{"minecraft:oak_planks":60,"minecraft:furnace":1,"minecraft:bone_meal":33,"minecraft:bamboo_block":15,"minecraft:iron_axe":2,"minecraft:stone_pickaxe":1,"minecraft:chest":2,"minecraft:jungle_fence":24,"minecraft:cooked_porkchop":5,"minecraft:crafting_table":8,"minecraft:wooden_pickaxe":1,"minecraft:iron_sword":1,"minecraft:birch_planks":28,"minecraft:stone_axe":2,"minecraft:jungle_slab":192,"minecraft:air":0,"minecraft:jungle_planks":748,"minecraft:bamboo_planks":30,"minecraft:shield":2,"minecraft:stick":36,"minecraft:iron_ingot":1,"minecraft:iron_pickaxe":1,"minecraft:stone_sword":5,"minecraft:gold_ingot":5,"minecraft:white_bed":2},"minecraft:mined":{"minecraft:white_bed":9,"minecraft:jungle_slab":24,"minecraft:jungle_leaves":94,"minecraft:grass_block":5,"minecraft:jungle_planks":117,"minecraft:jungle_log":28,"minecraft:bamboo_block":1,"minecraft:furnace":2,"minecraft:fire":14,"minecraft:gold_block":1,"minecraft:vine":47,"minecraft:oak_stairs":1,"minecraft:bamboo_sapling":1,"minecraft:bamboo":387,"minecraft:stone":22,"minecraft:podzol":1,"minecraft:crafting_table":6,"minecraft:short_grass":81,"minecraft:melon":7,"minecraft:chest":1,"minecraft:copper_ore":4,"minecraft:oak_planks":1,"minecraft:bamboo_planks":2,"minecraft:birch_log":7,"minecraft:jungle_fence":12,"minecraft:oak_log":19,"minecraft:dirt":7,"minecraft:oak_leaves":26,"minecraft:fern":28},"minecraft:broken":{"minecraft:stone_sword":3,"minecraft:golden_sword":1,"minecraft:stone_axe":2},"minecraft:custom":{"minecraft:mob_kills":22,"minecraft:animals_bred":1,"minecraft:interact_with_crafting_table":27,"minecraft:time_since_death":4437,"minecraft:climb_one_cm":32310,"minecraft:sprint_one_cm":351551,"minecraft:walk_one_cm":383026,"minecraft:damage_blocked_by_shield":2636,"minecraft:drop":47,"minecraft:play_time":183180,"minecraft:deaths":21,"minecraft:sneak_time":27454,"minecraft:walk_under_water_one_cm":44012,"minecraft:boat_one_cm":103608,"minecraft:jump":2407,"minecraft:walk_on_water_one_cm":21862,"minecraft:total_world_time":183180,"minecraft:interact_with_furnace":9,"minecraft:sleep_in_bed":10,"minecraft:time_since_rest":3482,"minecraft:damage_taken":6675,"minecraft:damage_dealt":4572,"minecraft:player_kills":3,"minecraft:swim_one_cm":62400,"minecraft:fly_one_cm":339429,"minecraft:open_chest":18,"minecraft:crouch_one_cm":86979,"minecraft:fall_one_cm":67812},"minecraft:picked_up":{"minecraft:crafting_table":14,"minecraft:oak_stairs":2,"minecraft:gold_block":5,"minecraft:golden_shovel":9,"minecraft:shield":13,"minecraft:golden_sword":10,"minecraft:string":8,"minecraft:raw_copper":180,"minecraft:iron_axe":4,"minecraft:flint_and_steel":15,"minecraft:experience_bottle":1,"minecraft:gold_nugget":1,"minecraft:beef":7,"minecraft:jungle_sapling":6,"minecraft:iron_nugget":64,"minecraft:iron_pickaxe":20,"minecraft:melon_slice":66,"minecraft:chest":1,"minecraft:furnace":6,"minecraft:stick":50,"minecraft:porkchop":13,"minecraft:golden_axe":2,"minecraft:rotten_flesh":66,"minecraft:bamboo_block":35,"minecraft:stone_sword":5,"minecraft:arrow":52,"minecraft:golden_hoe":10,"minecraft:gold_ingot":30,"minecraft:mutton":2,"minecraft:white_wool":20,"minecraft:cobblestone":85,"minecraft:birch_log":14,"minecraft:feather":26,"minecraft:salmon":2,"minecraft:water_bucket":4,"minecraft:jungle_log":544,"minecraft:leather":15,"minecraft:jungle_fence":172,"minecraft:powder_snow_bucket":4,"minecraft:filled_map":3,"minecraft:birch_planks":123,"minecraft:flint":4,"minecraft:oak_log":16,"minecraft:golden_boots":15,"minecraft:map":4,"minecraft:dirt":355,"minecraft:cooked_mutton":8,"minecraft:bone":26,"minecraft:bow":3,"minecraft:wheat_seeds":67,"minecraft:cooked_chicken":1,"minecraft:stone_pickaxe":2,"minecraft:iron_ingot":241,"minecraft:bamboo":4311,"minecraft:iron_sword":5,"minecraft:oak_planks":20,"minecraft:tropical_fish_bucket":4,"minecraft:bamboo_planks":242,"minecraft:gravel":12,"minecraft:lava_bucket":2,"minecraft:jungle_planks":845,"minecraft:white_bed":23,"minecraft:jungle_slab":678,"minecraft:spider_eye":5,"minecraft:diamond_shovel":6,"minecraft:stone_axe":9,"minecraft:bone_meal":18,"minecraft:emerald":72,"minecraft:coal":72}},"DataVersion":3953}