{"stats":{"minecraft:dropped":{"minecraft:water_bucket":3,"minecraft:wheat_seeds":16,"minecraft:ominous_bottle":1,"minecraft:cooked_beef":1,"minecraft:baked_potato":8,"minecraft:jungle_fence":18,"minecraft:glow_berries":5,"minecraft:leather":2,"minecraft:jungle_planks":2,"minecraft:flint":4,"minecraft:stick":2,"minecraft:lava_bucket":1,"minecraft:dirt":123,"minecraft:wooden_hoe":2,"minecraft:mutton":2,"minecraft:map":1,"minecraft:jungle_sapling":1,"minecraft:oak_stairs":1,"minecraft:gold_nugget":1,"minecraft:bone_meal":10,"minecraft:heart_of_the_sea":1,"minecraft:iron_pickaxe":1,"minecraft:white_wool":2,"minecraft:tropical_fish_bucket":3,"minecraft:bone":15,"minecraft:gravel":32,"minecraft:jungle_fence_gate":1,"minecraft:iron_nugget":32,"minecraft:wheat":7,"minecraft:rotten_flesh":4,"minecraft:oak_planks":4,"minecraft:pumpkin_seeds":27,"minecraft:flint_and_steel":1,"minecraft:powder_snow_bucket":3,"minecraft:iron_chestplate":2,"minecraft:oak_sapling":5,"minecraft:spider_eye":1,"minecraft:bamboo":3,"minecraft:wooden_pickaxe":1,"minecraft:beef":3},"minecraft:killed_by":{"minecraft:player":3,"minecraft:creeper":3,"minecraft:spider":1,"minecraft:enderman":1,"minecraft:skeleton":9,"minecraft:zombie":6},"minecraft:used":{"minecraft:stone_sword":260,"minecraft:flint_and_steel":24,"minecraft:chest":3,"minecraft:shield":89,"minecraft:iron_sword":234,"minecraft:cooked_chicken":1,"minecraft:rotten_flesh":35,"minecraft:dirt":87,"minecraft:jungle_planks":992,"minecraft:jungle_slab":300,"minecraft:jungle_sapling":16,"minecraft:lava_bucket":1,"minecraft:iron_axe":978,"minecraft:grass_block":31,"minecraft:jungle_log":50,"minecraft:golden_sword":29,"minecraft:bamboo":426,"minecraft:bow":18,"minecraft:oak_sapling":5,"minecraft:furnace":4,"minecraft:egg":1,"minecraft:cooked_beef":22,"minecraft:powder_snow_bucket":1,"minecraft:golden_axe":72,"minecraft:bamboo_planks":2,"minecraft:golden_boots":1,"minecraft:cooked_mutton":4,"minecraft:water_bucket":4,"minecraft:baked_potato":23,"minecraft:birch_planks":20,"minecraft:oak_planks":4,"minecraft:stone_pickaxe":19,"minecraft:jungle_fence":16,"minecraft:wooden_pickaxe":10,"minecraft:white_wool":5,"minecraft:glow_berries":5,"minecraft:crafting_table":18,"minecraft:bamboo_block":1,"minecraft:white_bed":12,"minecraft:oak_log":4,"minecraft:diamond_shovel":2,"minecraft:melon_slice":22,"minecraft:iron_pickaxe":37,"minecraft:gravel":6,"minecraft:golden_leggings":1,"minecraft:stone_axe":261,"minecraft:fire_charge":1,"minecraft:cobblestone":5,"minecraft:cooked_porkchop":4,"minecraft:bucket":7,"minecraft:tropical_fish_bucket":1,"minecraft:bone_meal":27,"minecraft:sculk_catalyst":1,"minecraft:experience_bottle":1},"minecraft:killed":{"minecraft:spider":6,"minecraft:skeleton":13,"minecraft:drowned":4,"minecraft:pig":1,"minecraft:zombie_villager":1,"minecraft:creeper":1,"minecraft:sheep":1,"minecraft:pillager":2,"minecraft:zombie":19,"minecraft:cow":2},"minecraft:mined":{"minecraft:white_bed":11,"minecraft:jungle_slab":78,"minecraft:jungle_leaves":383,"minecraft:grass_block":5,"minecraft:jungle_planks":374,"minecraft:jungle_log":350,"minecraft:bamboo_block":1,"minecraft:sculk_catalyst":1,"minecraft:furnace":2,"minecraft:jungle_sapling":1,"minecraft:iron_ore":1,"minecraft:fire":20,"minecraft:pumpkin":4,"minecraft:gold_block":1,"minecraft:vine":119,"minecraft:oak_stairs":1,"minecraft:stripped_jungle_log":5,"minecraft:bamboo_sapling":20,"minecraft:bamboo":400,"minecraft:stone":41,"minecraft:podzol":1,"minecraft:kelp_plant":1,"minecraft:crafting_table":11,"minecraft:short_grass":106,"minecraft:melon":7,"minecraft:chest":1,"minecraft:copper_ore":14,"minecraft:oak_planks":6,"minecraft:bamboo_planks":2,"minecraft:birch_log":7,"minecraft:jungle_fence":12,"minecraft:oak_log":33,"minecraft:dirt":8,"minecraft:oak_leaves":96,"minecraft:fern":34},"minecraft:broken":{"minecraft:golden_boots":1,"minecraft:stone_sword":3,"minecraft:shield":1,"minecraft:golden_sword":1,"minecraft:golden_axe":2,"minecraft:iron_axe":3,"minecraft:stone_axe":2,"minecraft:iron_sword":1},"minecraft:picked_up":{"minecraft:iron_chestplate":1,"minecraft:crafting_table":23,"minecraft:ominous_bottle":1,"minecraft:oak_stairs":2,"minecraft:gold_block":9,"minecraft:golden_shovel":9,"minecraft:shield":18,"minecraft:golden_sword":10,"minecraft:string":27,"minecraft:raw_copper":212,"minecraft:iron_axe":10,"minecraft:flint_and_steel":21,"minecraft:experience_bottle":1,"minecraft:gold_nugget":1,"minecraft:beef":30,"minecraft:jungle_sapling":27,"minecraft:iron_nugget":64,"minecraft:iron_pickaxe":34,"minecraft:melon_slice":66,"minecraft:chest":1,"minecraft:furnace":6,"minecraft:egg":1,"minecraft:golden_helmet":4,"minecraft:stick":177,"minecraft:oak_fence":84,"minecraft:porkchop":13,"minecraft:golden_axe":3,"minecraft:golden_chestplate":1,"minecraft:bamboo_block":35,"minecraft:stone_sword":5,"minecraft:arrow":71,"minecraft:rotten_flesh":128,"minecraft:golden_hoe":10,"minecraft:gold_ingot":53,"minecraft:glow_berries":10,"minecraft:mutton":2,"minecraft:white_wool":20,"minecraft:cobblestone":176,"minecraft:birch_log":14,"minecraft:leather_chestplate":4,"minecraft:feather":67,"minecraft:cooked_beef":56,"minecraft:salmon":2,"minecraft:water_bucket":4,"minecraft:jungle_log":1401,"minecraft:leather":15,"minecraft:golden_leggings":4,"minecraft:powder_snow_bucket":4,"minecraft:jungle_fence":172,"minecraft:filled_map":3,"minecraft:birch_planks":123,"minecraft:flint":33,"minecraft:oak_log":30,"minecraft:golden_boots":21,"minecraft:gunpowder":23,"minecraft:wooden_hoe":2,"minecraft:map":4,"minecraft:dirt":423,"minecraft:cooked_mutton":8,"minecraft:bone":66,"minecraft:bow":9,"minecraft:wheat_seeds":92,"minecraft:heart_of_the_sea":3,"minecraft:iron_ingot":436,"minecraft:stone_pickaxe":2,"minecraft:cooked_chicken":1,"minecraft:bamboo":4795,"minecraft:iron_sword":11,"minecraft:oak_planks":23,"minecraft:sculk_catalyst":1,"minecraft:tropical_fish_bucket":4,"minecraft:bamboo_planks":242,"minecraft:pumpkin":5,"minecraft:lava_bucket":2,"minecraft:gravel":164,"minecraft:jungle_planks":1496,"minecraft:white_bed":25,"minecraft:jungle_slab":1735,"minecraft:spider_eye":7,"minecraft:leather_helmet":2,"minecraft:stripped_jungle_log":5,"minecraft:diamond_shovel":12,"minecraft:pumpkin_seeds":47,"minecraft:stone_axe":9,"minecraft:bone_meal":52,"minecraft:emerald":72,"minecraft:baked_potato":142,"minecraft:oak_sapling":18,"minecraft:coal":88},"minecraft:custom":{"minecraft:mob_kills":52,"minecraft:animals_bred":1,"minecraft:interact_with_crafting_table":43,"minecraft:leave_game":1,"minecraft:time_since_death":42601,"minecraft:climb_one_cm":63080,"minecraft:sprint_one_cm":685334,"minecraft:walk_one_cm":787456,"minecraft:damage_blocked_by_shield":6154,"minecraft:drop":95,"minecraft:play_time":329903,"minecraft:sneak_time":52634,"minecraft:deaths":31,"minecraft:walk_under_water_one_cm":52206,"minecraft:boat_one_cm":103608,"minecraft:jump":4407,"minecraft:walk_on_water_one_cm":32421,"minecraft:total_world_time":329903,"minecraft:interact_with_furnace":12,"minecraft:sleep_in_bed":16,"minecraft:time_since_rest":3692,"minecraft:damage_taken":12885,"minecraft:damage_dealt":9124,"minecraft:player_kills":3,"minecraft:swim_one_cm":80107,"minecraft:fly_one_cm":659123,"minecraft:open_chest":43,"minecraft:crouch_one_cm":163271,"minecraft:fall_one_cm":139931},"minecraft:crafted":{"minecraft:oak_planks":60,"minecraft:jungle_fence_gate":1,"minecraft:furnace":2,"minecraft:bone_meal":33,"minecraft:bamboo_block":15,"minecraft:iron_axe":5,"minecraft:stone_pickaxe":1,"minecraft:chest":2,"minecraft:jungle_fence":24,"minecraft:cooked_beef":2,"minecraft:golden_axe":1,"minecraft:cooked_porkchop":5,"minecraft:crafting_table":9,"minecraft:wooden_pickaxe":1,"minecraft:iron_sword":2,"minecraft:birch_planks":28,"minecraft:pumpkin_seeds":20,"minecraft:stone_axe":2,"minecraft:jungle_slab":426,"minecraft:air":0,"minecraft:jungle_planks":1100,"minecraft:bamboo_planks":30,"minecraft:iron_chestplate":1,"minecraft:shield":3,"minecraft:stick":40,"minecraft:iron_ingot":1,"minecraft:iron_pickaxe":1,"minecraft:stone_sword":5,"minecraft:gold_ingot":5,"minecraft:white_bed":2}},"DataVersion":3953}